P1_decision,P2_decision,P3_decision,P4_decision,P5_decision,P6_decision,P7_decision,P8_decision,all_participants_reached_decision,atomicity_violation,completed,consistent,coordinator_decided,decision,decision_retries,finish_time,loss,mobile,msg_received,msg_sent,n_participants,partial_delivery,prepare_retries,protocol,seed,speed,timeouts,unresolved_participants,until,vote_yes_prob
COMMIT,COMMIT,COMMIT,,,,,,True,False,True,True,True,COMMIT,,2.2195640730595425,0.0,False,,3,3,False,,ONE_SHOT,0,0.0,,0,80.0,1.0
COMMIT,COMMIT,COMMIT,,,,,,True,False,True,True,True,COMMIT,,2.0712831555313747,0.0,False,,3,3,False,,ONE_SHOT,1,0.0,,0,80.0,1.0
COMMIT,COMMIT,COMMIT,,,,,,True,False,True,True,True,COMMIT,,2.5831826051617717,0.0,False,,3,3,False,,ONE_SHOT,2,0.0,,0,80.0,1.0
COMMIT,COMMIT,COMMIT,,,,,,True,False,True,True,True,COMMIT,,2.31954782720008,0.0,False,,3,3,False,,ONE_SHOT,3,0.0,,0,80.0,1.0
COMMIT,COMMIT,COMMIT,,,,,,True,False,True,True,True,COMMIT,,2.1969321548024245,0.0,False,,3,3,False,,ONE_SHOT,4,0.0,,0,80.0,1.0
COMMIT,COMMIT,COMMIT,,,,,,True,False,True,True,True,COMMIT,,2.5796543391110838,0.0,False,,3,3,False,,ONE_SHOT,5,0.0,,0,80.0,1.0
COMMIT,COMMIT,COMMIT,,,,,,True,False,True,True,True,COMMIT,,2.237444061278132,0.0,False,,3,3,False,,ONE_SHOT,6,0.0,,0,80.0,1.0
COMMIT,COMMIT,COMMIT,,,,,,True,False,True,True,True,COMMIT,,2.1450662605084174,0.0,False,,3,3,False,,ONE_SHOT,7,0.0,,0,80.0,1.0
COMMIT,COMMIT,COMMIT,,,,,,True,False,True,True,True,COMMIT,,2.076844783482396,0.0,False,,3,3,False,,ONE_SHOT,8,0.0,,0,80.0,1.0
COMMIT,COMMIT,COMMIT,,,,,,True,False,True,True,True,COMMIT,,2.144401704752994,0.0,False,,3,3,False,,ONE_SHOT,9,0.0,,0,80.0,1.0
COMMIT,COMMIT,COMMIT,,,,,,True,False,True,True,True,COMMIT,,2.338120642866762,0.0,False,,3,3,False,,ONE_SHOT,10,0.0,,0,80.0,1.0
COMMIT,COMMIT,COMMIT,,,,,,True,False,True,True,True,COMMIT,,2.3637725642383276,0.0,False,,3,3,False,,ONE_SHOT,11,0.0,,0,80.0,1.0
COMMIT,COMMIT,COMMIT,,,,,,True,False,True,True,True,COMMIT,,2.420638433986727,0.0,False,,3,3,False,,ONE_SHOT,12,0.0,,0,80.0,1.0
COMMIT,COMMIT,COMMIT,,,,,,True,False,True,True,True,COMMIT,,2.2981273312912807,0.0,False,,3,3,False,,ONE_SHOT,13,0.0,,0,80.0,1.0
COMMIT,COMMIT,COMMIT,,,,,,True,False,True,True,True,COMMIT,,2.3756212560453185,0.0,False,,3,3,False,,ONE_SHOT,14,0.0,,0,80.0,1.0
COMMIT,COMMIT,COMMIT,,,,,,True,False,True,True,True,COMMIT,,2.566799396006635,0.0,False,,3,3,False,,ONE_SHOT,15,0.0,,0,80.0,1.0
COMMIT,COMMIT,COMMIT,,,,,,True,False,True,True,True,COMMIT,,2.6077845902917534,0.0,False,,3,3,False,,ONE_SHOT,16,0.0,,0,80.0,1.0
COMMIT,COMMIT,COMMIT,,,,,,True,False,True,True,True,COMMIT,,2.318841624720334,0.0,False,,3,3,False,,ONE_SHOT,17,0.0,,0,80.0,1.0
COMMIT,COMMIT,COMMIT,,,,,,True,False,True,True,True,COMMIT,,2.1495541966823515,0.0,False,,3,3,False,,ONE_SHOT,18,0.0,,0,80.0,1.0
COMMIT,COMMIT,COMMIT,,,,,,True,False,True,True,True,COMMIT,,2.2936334745986446,0.0,False,,3,3,False,,ONE_SHOT,19,0.0,,0,80.0,1.0
COMMIT,COMMIT,COMMIT,,,,,,True,False,True,True,True,COMMIT,,2.552951860481048,0.0,False,,3,3,False,,ONE_SHOT,20,0.0,,0,80.0,1.0
COMMIT,COMMIT,COMMIT,,,,,,True,False,True,True,True,COMMIT,,2.6810060409476666,0.0,False,,3,3,False,,ONE_SHOT,21,0.0,,0,80.0,1.0
COMMIT,COMMIT,COMMIT,,,,,,True,False,True,True,True,COMMIT,,2.3487476146363946,0.0,False,,3,3,False,,ONE_SHOT,22,0.0,,0,80.0,1.0
COMMIT,COMMIT,COMMIT,,,,,,True,False,True,True,True,COMMIT,,2.1464156488167023,0.0,False,,3,3,False,,ONE_SHOT,23,0.0,,0,80.0,1.0
COMMIT,COMMIT,COMMIT,,,,,,True,False,True,True,True,COMMIT,,2.3672870009197546,0.0,False,,3,3,False,,ONE_SHOT,24,0.0,,0,80.0,1.0
COMMIT,COMMIT,COMMIT,,,,,,True,False,True,True,True,COMMIT,,2.1837819245898684,0.0,False,,3,3,False,,ONE_SHOT,25,0.0,,0,80.0,1.0
COMMIT,COMMIT,COMMIT,,,,,,True,False,True,True,True,COMMIT,,2.171922271784005,0.0,False,,3,3,False,,ONE_SHOT,26,0.0,,0,80.0,1.0
COMMIT,COMMIT,COMMIT,,,,,,True,False,True,True,True,COMMIT,,2.27836538320858,0.0,False,,3,3,False,,ONE_SHOT,27,0.0,,0,80.0,1.0
COMMIT,COMMIT,COMMIT,,,,,,True,False,True,True,True,COMMIT,,2.332725334334485,0.0,False,,3,3,False,,ONE_SHOT,28,0.0,,0,80.0,1.0
COMMIT,COMMIT,COMMIT,,,,,,True,False,True,True,True,COMMIT,,2.2904111752853726,0.0,False,,3,3,False,,ONE_SHOT,29,0.0,,0,80.0,1.0
COMMIT,COMMIT,COMMIT,,,,,,True,False,True,True,True,COMMIT,,2.3142522841376283,0.1,False,,3,3,False,,ONE_SHOT,0,0.0,,0,80.0,1.0
COMMIT,COMMIT,COMMIT,,,,,,True,False,True,True,True,COMMIT,,2.406206922945329,0.1,False,,3,3,False,,ONE_SHOT,1,0.0,,0,80.0,1.0
COMMIT,COMMIT,COMMIT,,,,,,True,False,True,True,True,COMMIT,,2.3207505024466775,0.1,False,,3,3,False,,ONE_SHOT,2,0.0,,0,80.0,1.0
COMMIT,COMMIT,COMMIT,,,,,,True,False,True,True,True,COMMIT,,2.6182346412221356,0.1,False,,3,3,False,,ONE_SHOT,3,0.0,,0,80.0,1.0
COMMIT,COMMIT,COMMIT,,,,,,True,False,True,True,True,COMMIT,,2.098207291401897,0.1,False,,3,3,False,,ONE_SHOT,4,0.0,,0,80.0,1.0
COMMIT,,,,,,,,False,False,False,True,True,COMMIT,,,0.1,False,,3,3,True,,ONE_SHOT,5,0.0,,2,80.0,1.0
COMMIT,COMMIT,COMMIT,,,,,,True,False,True,True,True,COMMIT,,2.204089728035426,0.1,False,,3,3,False,,ONE_SHOT,6,0.0,,0,80.0,1.0
COMMIT,COMMIT,COMMIT,,,,,,True,False,True,True,True,COMMIT,,2.4635623076544144,0.1,False,,3,3,False,,ONE_SHOT,7,0.0,,0,80.0,1.0
COMMIT,COMMIT,COMMIT,,,,,,True,False,True,True,True,COMMIT,,2.681236922537728,0.1,False,,3,3,False,,ONE_SHOT,8,0.0,,0,80.0,1.0
COMMIT,COMMIT,COMMIT,,,,,,True,False,True,True,True,COMMIT,,2.4652687005653284,0.1,False,,3,3,False,,ONE_SHOT,9,0.0,,0,80.0,1.0
COMMIT,COMMIT,COMMIT,,,,,,True,False,True,True,True,COMMIT,,2.4252785519793636,0.1,False,,3,3,False,,ONE_SHOT,10,0.0,,0,80.0,1.0
,COMMIT,COMMIT,,,,,,False,False,False,True,True,COMMIT,,,0.1,False,,3,3,True,,ONE_SHOT,11,0.0,,1,80.0,1.0
COMMIT,COMMIT,COMMIT,,,,,,True,False,True,True,True,COMMIT,,2.5110916549842948,0.1,False,,3,3,False,,ONE_SHOT,12,0.0,,0,80.0,1.0
COMMIT,COMMIT,COMMIT,,,,,,True,False,True,True,True,COMMIT,,2.4022670027343733,0.1,False,,3,3,False,,ONE_SHOT,13,0.0,,0,80.0,1.0
COMMIT,COMMIT,COMMIT,,,,,,True,False,True,True,True,COMMIT,,2.322496116564988,0.1,False,,3,3,False,,ONE_SHOT,14,0.0,,0,80.0,1.0
COMMIT,COMMIT,COMMIT,,,,,,True,False,True,True,True,COMMIT,,2.624199255341753,0.1,False,,3,3,False,,ONE_SHOT,15,0.0,,0,80.0,1.0
COMMIT,COMMIT,COMMIT,,,,,,True,False,True,True,True,COMMIT,,2.523539080617901,0.1,False,,3,3,False,,ONE_SHOT,16,0.0,,0,80.0,1.0
,COMMIT,COMMIT,,,,,,False,False,False,True,True,COMMIT,,,0.1,False,,3,3,True,,ONE_SHOT,17,0.0,,1,80.0,1.0
COMMIT,COMMIT,COMMIT,,,,,,True,False,True,True,True,COMMIT,,2.2622873710766007,0.1,False,,3,3,False,,ONE_SHOT,18,0.0,,0,80.0,1.0
COMMIT,COMMIT,COMMIT,,,,,,True,False,True,True,True,COMMIT,,2.4841737865565716,0.1,False,,3,3,False,,ONE_SHOT,19,0.0,,0,80.0,1.0
COMMIT,COMMIT,,,,,,,False,False,False,True,True,COMMIT,,,0.1,False,,3,3,True,,ONE_SHOT,20,0.0,,1,80.0,1.0
COMMIT,COMMIT,COMMIT,,,,,,True,False,True,True,True,COMMIT,,2.295454229625959,0.1,False,,3,3,False,,ONE_SHOT,21,0.0,,0,80.0,1.0
COMMIT,COMMIT,COMMIT,,,,,,True,False,True,True,True,COMMIT,,2.1138365227858533,0.1,False,,3,3,False,,ONE_SHOT,22,0.0,,0,80.0,1.0
COMMIT,COMMIT,COMMIT,,,,,,True,False,True,True,True,COMMIT,,2.1923615452235286,0.1,False,,3,3,False,,ONE_SHOT,23,0.0,,0,80.0,1.0
COMMIT,COMMIT,COMMIT,,,,,,True,False,True,True,True,COMMIT,,2.0942502461379475,0.1,False,,3,3,False,,ONE_SHOT,24,0.0,,0,80.0,1.0
COMMIT,COMMIT,COMMIT,,,,,,True,False,True,True,True,COMMIT,,2.1009879272372483,0.1,False,,3,3,False,,ONE_SHOT,25,0.0,,0,80.0,1.0
COMMIT,COMMIT,COMMIT,,,,,,True,False,True,True,True,COMMIT,,2.2421508615785095,0.1,False,,3,3,False,,ONE_SHOT,26,0.0,,0,80.0,1.0
,COMMIT,COMMIT,,,,,,False,False,False,True,True,COMMIT,,,0.1,False,,3,3,True,,ONE_SHOT,27,0.0,,1,80.0,1.0
COMMIT,COMMIT,COMMIT,,,,,,True,False,True,True,True,COMMIT,,2.1787598834156934,0.1,False,,3,3,False,,ONE_SHOT,28,0.0,,0,80.0,1.0
COMMIT,,COMMIT,,,,,,False,False,False,True,True,COMMIT,,,0.1,False,,3,3,True,,ONE_SHOT,29,0.0,,1,80.0,1.0
COMMIT,COMMIT,COMMIT,,,,,,True,False,True,True,True,COMMIT,,2.3142522841376283,0.2,False,,3,3,False,,ONE_SHOT,0,0.0,,0,80.0,1.0
COMMIT,COMMIT,COMMIT,,,,,,True,False,True,True,True,COMMIT,,2.406206922945329,0.2,False,,3,3,False,,ONE_SHOT,1,0.0,,0,80.0,1.0
COMMIT,COMMIT,,,,,,,False,False,False,True,True,COMMIT,,,0.2,False,,3,3,True,,ONE_SHOT,2,0.0,,1,80.0,1.0
COMMIT,COMMIT,COMMIT,,,,,,True,False,True,True,True,COMMIT,,2.6182346412221356,0.2,False,,3,3,False,,ONE_SHOT,3,0.0,,0,80.0,1.0
COMMIT,,COMMIT,,,,,,False,False,False,True,True,COMMIT,,,0.2,False,,3,3,True,,ONE_SHOT,4,0.0,,1,80.0,1.0
COMMIT,,,,,,,,False,False,False,True,True,COMMIT,,,0.2,False,,3,3,True,,ONE_SHOT,5,0.0,,2,80.0,1.0
COMMIT,COMMIT,COMMIT,,,,,,True,False,True,True,True,COMMIT,,2.204089728035426,0.2,False,,3,3,False,,ONE_SHOT,6,0.0,,0,80.0,1.0
COMMIT,COMMIT,COMMIT,,,,,,True,False,True,True,True,COMMIT,,2.4635623076544144,0.2,False,,3,3,False,,ONE_SHOT,7,0.0,,0,80.0,1.0
COMMIT,COMMIT,COMMIT,,,,,,True,False,True,True,True,COMMIT,,2.681236922537728,0.2,False,,3,3,False,,ONE_SHOT,8,0.0,,0,80.0,1.0
COMMIT,COMMIT,COMMIT,,,,,,True,False,True,True,True,COMMIT,,2.4652687005653284,0.2,False,,3,3,False,,ONE_SHOT,9,0.0,,0,80.0,1.0
COMMIT,COMMIT,,,,,,,False,False,False,True,True,COMMIT,,,0.2,False,,3,3,True,,ONE_SHOT,10,0.0,,1,80.0,1.0
,COMMIT,COMMIT,,,,,,False,False,False,True,True,COMMIT,,,0.2,False,,3,3,True,,ONE_SHOT,11,0.0,,1,80.0,1.0
COMMIT,COMMIT,COMMIT,,,,,,True,False,True,True,True,COMMIT,,2.5110916549842948,0.2,False,,3,3,False,,ONE_SHOT,12,0.0,,0,80.0,1.0
COMMIT,COMMIT,COMMIT,,,,,,True,False,True,True,True,COMMIT,,2.4022670027343733,0.2,False,,3,3,False,,ONE_SHOT,13,0.0,,0,80.0,1.0
COMMIT,COMMIT,COMMIT,,,,,,True,False,True,True,True,COMMIT,,2.322496116564988,0.2,False,,3,3,False,,ONE_SHOT,14,0.0,,0,80.0,1.0
COMMIT,COMMIT,COMMIT,,,,,,True,False,True,True,True,COMMIT,,2.624199255341753,0.2,False,,3,3,False,,ONE_SHOT,15,0.0,,0,80.0,1.0
COMMIT,COMMIT,COMMIT,,,,,,True,False,True,True,True,COMMIT,,2.523539080617901,0.2,False,,3,3,False,,ONE_SHOT,16,0.0,,0,80.0,1.0
,COMMIT,COMMIT,,,,,,False,False,False,True,True,COMMIT,,,0.2,False,,3,3,True,,ONE_SHOT,17,0.0,,1,80.0,1.0
COMMIT,COMMIT,COMMIT,,,,,,True,False,True,True,True,COMMIT,,2.2622873710766007,0.2,False,,3,3,False,,ONE_SHOT,18,0.0,,0,80.0,1.0
COMMIT,COMMIT,COMMIT,,,,,,True,False,True,True,True,COMMIT,,2.4841737865565716,0.2,False,,3,3,False,,ONE_SHOT,19,0.0,,0,80.0,1.0
COMMIT,COMMIT,,,,,,,False,False,False,True,True,COMMIT,,,0.2,False,,3,3,True,,ONE_SHOT,20,0.0,,1,80.0,1.0
COMMIT,COMMIT,COMMIT,,,,,,True,False,True,True,True,COMMIT,,2.295454229625959,0.2,False,,3,3,False,,ONE_SHOT,21,0.0,,0,80.0,1.0
COMMIT,COMMIT,COMMIT,,,,,,True,False,True,True,True,COMMIT,,2.1138365227858533,0.2,False,,3,3,False,,ONE_SHOT,22,0.0,,0,80.0,1.0
,COMMIT,COMMIT,,,,,,False,False,False,True,True,COMMIT,,,0.2,False,,3,3,True,,ONE_SHOT,23,0.0,,1,80.0,1.0
COMMIT,COMMIT,COMMIT,,,,,,True,False,True,True,True,COMMIT,,2.0942502461379475,0.2,False,,3,3,False,,ONE_SHOT,24,0.0,,0,80.0,1.0
,COMMIT,,,,,,,False,False,False,True,True,COMMIT,,,0.2,False,,3,3,True,,ONE_SHOT,25,0.0,,2,80.0,1.0
COMMIT,COMMIT,COMMIT,,,,,,True,False,True,True,True,COMMIT,,2.2421508615785095,0.2,False,,3,3,False,,ONE_SHOT,26,0.0,,0,80.0,1.0
,,,,,,,,False,False,False,True,True,COMMIT,,,0.2,False,,3,3,False,,ONE_SHOT,27,0.0,,3,80.0,1.0
COMMIT,COMMIT,COMMIT,,,,,,True,False,True,True,True,COMMIT,,2.1787598834156934,0.2,False,,3,3,False,,ONE_SHOT,28,0.0,,0,80.0,1.0
,,COMMIT,,,,,,False,False,False,True,True,COMMIT,,,0.2,False,,3,3,True,,ONE_SHOT,29,0.0,,2,80.0,1.0
COMMIT,,COMMIT,,,,,,False,False,False,True,True,COMMIT,,,0.3,False,,3,3,True,,ONE_SHOT,0,0.0,,1,80.0,1.0
,,COMMIT,,,,,,False,False,False,True,True,COMMIT,,,0.3,False,,3,3,True,,ONE_SHOT,1,0.0,,2,80.0,1.0
COMMIT,COMMIT,,,,,,,False,False,False,True,True,COMMIT,,,0.3,False,,3,3,True,,ONE_SHOT,2,0.0,,1,80.0,1.0
COMMIT,COMMIT,COMMIT,,,,,,True,False,True,True,True,COMMIT,,2.6182346412221356,0.3,False,,3,3,False,,ONE_SHOT,3,0.0,,0,80.0,1.0
COMMIT,,COMMIT,,,,,,False,False,False,True,True,COMMIT,,,0.3,False,,3,3,True,,ONE_SHOT,4,0.0,,1,80.0,1.0
,,,,,,,,False,False,False,True,True,COMMIT,,,0.3,False,,3,3,False,,ONE_SHOT,5,0.0,,3,80.0,1.0
COMMIT,COMMIT,COMMIT,,,,,,True,False,True,True,True,COMMIT,,2.204089728035426,0.3,False,,3,3,False,,ONE_SHOT,6,0.0,,0,80.0,1.0
COMMIT,COMMIT,COMMIT,,,,,,True,False,True,True,True,COMMIT,,2.4635623076544144,0.3,False,,3,3,False,,ONE_SHOT,7,0.0,,0,80.0,1.0
COMMIT,COMMIT,COMMIT,,,,,,True,False,True,True,True,COMMIT,,2.681236922537728,0.3,False,,3,3,False,,ONE_SHOT,8,0.0,,0,80.0,1.0
COMMIT,COMMIT,COMMIT,,,,,,True,False,True,True,True,COMMIT,,2.4652687005653284,0.3,False,,3,3,False,,ONE_SHOT,9,0.0,,0,80.0,1.0
COMMIT,COMMIT,,,,,,,False,False,False,True,True,COMMIT,,,0.3,False,,3,3,True,,ONE_SHOT,10,0.0,,1,80.0,1.0
,COMMIT,COMMIT,,,,,,False,False,False,True,True,COMMIT,,,0.3,False,,3,3,True,,ONE_SHOT,11,0.0,,1,80.0,1.0
COMMIT,COMMIT,COMMIT,,,,,,True,False,True,True,True,COMMIT,,2.5110916549842948,0.3,False,,3,3,False,,ONE_SHOT,12,0.0,,0,80.0,1.0
COMMIT,,COMMIT,,,,,,False,False,False,True,True,COMMIT,,,0.3,False,,3,3,True,,ONE_SHOT,13,0.0,,1,80.0,1.0
COMMIT,COMMIT,COMMIT,,,,,,True,False,True,True,True,COMMIT,,2.322496116564988,0.3,False,,3,3,False,,ONE_SHOT,14,0.0,,0,80.0,1.0
,COMMIT,COMMIT,,,,,,False,False,False,True,True,COMMIT,,,0.3,False,,3,3,True,,ONE_SHOT,15,0.0,,1,80.0,1.0
COMMIT,COMMIT,COMMIT,,,,,,True,False,True,True,True,COMMIT,,2.523539080617901,0.3,False,,3,3,False,,ONE_SHOT,16,0.0,,0,80.0,1.0
,COMMIT,,,,,,,False,False,False,True,True,COMMIT,,,0.3,False,,3,3,True,,ONE_SHOT,17,0.0,,2,80.0,1.0
COMMIT,COMMIT,COMMIT,,,,,,True,False,True,True,True,COMMIT,,2.2622873710766007,0.3,False,,3,3,False,,ONE_SHOT,18,0.0,,0,80.0,1.0
COMMIT,COMMIT,COMMIT,,,,,,True,False,True,True,True,COMMIT,,2.4841737865565716,0.3,False,,3,3,False,,ONE_SHOT,19,0.0,,0,80.0,1.0
,COMMIT,,,,,,,False,False,False,True,True,COMMIT,,,0.3,False,,3,3,True,,ONE_SHOT,20,0.0,,2,80.0,1.0
COMMIT,,COMMIT,,,,,,False,False,False,True,True,COMMIT,,,0.3,False,,3,3,True,,ONE_SHOT,21,0.0,,1,80.0,1.0
COMMIT,COMMIT,COMMIT,,,,,,True,False,True,True,True,COMMIT,,2.1138365227858533,0.3,False,,3,3,False,,ONE_SHOT,22,0.0,,0,80.0,1.0
,COMMIT,COMMIT,,,,,,False,False,False,True,True,COMMIT,,,0.3,False,,3,3,True,,ONE_SHOT,23,0.0,,1,80.0,1.0
COMMIT,COMMIT,COMMIT,,,,,,True,False,True,True,True,COMMIT,,2.0942502461379475,0.3,False,,3,3,False,,ONE_SHOT,24,0.0,,0,80.0,1.0
,COMMIT,,,,,,,False,False,False,True,True,COMMIT,,,0.3,False,,3,3,True,,ONE_SHOT,25,0.0,,2,80.0,1.0
COMMIT,COMMIT,,,,,,,False,False,False,True,True,COMMIT,,,0.3,False,,3,3,True,,ONE_SHOT,26,0.0,,1,80.0,1.0
,,,,,,,,False,False,False,True,True,COMMIT,,,0.3,False,,3,3,False,,ONE_SHOT,27,0.0,,3,80.0,1.0
COMMIT,COMMIT,COMMIT,,,,,,True,False,True,True,True,COMMIT,,2.1787598834156934,0.3,False,,3,3,False,,ONE_SHOT,28,0.0,,0,80.0,1.0
,,COMMIT,,,,,,False,False,False,True,True,COMMIT,,,0.3,False,,3,3,True,,ONE_SHOT,29,0.0,,2,80.0,1.0
COMMIT,,COMMIT,,,,,,False,False,False,True,True,COMMIT,,,0.4,False,,3,3,True,,ONE_SHOT,0,0.0,,1,80.0,1.0
,,COMMIT,,,,,,False,False,False,True,True,COMMIT,,,0.4,False,,3,3,True,,ONE_SHOT,1,0.0,,2,80.0,1.0
COMMIT,,,,,,,,False,False,False,True,True,COMMIT,,,0.4,False,,3,3,True,,ONE_SHOT,2,0.0,,2,80.0,1.0
COMMIT,COMMIT,COMMIT,,,,,,True,False,True,True,True,COMMIT,,2.6182346412221356,0.4,False,,3,3,False,,ONE_SHOT,3,0.0,,0,80.0,1.0
COMMIT,,COMMIT,,,,,,False,False,False,True,True,COMMIT,,,0.4,False,,3,3,True,,ONE_SHOT,4,0.0,,1,80.0,1.0
,,,,,,,,False,False,False,True,True,COMMIT,,,0.4,False,,3,3,False,,ONE_SHOT,5,0.0,,3,80.0,1.0
COMMIT,COMMIT,COMMIT,,,,,,True,False,True,True,True,COMMIT,,2.204089728035426,0.4,False,,3,3,False,,ONE_SHOT,6,0.0,,0,80.0,1.0
,COMMIT,COMMIT,,,,,,False,False,False,True,True,COMMIT,,,0.4,False,,3,3,True,,ONE_SHOT,7,0.0,,1,80.0,1.0
COMMIT,COMMIT,COMMIT,,,,,,True,False,True,True,True,COMMIT,,2.681236922537728,0.4,False,,3,3,False,,ONE_SHOT,8,0.0,,0,80.0,1.0
COMMIT,COMMIT,COMMIT,,,,,,True,False,True,True,True,COMMIT,,2.4652687005653284,0.4,False,,3,3,False,,ONE_SHOT,9,0.0,,0,80.0,1.0
COMMIT,COMMIT,,,,,,,False,False,False,True,True,COMMIT,,,0.4,False,,3,3,True,,ONE_SHOT,10,0.0,,1,80.0,1.0
,COMMIT,,,,,,,False,False,False,True,True,COMMIT,,,0.4,False,,3,3,True,,ONE_SHOT,11,0.0,,2,80.0,1.0
,COMMIT,,,,,,,False,False,False,True,True,COMMIT,,,0.4,False,,3,3,True,,ONE_SHOT,12,0.0,,2,80.0,1.0
,,COMMIT,,,,,,False,False,False,True,True,COMMIT,,,0.4,False,,3,3,True,,ONE_SHOT,13,0.0,,2,80.0,1.0
,,COMMIT,,,,,,False,False,False,True,True,COMMIT,,,0.4,False,,3,3,True,,ONE_SHOT,14,0.0,,2,80.0,1.0
,COMMIT,,,,,,,False,False,False,True,True,COMMIT,,,0.4,False,,3,3,True,,ONE_SHOT,15,0.0,,2,80.0,1.0
COMMIT,,COMMIT,,,,,,False,False,False,True,True,COMMIT,,,0.4,False,,3,3,True,,ONE_SHOT,16,0.0,,1,80.0,1.0
,,,,,,,,False,False,False,True,True,COMMIT,,,0.4,False,,3,3,False,,ONE_SHOT,17,0.0,,3,80.0,1.0
COMMIT,COMMIT,COMMIT,,,,,,True,False,True,True,True,COMMIT,,2.2622873710766007,0.4,False,,3,3,False,,ONE_SHOT,18,0.0,,0,80.0,1.0
COMMIT,COMMIT,COMMIT,,,,,,True,False,True,True,True,COMMIT,,2.4841737865565716,0.4,False,,3,3,False,,ONE_SHOT,19,0.0,,0,80.0,1.0
,COMMIT,,,,,,,False,False,False,True,True,COMMIT,,,0.4,False,,3,3,True,,ONE_SHOT,20,0.0,,2,80.0,1.0
,,COMMIT,,,,,,False,False,False,True,True,COMMIT,,,0.4,False,,3,3,True,,ONE_SHOT,21,0.0,,2,80.0,1.0
COMMIT,COMMIT,,,,,,,False,False,False,True,True,COMMIT,,,0.4,False,,3,3,True,,ONE_SHOT,22,0.0,,1,80.0,1.0
,COMMIT,COMMIT,,,,,,False,False,False,True,True,COMMIT,,,0.4,False,,3,3,True,,ONE_SHOT,23,0.0,,1,80.0,1.0
COMMIT,,COMMIT,,,,,,False,False,False,True,True,COMMIT,,,0.4,False,,3,3,True,,ONE_SHOT,24,0.0,,1,80.0,1.0
,COMMIT,,,,,,,False,False,False,True,True,COMMIT,,,0.4,False,,3,3,True,,ONE_SHOT,25,0.0,,2,80.0,1.0
COMMIT,COMMIT,,,,,,,False,False,False,True,True,COMMIT,,,0.4,False,,3,3,True,,ONE_SHOT,26,0.0,,1,80.0,1.0
,,,,,,,,False,False,False,True,True,COMMIT,,,0.4,False,,3,3,False,,ONE_SHOT,27,0.0,,3,80.0,1.0
,COMMIT,COMMIT,,,,,,False,False,False,True,True,COMMIT,,,0.4,False,,3,3,True,,ONE_SHOT,28,0.0,,1,80.0,1.0
,,COMMIT,,,,,,False,False,False,True,True,COMMIT,,,0.4,False,,3,3,True,,ONE_SHOT,29,0.0,,2,80.0,1.0
COMMIT,COMMIT,COMMIT,COMMIT,COMMIT,,,,True,False,True,True,True,COMMIT,,3.2092508720927784,0.0,False,,5,5,False,,ONE_SHOT,0,0.0,,0,80.0,1.0
COMMIT,COMMIT,COMMIT,COMMIT,COMMIT,,,,True,False,True,True,True,COMMIT,,3.4269836360370434,0.0,False,,5,5,False,,ONE_SHOT,1,0.0,,0,80.0,1.0
COMMIT,COMMIT,COMMIT,COMMIT,COMMIT,,,,True,False,True,True,True,COMMIT,,3.721911979481765,0.0,False,,5,5,False,,ONE_SHOT,2,0.0,,0,80.0,1.0
COMMIT,COMMIT,COMMIT,COMMIT,COMMIT,,,,True,False,True,True,True,COMMIT,,3.753609026549561,0.0,False,,5,5,False,,ONE_SHOT,3,0.0,,0,80.0,1.0
COMMIT,COMMIT,COMMIT,COMMIT,COMMIT,,,,True,False,True,True,True,COMMIT,,3.666234634139617,0.0,False,,5,5,False,,ONE_SHOT,4,0.0,,0,80.0,1.0
COMMIT,COMMIT,COMMIT,COMMIT,COMMIT,,,,True,False,True,True,True,COMMIT,,3.338105377212685,0.0,False,,5,5,False,,ONE_SHOT,5,0.0,,0,80.0,1.0
COMMIT,COMMIT,COMMIT,COMMIT,COMMIT,,,,True,False,True,True,True,COMMIT,,3.8003392567612484,0.0,False,,5,5,False,,ONE_SHOT,6,0.0,,0,80.0,1.0
COMMIT,COMMIT,COMMIT,COMMIT,COMMIT,,,,True,False,True,True,True,COMMIT,,3.330565393815333,0.0,False,,5,5,False,,ONE_SHOT,7,0.0,,0,80.0,1.0
COMMIT,COMMIT,COMMIT,COMMIT,COMMIT,,,,True,False,True,True,True,COMMIT,,3.2576060211987703,0.0,False,,5,5,False,,ONE_SHOT,8,0.0,,0,80.0,1.0
COMMIT,COMMIT,COMMIT,COMMIT,COMMIT,,,,True,False,True,True,True,COMMIT,,3.3933227947037765,0.0,False,,5,5,False,,ONE_SHOT,9,0.0,,0,80.0,1.0
COMMIT,COMMIT,COMMIT,COMMIT,COMMIT,,,,True,False,True,True,True,COMMIT,,3.591568940995744,0.0,False,,5,5,False,,ONE_SHOT,10,0.0,,0,80.0,1.0
COMMIT,COMMIT,COMMIT,COMMIT,COMMIT,,,,True,False,True,True,True,COMMIT,,3.243816829950851,0.0,False,,5,5,False,,ONE_SHOT,11,0.0,,0,80.0,1.0
COMMIT,COMMIT,COMMIT,COMMIT,COMMIT,,,,True,False,True,True,True,COMMIT,,3.8345316802767577,0.0,False,,5,5,False,,ONE_SHOT,12,0.0,,0,80.0,1.0
COMMIT,COMMIT,COMMIT,COMMIT,COMMIT,,,,True,False,True,True,True,COMMIT,,3.659517145666499,0.0,False,,5,5,False,,ONE_SHOT,13,0.0,,0,80.0,1.0
COMMIT,COMMIT,COMMIT,COMMIT,COMMIT,,,,True,False,True,True,True,COMMIT,,3.2085035028166273,0.0,False,,5,5,False,,ONE_SHOT,14,0.0,,0,80.0,1.0
COMMIT,COMMIT,COMMIT,COMMIT,COMMIT,,,,True,False,True,True,True,COMMIT,,3.6569107335383655,0.0,False,,5,5,False,,ONE_SHOT,15,0.0,,0,80.0,1.0
COMMIT,COMMIT,COMMIT,COMMIT,COMMIT,,,,True,False,True,True,True,COMMIT,,3.797944859598328,0.0,False,,5,5,False,,ONE_SHOT,16,0.0,,0,80.0,1.0
COMMIT,COMMIT,COMMIT,COMMIT,COMMIT,,,,True,False,True,True,True,COMMIT,,3.131620962842073,0.0,False,,5,5,False,,ONE_SHOT,17,0.0,,0,80.0,1.0
COMMIT,COMMIT,COMMIT,COMMIT,COMMIT,,,,True,False,True,True,True,COMMIT,,3.6311710839714837,0.0,False,,5,5,False,,ONE_SHOT,18,0.0,,0,80.0,1.0
COMMIT,COMMIT,COMMIT,COMMIT,COMMIT,,,,True,False,True,True,True,COMMIT,,3.3296580451637436,0.0,False,,5,5,False,,ONE_SHOT,19,0.0,,0,80.0,1.0
COMMIT,COMMIT,COMMIT,COMMIT,COMMIT,,,,True,False,True,True,True,COMMIT,,3.567180456211698,0.0,False,,5,5,False,,ONE_SHOT,20,0.0,,0,80.0,1.0
COMMIT,COMMIT,COMMIT,COMMIT,COMMIT,,,,True,False,True,True,True,COMMIT,,3.306741068170517,0.0,False,,5,5,False,,ONE_SHOT,21,0.0,,0,80.0,1.0
COMMIT,COMMIT,COMMIT,COMMIT,COMMIT,,,,True,False,True,True,True,COMMIT,,3.598958207459563,0.0,False,,5,5,False,,ONE_SHOT,22,0.0,,0,80.0,1.0
COMMIT,COMMIT,COMMIT,COMMIT,COMMIT,,,,True,False,True,True,True,COMMIT,,3.524408992790089,0.0,False,,5,5,False,,ONE_SHOT,23,0.0,,0,80.0,1.0
COMMIT,COMMIT,COMMIT,COMMIT,COMMIT,,,,True,False,True,True,True,COMMIT,,3.328845977867708,0.0,False,,5,5,False,,ONE_SHOT,24,0.0,,0,80.0,1.0
COMMIT,COMMIT,COMMIT,COMMIT,COMMIT,,,,True,False,True,True,True,COMMIT,,3.288937605162185,0.0,False,,5,5,False,,ONE_SHOT,25,0.0,,0,80.0,1.0
COMMIT,COMMIT,COMMIT,COMMIT,COMMIT,,,,True,False,True,True,True,COMMIT,,3.368604070293382,0.0,False,,5,5,False,,ONE_SHOT,26,0.0,,0,80.0,1.0
COMMIT,COMMIT,COMMIT,COMMIT,COMMIT,,,,True,False,True,True,True,COMMIT,,3.3586342717009137,0.0,False,,5,5,False,,ONE_SHOT,27,0.0,,0,80.0,1.0
COMMIT,COMMIT,COMMIT,COMMIT,COMMIT,,,,True,False,True,True,True,COMMIT,,3.625289720932826,0.0,False,,5,5,False,,ONE_SHOT,28,0.0,,0,80.0,1.0
COMMIT,COMMIT,COMMIT,COMMIT,COMMIT,,,,True,False,True,True,True,COMMIT,,3.3756504130653444,0.0,False,,5,5,False,,ONE_SHOT,29,0.0,,0,80.0,1.0
COMMIT,COMMIT,COMMIT,,COMMIT,,,,False,False,False,True,True,COMMIT,,,0.1,False,,5,5,True,,ONE_SHOT,0,0.0,,1,80.0,1.0
COMMIT,,COMMIT,COMMIT,COMMIT,,,,False,False,False,True,True,COMMIT,,,0.1,False,,5,5,True,,ONE_SHOT,1,0.0,,1,80.0,1.0
COMMIT,,COMMIT,COMMIT,COMMIT,,,,False,False,False,True,True,COMMIT,,,0.1,False,,5,5,True,,ONE_SHOT,2,0.0,,1,80.0,1.0
COMMIT,COMMIT,COMMIT,COMMIT,COMMIT,,,,True,False,True,True,True,COMMIT,,3.4803512011304267,0.1,False,,5,5,False,,ONE_SHOT,3,0.0,,0,80.0,1.0
COMMIT,COMMIT,COMMIT,COMMIT,COMMIT,,,,True,False,True,True,True,COMMIT,,3.4440644548337978,0.1,False,,5,5,False,,ONE_SHOT,4,0.0,,0,80.0,1.0
COMMIT,,COMMIT,COMMIT,COMMIT,,,,False,False,False,True,True,COMMIT,,,0.1,False,,5,5,True,,ONE_SHOT,5,0.0,,1,80.0,1.0
COMMIT,COMMIT,COMMIT,COMMIT,COMMIT,,,,True,False,True,True,True,COMMIT,,3.522774063349528,0.1,False,,5,5,False,,ONE_SHOT,6,0.0,,0,80.0,1.0
COMMIT,COMMIT,,COMMIT,COMMIT,,,,False,False,False,True,True,COMMIT,,,0.1,False,,5,5,True,,ONE_SHOT,7,0.0,,1,80.0,1.0
COMMIT,COMMIT,COMMIT,COMMIT,COMMIT,,,,True,False,True,True,True,COMMIT,,3.459532725334935,0.1,False,,5,5,False,,ONE_SHOT,8,0.0,,0,80.0,1.0
COMMIT,COMMIT,COMMIT,,COMMIT,,,,False,False,False,True,True,COMMIT,,,0.1,False,,5,5,True,,ONE_SHOT,9,0.0,,1,80.0,1.0
COMMIT,COMMIT,COMMIT,COMMIT,COMMIT,,,,True,False,True,True,True,COMMIT,,3.496949203279195,0.1,False,,5,5,False,,ONE_SHOT,10,0.0,,0,80.0,1.0
COMMIT,COMMIT,COMMIT,COMMIT,,,,,False,False,False,True,True,COMMIT,,,0.1,False,,5,5,True,,ONE_SHOT,11,0.0,,1,80.0,1.0
COMMIT,COMMIT,COMMIT,COMMIT,COMMIT,,,,True,False,True,True,True,COMMIT,,3.684340931717706,0.1,False,,5,5,False,,ONE_SHOT,12,0.0,,0,80.0,1.0
COMMIT,COMMIT,COMMIT,COMMIT,COMMIT,,,,True,False,True,True,True,COMMIT,,3.259104109765646,0.1,False,,5,5,False,,ONE_SHOT,13,0.0,,0,80.0,1.0
COMMIT,COMMIT,COMMIT,COMMIT,COMMIT,,,,True,False,True,True,True,COMMIT,,3.3401933562308224,0.1,False,,5,5,False,,ONE_SHOT,14,0.0,,0,80.0,1.0
,,COMMIT,COMMIT,COMMIT,,,,False,False,False,True,True,COMMIT,,,0.1,False,,5,5,True,,ONE_SHOT,15,0.0,,2,80.0,1.0
COMMIT,COMMIT,COMMIT,COMMIT,COMMIT,,,,True,False,True,True,True,COMMIT,,3.6145523140942206,0.1,False,,5,5,False,,ONE_SHOT,16,0.0,,0,80.0,1.0
COMMIT,COMMIT,COMMIT,COMMIT,COMMIT,,,,True,False,True,True,True,COMMIT,,3.688730697834882,0.1,False,,5,5,False,,ONE_SHOT,17,0.0,,0,80.0,1.0
COMMIT,COMMIT,,COMMIT,COMMIT,,,,False,False,False,True,True,COMMIT,,,0.1,False,,5,5,True,,ONE_SHOT,18,0.0,,1,80.0,1.0
COMMIT,COMMIT,COMMIT,COMMIT,COMMIT,,,,True,False,True,True,True,COMMIT,,3.3383328567604953,0.1,False,,5,5,False,,ONE_SHOT,19,0.0,,0,80.0,1.0
COMMIT,COMMIT,COMMIT,,,,,,False,False,False,True,True,COMMIT,,,0.1,False,,5,5,True,,ONE_SHOT,20,0.0,,2,80.0,1.0
COMMIT,COMMIT,COMMIT,COMMIT,COMMIT,,,,True,False,True,True,True,COMMIT,,3.9028998083824473,0.1,False,,5,5,False,,ONE_SHOT,21,0.0,,0,80.0,1.0
COMMIT,COMMIT,COMMIT,,COMMIT,,,,False,False,False,True,True,COMMIT,,,0.1,False,,5,5,True,,ONE_SHOT,22,0.0,,1,80.0,1.0
COMMIT,COMMIT,COMMIT,COMMIT,COMMIT,,,,True,False,True,True,True,COMMIT,,3.365405816069174,0.1,False,,5,5,False,,ONE_SHOT,23,0.0,,0,80.0,1.0
COMMIT,COMMIT,COMMIT,COMMIT,,,,,False,False,False,True,True,COMMIT,,,0.1,False,,5,5,True,,ONE_SHOT,24,0.0,,1,80.0,1.0
COMMIT,COMMIT,COMMIT,,COMMIT,,,,False,False,False,True,True,COMMIT,,,0.1,False,,5,5,True,,ONE_SHOT,25,0.0,,1,80.0,1.0
COMMIT,COMMIT,,COMMIT,COMMIT,,,,False,False,False,True,True,COMMIT,,,0.1,False,,5,5,True,,ONE_SHOT,26,0.0,,1,80.0,1.0
COMMIT,,,COMMIT,COMMIT,,,,False,False,False,True,True,COMMIT,,,0.1,False,,5,5,True,,ONE_SHOT,27,0.0,,2,80.0,1.0
COMMIT,COMMIT,,COMMIT,COMMIT,,,,False,False,False,True,True,COMMIT,,,0.1,False,,5,5,True,,ONE_SHOT,28,0.0,,1,80.0,1.0
COMMIT,COMMIT,COMMIT,COMMIT,COMMIT,,,,True,False,True,True,True,COMMIT,,3.750693705547416,0.1,False,,5,5,False,,ONE_SHOT,29,0.0,,0,80.0,1.0
COMMIT,COMMIT,COMMIT,,COMMIT,,,,False,False,False,True,True,COMMIT,,,0.2,False,,5,5,True,,ONE_SHOT,0,0.0,,1,80.0,1.0
COMMIT,,COMMIT,COMMIT,COMMIT,,,,False,False,False,True,True,COMMIT,,,0.2,False,,5,5,True,,ONE_SHOT,1,0.0,,1,80.0,1.0
,,COMMIT,COMMIT,COMMIT,,,,False,False,False,True,True,COMMIT,,,0.2,False,,5,5,True,,ONE_SHOT,2,0.0,,2,80.0,1.0
COMMIT,COMMIT,,COMMIT,COMMIT,,,,False,False,False,True,True,COMMIT,,,0.2,False,,5,5,True,,ONE_SHOT,3,0.0,,1,80.0,1.0
COMMIT,,COMMIT,COMMIT,COMMIT,,,,False,False,False,True,True,COMMIT,,,0.2,False,,5,5,True,,ONE_SHOT,4,0.0,,1,80.0,1.0
COMMIT,,COMMIT,COMMIT,COMMIT,,,,False,False,False,True,True,COMMIT,,,0.2,False,,5,5,True,,ONE_SHOT,5,0.0,,1,80.0,1.0
COMMIT,COMMIT,,COMMIT,COMMIT,,,,False,False,False,True,True,COMMIT,,,0.2,False,,5,5,True,,ONE_SHOT,6,0.0,,1,80.0,1.0
COMMIT,COMMIT,,COMMIT,COMMIT,,,,False,False,False,True,True,COMMIT,,,0.2,False,,5,5,True,,ONE_SHOT,7,0.0,,1,80.0,1.0
COMMIT,COMMIT,COMMIT,COMMIT,,,,,False,False,False,True,True,COMMIT,,,0.2,False,,5,5,True,,ONE_SHOT,8,0.0,,1,80.0,1.0
COMMIT,COMMIT,COMMIT,,COMMIT,,,,False,False,False,True,True,COMMIT,,,0.2,False,,5,5,True,,ONE_SHOT,9,0.0,,1,80.0,1.0
,COMMIT,COMMIT,COMMIT,,,,,False,False,False,True,True,COMMIT,,,0.2,False,,5,5,True,,ONE_SHOT,10,0.0,,2,80.0,1.0
COMMIT,COMMIT,,COMMIT,,,,,False,False,False,True,True,COMMIT,,,0.2,False,,5,5,True,,ONE_SHOT,11,0.0,,2,80.0,1.0
COMMIT,COMMIT,,COMMIT,COMMIT,,,,False,False,False,True,True,COMMIT,,,0.2,False,,5,5,True,,ONE_SHOT,12,0.0,,1,80.0,1.0
COMMIT,COMMIT,COMMIT,,COMMIT,,,,False,False,False,True,True,COMMIT,,,0.2,False,,5,5,True,,ONE_SHOT,13,0.0,,1,80.0,1.0
COMMIT,COMMIT,COMMIT,,COMMIT,,,,False,False,False,True,True,COMMIT,,,0.2,False,,5,5,True,,ONE_SHOT,14,0.0,,1,80.0,1.0
,,COMMIT,,COMMIT,,,,False,False,False,True,True,COMMIT,,,0.2,False,,5,5,True,,ONE_SHOT,15,0.0,,3,80.0,1.0
COMMIT,COMMIT,COMMIT,COMMIT,,,,,False,False,False,True,True,COMMIT,,,0.2,False,,5,5,True,,ONE_SHOT,16,0.0,,1,80.0,1.0
COMMIT,COMMIT,COMMIT,COMMIT,COMMIT,,,,True,False,True,True,True,COMMIT,,3.688730697834882,0.2,False,,5,5,False,,ONE_SHOT,17,0.0,,0,80.0,1.0
COMMIT,COMMIT,,COMMIT,COMMIT,,,,False,False,False,True,True,COMMIT,,,0.2,False,,5,5,True,,ONE_SHOT,18,0.0,,1,80.0,1.0
COMMIT,COMMIT,COMMIT,COMMIT,COMMIT,,,,True,False,True,True,True,COMMIT,,3.3383328567604953,0.2,False,,5,5,False,,ONE_SHOT,19,0.0,,0,80.0,1.0
COMMIT,COMMIT,COMMIT,,,,,,False,False,False,True,True,COMMIT,,,0.2,False,,5,5,True,,ONE_SHOT,20,0.0,,2,80.0,1.0
COMMIT,COMMIT,COMMIT,COMMIT,COMMIT,,,,True,False,True,True,True,COMMIT,,3.9028998083824473,0.2,False,,5,5,False,,ONE_SHOT,21,0.0,,0,80.0,1.0
COMMIT,,COMMIT,,COMMIT,,,,False,False,False,True,True,COMMIT,,,0.2,False,,5,5,True,,ONE_SHOT,22,0.0,,2,80.0,1.0
COMMIT,COMMIT,COMMIT,COMMIT,COMMIT,,,,True,False,True,True,True,COMMIT,,3.365405816069174,0.2,False,,5,5,False,,ONE_SHOT,23,0.0,,0,80.0,1.0
COMMIT,COMMIT,COMMIT,COMMIT,,,,,False,False,False,True,True,COMMIT,,,0.2,False,,5,5,True,,ONE_SHOT,24,0.0,,1,80.0,1.0
,COMMIT,COMMIT,,COMMIT,,,,False,False,False,True,True,COMMIT,,,0.2,False,,5,5,True,,ONE_SHOT,25,0.0,,2,80.0,1.0
COMMIT,COMMIT,,COMMIT,COMMIT,,,,False,False,False,True,True,COMMIT,,,0.2,False,,5,5,True,,ONE_SHOT,26,0.0,,1,80.0,1.0
COMMIT,,,,COMMIT,,,,False,False,False,True,True,COMMIT,,,0.2,False,,5,5,True,,ONE_SHOT,27,0.0,,3,80.0,1.0
COMMIT,COMMIT,,COMMIT,,,,,False,False,False,True,True,COMMIT,,,0.2,False,,5,5,True,,ONE_SHOT,28,0.0,,2,80.0,1.0
COMMIT,COMMIT,COMMIT,COMMIT,,,,,False,False,False,True,True,COMMIT,,,0.2,False,,5,5,True,,ONE_SHOT,29,0.0,,1,80.0,1.0
COMMIT,COMMIT,COMMIT,,COMMIT,,,,False,False,False,True,True,COMMIT,,,0.3,False,,5,5,True,,ONE_SHOT,0,0.0,,1,80.0,1.0
COMMIT,,COMMIT,,COMMIT,,,,False,False,False,True,True,COMMIT,,,0.3,False,,5,5,True,,ONE_SHOT,1,0.0,,2,80.0,1.0
,,COMMIT,COMMIT,COMMIT,,,,False,False,False,True,True,COMMIT,,,0.3,False,,5,5,True,,ONE_SHOT,2,0.0,,2,80.0,1.0
COMMIT,COMMIT,,,COMMIT,,,,False,False,False,True,True,COMMIT,,,0.3,False,,5,5,True,,ONE_SHOT,3,0.0,,2,80.0,1.0
COMMIT,,COMMIT,COMMIT,COMMIT,,,,False,False,False,True,True,COMMIT,,,0.3,False,,5,5,True,,ONE_SHOT,4,0.0,,1,80.0,1.0
,,COMMIT,COMMIT,COMMIT,,,,False,False,False,True,True,COMMIT,,,0.3,False,,5,5,True,,ONE_SHOT,5,0.0,,2,80.0,1.0
COMMIT,,,,COMMIT,,,,False,False,False,True,True,COMMIT,,,0.3,False,,5,5,True,,ONE_SHOT,6,0.0,,3,80.0,1.0
COMMIT,COMMIT,,COMMIT,COMMIT,,,,False,False,False,True,True,COMMIT,,,0.3,False,,5,5,True,,ONE_SHOT,7,0.0,,1,80.0,1.0
COMMIT,COMMIT,COMMIT,COMMIT,,,,,False,False,False,True,True,COMMIT,,,0.3,False,,5,5,True,,ONE_SHOT,8,0.0,,1,80.0,1.0
COMMIT,COMMIT,COMMIT,,COMMIT,,,,False,False,False,True,True,COMMIT,,,0.3,False,,5,5,True,,ONE_SHOT,9,0.0,,1,80.0,1.0
,COMMIT,COMMIT,COMMIT,,,,,False,False,False,True,True,COMMIT,,,0.3,False,,5,5,True,,ONE_SHOT,10,0.0,,2,80.0,1.0
COMMIT,COMMIT,,COMMIT,,,,,False,False,False,True,True,COMMIT,,,0.3,False,,5,5,True,,ONE_SHOT,11,0.0,,2,80.0,1.0
COMMIT,COMMIT,,COMMIT,COMMIT,,,,False,False,False,True,True,COMMIT,,,0.3,False,,5,5,True,,ONE_SHOT,12,0.0,,1,80.0,1.0
COMMIT,COMMIT,COMMIT,,,,,,False,False,False,True,True,COMMIT,,,0.3,False,,5,5,True,,ONE_SHOT,13,0.0,,2,80.0,1.0
COMMIT,COMMIT,COMMIT,,COMMIT,,,,False,False,False,True,True,COMMIT,,,0.3,False,,5,5,True,,ONE_SHOT,14,0.0,,1,80.0,1.0
,,COMMIT,,COMMIT,,,,False,False,False,True,True,COMMIT,,,0.3,False,,5,5,True,,ONE_SHOT,15,0.0,,3,80.0,1.0
COMMIT,COMMIT,COMMIT,COMMIT,,,,,False,False,False,True,True,COMMIT,,,0.3,False,,5,5,True,,ONE_SHOT,16,0.0,,1,80.0,1.0
,COMMIT,COMMIT,COMMIT,COMMIT,,,,False,False,False,True,True,COMMIT,,,0.3,False,,5,5,True,,ONE_SHOT,17,0.0,,1,80.0,1.0
COMMIT,COMMIT,,COMMIT,,,,,False,False,False,True,True,COMMIT,,,0.3,False,,5,5,True,,ONE_SHOT,18,0.0,,2,80.0,1.0
COMMIT,COMMIT,COMMIT,COMMIT,COMMIT,,,,True,False,True,True,True,COMMIT,,3.3383328567604953,0.3,False,,5,5,False,,ONE_SHOT,19,0.0,,0,80.0,1.0
COMMIT,COMMIT,COMMIT,,,,,,False,False,False,True,True,COMMIT,,,0.3,False,,5,5,True,,ONE_SHOT,20,0.0,,2,80.0,1.0
COMMIT,COMMIT,COMMIT,COMMIT,,,,,False,False,False,True,True,COMMIT,,,0.3,False,,5,5,True,,ONE_SHOT,21,0.0,,1,80.0,1.0
COMMIT,,,,COMMIT,,,,False,False,False,True,True,COMMIT,,,0.3,False,,5,5,True,,ONE_SHOT,22,0.0,,3,80.0,1.0
COMMIT,COMMIT,COMMIT,COMMIT,,,,,False,False,False,True,True,COMMIT,,,0.3,False,,5,5,True,,ONE_SHOT,23,0.0,,1,80.0,1.0
COMMIT,COMMIT,,COMMIT,,,,,False,False,False,True,True,COMMIT,,,0.3,False,,5,5,True,,ONE_SHOT,24,0.0,,2,80.0,1.0
,COMMIT,,,COMMIT,,,,False,False,False,True,True,COMMIT,,,0.3,False,,5,5,True,,ONE_SHOT,25,0.0,,3,80.0,1.0
COMMIT,COMMIT,,COMMIT,COMMIT,,,,False,False,False,True,True,COMMIT,,,0.3,False,,5,5,True,,ONE_SHOT,26,0.0,,1,80.0,1.0
COMMIT,,,,,,,,False,False,False,True,True,COMMIT,,,0.3,False,,5,5,True,,ONE_SHOT,27,0.0,,4,80.0,1.0
COMMIT,COMMIT,,COMMIT,,,,,False,False,False,True,True,COMMIT,,,0.3,False,,5,5,True,,ONE_SHOT,28,0.0,,2,80.0,1.0
COMMIT,COMMIT,COMMIT,COMMIT,,,,,False,False,False,True,True,COMMIT,,,0.3,False,,5,5,True,,ONE_SHOT,29,0.0,,1,80.0,1.0
COMMIT,COMMIT,COMMIT,,COMMIT,,,,False,False,False,True,True,COMMIT,,,0.4,False,,5,5,True,,ONE_SHOT,0,0.0,,1,80.0,1.0
COMMIT,,COMMIT,,COMMIT,,,,False,False,False,True,True,COMMIT,,,0.4,False,,5,5,True,,ONE_SHOT,1,0.0,,2,80.0,1.0
,,,COMMIT,COMMIT,,,,False,False,False,True,True,COMMIT,,,0.4,False,,5,5,True,,ONE_SHOT,2,0.0,,3,80.0,1.0
,COMMIT,,,COMMIT,,,,False,False,False,True,True,COMMIT,,,0.4,False,,5,5,True,,ONE_SHOT,3,0.0,,3,80.0,1.0
COMMIT,,COMMIT,COMMIT,COMMIT,,,,False,False,False,True,True,COMMIT,,,0.4,False,,5,5,True,,ONE_SHOT,4,0.0,,1,80.0,1.0
,,COMMIT,COMMIT,COMMIT,,,,False,False,False,True,True,COMMIT,,,0.4,False,,5,5,True,,ONE_SHOT,5,0.0,,2,80.0,1.0
COMMIT,,,,,,,,False,False,False,True,True,COMMIT,,,0.4,False,,5,5,True,,ONE_SHOT,6,0.0,,4,80.0,1.0
COMMIT,COMMIT,,COMMIT,COMMIT,,,,False,False,False,True,True,COMMIT,,,0.4,False,,5,5,True,,ONE_SHOT,7,0.0,,1,80.0,1.0
COMMIT,COMMIT,COMMIT,,,,,,False,False,False,True,True,COMMIT,,,0.4,False,,5,5,True,,ONE_SHOT,8,0.0,,2,80.0,1.0
COMMIT,COMMIT,COMMIT,,COMMIT,,,,False,False,False,True,True,COMMIT,,,0.4,False,,5,5,True,,ONE_SHOT,9,0.0,,1,80.0,1.0
,COMMIT,,,,,,,False,False,False,True,True,COMMIT,,,0.4,False,,5,5,True,,ONE_SHOT,10,0.0,,4,80.0,1.0
COMMIT,,,,,,,,False,False,False,True,True,COMMIT,,,0.4,False,,5,5,True,,ONE_SHOT,11,0.0,,4,80.0,1.0
COMMIT,COMMIT,,COMMIT,,,,,False,False,False,True,True,COMMIT,,,0.4,False,,5,5,True,,ONE_SHOT,12,0.0,,2,80.0,1.0
COMMIT,COMMIT,COMMIT,,,,,,False,False,False,True,True,COMMIT,,,0.4,False,,5,5,True,,ONE_SHOT,13,0.0,,2,80.0,1.0
COMMIT,COMMIT,COMMIT,,COMMIT,,,,False,False,False,True,True,COMMIT,,,0.4,False,,5,5,True,,ONE_SHOT,14,0.0,,1,80.0,1.0
,,COMMIT,,COMMIT,,,,False,False,False,True,True,COMMIT,,,0.4,False,,5,5,True,,ONE_SHOT,15,0.0,,3,80.0,1.0
COMMIT,COMMIT,COMMIT,COMMIT,,,,,False,False,False,True,True,COMMIT,,,0.4,False,,5,5,True,,ONE_SHOT,16,0.0,,1,80.0,1.0
,COMMIT,COMMIT,COMMIT,COMMIT,,,,False,False,False,True,True,COMMIT,,,0.4,False,,5,5,True,,ONE_SHOT,17,0.0,,1,80.0,1.0
COMMIT,,,COMMIT,,,,,False,False,False,True,True,COMMIT,,,0.4,False,,5,5,True,,ONE_SHOT,18,0.0,,3,80.0,1.0
COMMIT,COMMIT,COMMIT,COMMIT,COMMIT,,,,True,False,True,True,True,COMMIT,,3.3383328567604953,0.4,False,,5,5,False,,ONE_SHOT,19,0.0,,0,80.0,1.0
COMMIT,COMMIT,COMMIT,,,,,,False,False,False,True,True,COMMIT,,,0.4,False,,5,5,True,,ONE_SHOT,20,0.0,,2,80.0,1.0
COMMIT,COMMIT,,COMMIT,,,,,False,False,False,True,True,COMMIT,,,0.4,False,,5,5,True,,ONE_SHOT,21,0.0,,2,80.0,1.0
COMMIT,,,,COMMIT,,,,False,False,False,True,True,COMMIT,,,0.4,False,,5,5,True,,ONE_SHOT,22,0.0,,3,80.0,1.0
COMMIT,COMMIT,COMMIT,COMMIT,,,,,False,False,False,True,True,COMMIT,,,0.4,False,,5,5,True,,ONE_SHOT,23,0.0,,1,80.0,1.0
COMMIT,COMMIT,,COMMIT,,,,,False,False,False,True,True,COMMIT,,,0.4,False,,5,5,True,,ONE_SHOT,24,0.0,,2,80.0,1.0
,COMMIT,,,,,,,False,False,False,True,True,COMMIT,,,0.4,False,,5,5,True,,ONE_SHOT,25,0.0,,4,80.0,1.0
COMMIT,COMMIT,,COMMIT,COMMIT,,,,False,False,False,True,True,COMMIT,,,0.4,False,,5,5,True,,ONE_SHOT,26,0.0,,1,80.0,1.0
COMMIT,,,,,,,,False,False,False,True,True,COMMIT,,,0.4,False,,5,5,True,,ONE_SHOT,27,0.0,,4,80.0,1.0
COMMIT,COMMIT,,,,,,,False,False,False,True,True,COMMIT,,,0.4,False,,5,5,True,,ONE_SHOT,28,0.0,,3,80.0,1.0
COMMIT,COMMIT,,COMMIT,,,,,False,False,False,True,True,COMMIT,,,0.4,False,,5,5,True,,ONE_SHOT,29,0.0,,2,80.0,1.0
COMMIT,COMMIT,COMMIT,COMMIT,COMMIT,COMMIT,COMMIT,COMMIT,True,False,True,True,True,COMMIT,,5.285683920776651,0.0,False,,8,8,False,,ONE_SHOT,0,0.0,,0,80.0,1.0
COMMIT,COMMIT,COMMIT,COMMIT,COMMIT,COMMIT,COMMIT,COMMIT,True,False,True,True,True,COMMIT,,5.1036994030621745,0.0,False,,8,8,False,,ONE_SHOT,1,0.0,,0,80.0,1.0
COMMIT,COMMIT,COMMIT,COMMIT,COMMIT,COMMIT,COMMIT,COMMIT,True,False,True,True,True,COMMIT,,5.429233068545168,0.0,False,,8,8,False,,ONE_SHOT,2,0.0,,0,80.0,1.0
COMMIT,COMMIT,COMMIT,COMMIT,COMMIT,COMMIT,COMMIT,COMMIT,True,False,True,True,True,COMMIT,,5.227689562652845,0.0,False,,8,8,False,,ONE_SHOT,3,0.0,,0,80.0,1.0
COMMIT,COMMIT,COMMIT,COMMIT,COMMIT,COMMIT,COMMIT,COMMIT,True,False,True,True,True,COMMIT,,5.070707370172137,0.0,False,,8,8,False,,ONE_SHOT,4,0.0,,0,80.0,1.0
COMMIT,COMMIT,COMMIT,COMMIT,COMMIT,COMMIT,COMMIT,COMMIT,True,False,True,True,True,COMMIT,,5.182411501728586,0.0,False,,8,8,False,,ONE_SHOT,5,0.0,,0,80.0,1.0
COMMIT,COMMIT,COMMIT,COMMIT,COMMIT,COMMIT,COMMIT,COMMIT,True,False,True,True,True,COMMIT,,4.890538242210822,0.0,False,,8,8,False,,ONE_SHOT,6,0.0,,0,80.0,1.0
COMMIT,COMMIT,COMMIT,COMMIT,COMMIT,COMMIT,COMMIT,COMMIT,True,False,True,True,True,COMMIT,,5.047217210591232,0.0,False,,8,8,False,,ONE_SHOT,7,0.0,,0,80.0,1.0
COMMIT,COMMIT,COMMIT,COMMIT,COMMIT,COMMIT,COMMIT,COMMIT,True,False,True,True,True,COMMIT,,5.139033890877023,0.0,False,,8,8,False,,ONE_SHOT,8,0.0,,0,80.0,1.0
COMMIT,COMMIT,COMMIT,COMMIT,COMMIT,COMMIT,COMMIT,COMMIT,True,False,True,True,True,COMMIT,,5.119671371748908,0.0,False,,8,8,False,,ONE_SHOT,9,0.0,,0,80.0,1.0
COMMIT,COMMIT,COMMIT,COMMIT,COMMIT,COMMIT,COMMIT,COMMIT,True,False,True,True,True,COMMIT,,4.9307195891534406,0.0,False,,8,8,False,,ONE_SHOT,10,0.0,,0,80.0,1.0
COMMIT,COMMIT,COMMIT,COMMIT,COMMIT,COMMIT,COMMIT,COMMIT,True,False,True,True,True,COMMIT,,5.261930372590847,0.0,False,,8,8,False,,ONE_SHOT,11,0.0,,0,80.0,1.0
COMMIT,COMMIT,COMMIT,COMMIT,COMMIT,COMMIT,COMMIT,COMMIT,True,False,True,True,True,COMMIT,,5.214725250686492,0.0,False,,8,8,False,,ONE_SHOT,12,0.0,,0,80.0,1.0
COMMIT,COMMIT,COMMIT,COMMIT,COMMIT,COMMIT,COMMIT,COMMIT,True,False,True,True,True,COMMIT,,5.250823199558375,0.0,False,,8,8,False,,ONE_SHOT,13,0.0,,0,80.0,1.0
COMMIT,COMMIT,COMMIT,COMMIT,COMMIT,COMMIT,COMMIT,COMMIT,True,False,True,True,True,COMMIT,,4.893169833690493,0.0,False,,8,8,False,,ONE_SHOT,14,0.0,,0,80.0,1.0
COMMIT,COMMIT,COMMIT,COMMIT,COMMIT,COMMIT,COMMIT,COMMIT,True,False,True,True,True,COMMIT,,5.571623262658511,0.0,False,,8,8,False,,ONE_SHOT,15,0.0,,0,80.0,1.0
COMMIT,COMMIT,COMMIT,COMMIT,COMMIT,COMMIT,COMMIT,COMMIT,True,False,True,True,True,COMMIT,,5.299529832637095,0.0,False,,8,8,False,,ONE_SHOT,16,0.0,,0,80.0,1.0
COMMIT,COMMIT,COMMIT,COMMIT,COMMIT,COMMIT,COMMIT,COMMIT,True,False,True,True,True,COMMIT,,5.171962040066313,0.0,False,,8,8,False,,ONE_SHOT,17,0.0,,0,80.0,1.0
COMMIT,COMMIT,COMMIT,COMMIT,COMMIT,COMMIT,COMMIT,COMMIT,True,False,True,True,True,COMMIT,,5.031477502312348,0.0,False,,8,8,False,,ONE_SHOT,18,0.0,,0,80.0,1.0
COMMIT,COMMIT,COMMIT,COMMIT,COMMIT,COMMIT,COMMIT,COMMIT,True,False,True,True,True,COMMIT,,5.031331920951037,0.0,False,,8,8,False,,ONE_SHOT,19,0.0,,0,80.0,1.0
COMMIT,COMMIT,COMMIT,COMMIT,COMMIT,COMMIT,COMMIT,COMMIT,True,False,True,True,True,COMMIT,,5.076857486272356,0.0,False,,8,8,False,,ONE_SHOT,20,0.0,,0,80.0,1.0
COMMIT,COMMIT,COMMIT,COMMIT,COMMIT,COMMIT,COMMIT,COMMIT,True,False,True,True,True,COMMIT,,5.399621479752309,0.0,False,,8,8,False,,ONE_SHOT,21,0.0,,0,80.0,1.0
COMMIT,COMMIT,COMMIT,COMMIT,COMMIT,COMMIT,COMMIT,COMMIT,True,False,True,True,True,COMMIT,,5.4447162539991805,0.0,False,,8,8,False,,ONE_SHOT,22,0.0,,0,80.0,1.0
COMMIT,COMMIT,COMMIT,COMMIT,COMMIT,COMMIT,COMMIT,COMMIT,True,False,True,True,True,COMMIT,,4.982378450399273,0.0,False,,8,8,False,,ONE_SHOT,23,0.0,,0,80.0,1.0
COMMIT,COMMIT,COMMIT,COMMIT,COMMIT,COMMIT,COMMIT,COMMIT,True,False,True,True,True,COMMIT,,5.251377513061223,0.0,False,,8,8,False,,ONE_SHOT,24,0.0,,0,80.0,1.0
COMMIT,COMMIT,COMMIT,COMMIT,COMMIT,COMMIT,COMMIT,COMMIT,True,False,True,True,True,COMMIT,,4.900214057793168,0.0,False,,8,8,False,,ONE_SHOT,25,0.0,,0,80.0,1.0
COMMIT,COMMIT,COMMIT,COMMIT,COMMIT,COMMIT,COMMIT,COMMIT,True,False,True,True,True,COMMIT,,5.194335812231503,0.0,False,,8,8,False,,ONE_SHOT,26,0.0,,0,80.0,1.0
COMMIT,COMMIT,COMMIT,COMMIT,COMMIT,COMMIT,COMMIT,COMMIT,True,False,True,True,True,COMMIT,,5.087710917105496,0.0,False,,8,8,False,,ONE_SHOT,27,0.0,,0,80.0,1.0
COMMIT,COMMIT,COMMIT,COMMIT,COMMIT,COMMIT,COMMIT,COMMIT,True,False,True,True,True,COMMIT,,5.764837487206445,0.0,False,,8,8,False,,ONE_SHOT,28,0.0,,0,80.0,1.0
COMMIT,COMMIT,COMMIT,COMMIT,COMMIT,COMMIT,COMMIT,COMMIT,True,False,True,True,True,COMMIT,,5.103665561617499,0.0,False,,8,8,False,,ONE_SHOT,29,0.0,,0,80.0,1.0
COMMIT,COMMIT,COMMIT,COMMIT,COMMIT,COMMIT,COMMIT,COMMIT,True,False,True,True,True,COMMIT,,5.073162658526768,0.1,False,,8,8,False,,ONE_SHOT,0,0.0,,0,80.0,1.0
COMMIT,COMMIT,COMMIT,COMMIT,COMMIT,COMMIT,COMMIT,COMMIT,True,False,True,True,True,COMMIT,,5.09186301139622,0.1,False,,8,8,False,,ONE_SHOT,1,0.0,,0,80.0,1.0
COMMIT,COMMIT,,,COMMIT,COMMIT,COMMIT,COMMIT,False,False,False,True,True,COMMIT,,,0.1,False,,8,8,True,,ONE_SHOT,2,0.0,,2,80.0,1.0
COMMIT,,COMMIT,COMMIT,COMMIT,COMMIT,,COMMIT,False,False,False,True,True,COMMIT,,,0.1,False,,8,8,True,,ONE_SHOT,3,0.0,,2,80.0,1.0
COMMIT,COMMIT,COMMIT,COMMIT,COMMIT,COMMIT,,COMMIT,False,False,False,True,True,COMMIT,,,0.1,False,,8,8,True,,ONE_SHOT,4,0.0,,1,80.0,1.0
COMMIT,COMMIT,COMMIT,COMMIT,COMMIT,COMMIT,COMMIT,COMMIT,True,False,True,True,True,COMMIT,,5.262781419828747,0.1,False,,8,8,False,,ONE_SHOT,5,0.0,,0,80.0,1.0
COMMIT,COMMIT,COMMIT,COMMIT,COMMIT,COMMIT,COMMIT,COMMIT,True,False,True,True,True,COMMIT,,5.181010578117563,0.1,False,,8,8,False,,ONE_SHOT,6,0.0,,0,80.0,1.0
COMMIT,,COMMIT,COMMIT,COMMIT,COMMIT,COMMIT,COMMIT,False,False,False,True,True,COMMIT,,,0.1,False,,8,8,True,,ONE_SHOT,7,0.0,,1,80.0,1.0
COMMIT,COMMIT,COMMIT,COMMIT,COMMIT,,COMMIT,COMMIT,False,False,False,True,True,COMMIT,,,0.1,False,,8,8,True,,ONE_SHOT,8,0.0,,1,80.0,1.0
COMMIT,COMMIT,COMMIT,COMMIT,COMMIT,,COMMIT,COMMIT,False,False,False,True,True,COMMIT,,,0.1,False,,8,8,True,,ONE_SHOT,9,0.0,,1,80.0,1.0
COMMIT,COMMIT,COMMIT,COMMIT,COMMIT,COMMIT,COMMIT,COMMIT,True,False,True,True,True,COMMIT,,4.952313603038838,0.1,False,,8,8,False,,ONE_SHOT,10,0.0,,0,80.0,1.0
COMMIT,COMMIT,COMMIT,COMMIT,COMMIT,COMMIT,COMMIT,,False,False,False,True,True,COMMIT,,,0.1,False,,8,8,True,,ONE_SHOT,11,0.0,,1,80.0,1.0
COMMIT,,COMMIT,COMMIT,COMMIT,,COMMIT,COMMIT,False,False,False,True,True,COMMIT,,,0.1,False,,8,8,True,,ONE_SHOT,12,0.0,,2,80.0,1.0
COMMIT,COMMIT,COMMIT,COMMIT,COMMIT,COMMIT,COMMIT,COMMIT,True,False,True,True,True,COMMIT,,5.3469931994473985,0.1,False,,8,8,False,,ONE_SHOT,13,0.0,,0,80.0,1.0
COMMIT,,COMMIT,COMMIT,COMMIT,COMMIT,COMMIT,COMMIT,False,False,False,True,True,COMMIT,,,0.1,False,,8,8,True,,ONE_SHOT,14,0.0,,1,80.0,1.0
COMMIT,COMMIT,,COMMIT,COMMIT,COMMIT,COMMIT,COMMIT,False,False,False,True,True,COMMIT,,,0.1,False,,8,8,True,,ONE_SHOT,15,0.0,,1,80.0,1.0
COMMIT,COMMIT,COMMIT,COMMIT,COMMIT,,COMMIT,,False,False,False,True,True,COMMIT,,,0.1,False,,8,8,True,,ONE_SHOT,16,0.0,,2,80.0,1.0
COMMIT,COMMIT,COMMIT,COMMIT,COMMIT,COMMIT,COMMIT,COMMIT,True,False,True,True,True,COMMIT,,5.056310282312133,0.1,False,,8,8,False,,ONE_SHOT,17,0.0,,0,80.0,1.0
COMMIT,COMMIT,COMMIT,COMMIT,COMMIT,COMMIT,COMMIT,COMMIT,True,False,True,True,True,COMMIT,,5.2850423087124545,0.1,False,,8,8,False,,ONE_SHOT,18,0.0,,0,80.0,1.0
COMMIT,COMMIT,COMMIT,COMMIT,,COMMIT,COMMIT,COMMIT,False,False,False,True,True,COMMIT,,,0.1,False,,8,8,True,,ONE_SHOT,19,0.0,,1,80.0,1.0
COMMIT,COMMIT,COMMIT,,COMMIT,COMMIT,COMMIT,COMMIT,False,False,False,True,True,COMMIT,,,0.1,False,,8,8,True,,ONE_SHOT,20,0.0,,1,80.0,1.0
COMMIT,COMMIT,COMMIT,,COMMIT,COMMIT,COMMIT,,False,False,False,True,True,COMMIT,,,0.1,False,,8,8,True,,ONE_SHOT,21,0.0,,2,80.0,1.0
COMMIT,COMMIT,COMMIT,COMMIT,COMMIT,COMMIT,,COMMIT,False,False,False,True,True,COMMIT,,,0.1,False,,8,8,True,,ONE_SHOT,22,0.0,,1,80.0,1.0
COMMIT,COMMIT,COMMIT,COMMIT,COMMIT,COMMIT,COMMIT,COMMIT,True,False,True,True,True,COMMIT,,4.895306285551273,0.1,False,,8,8,False,,ONE_SHOT,23,0.0,,0,80.0,1.0
COMMIT,,,COMMIT,COMMIT,COMMIT,COMMIT,,False,False,False,True,True,COMMIT,,,0.1,False,,8,8,True,,ONE_SHOT,24,0.0,,3,80.0,1.0
,COMMIT,COMMIT,COMMIT,COMMIT,COMMIT,COMMIT,COMMIT,False,False,False,True,True,COMMIT,,,0.1,False,,8,8,True,,ONE_SHOT,25,0.0,,1,80.0,1.0
COMMIT,COMMIT,COMMIT,COMMIT,COMMIT,COMMIT,COMMIT,COMMIT,True,False,True,True,True,COMMIT,,5.048623741315163,0.1,False,,8,8,False,,ONE_SHOT,26,0.0,,0,80.0,1.0
COMMIT,COMMIT,COMMIT,COMMIT,,,,COMMIT,False,False,False,True,True,COMMIT,,,0.1,False,,8,8,True,,ONE_SHOT,27,0.0,,3,80.0,1.0
COMMIT,COMMIT,COMMIT,COMMIT,COMMIT,,COMMIT,,False,False,False,True,True,COMMIT,,,0.1,False,,8,8,True,,ONE_SHOT,28,0.0,,2,80.0,1.0
,COMMIT,COMMIT,COMMIT,COMMIT,COMMIT,COMMIT,COMMIT,False,False,False,True,True,COMMIT,,,0.1,False,,8,8,True,,ONE_SHOT,29,0.0,,1,80.0,1.0
COMMIT,COMMIT,COMMIT,,COMMIT,COMMIT,,COMMIT,False,False,False,True,True,COMMIT,,,0.2,False,,8,8,True,,ONE_SHOT,0,0.0,,2,80.0,1.0
COMMIT,COMMIT,COMMIT,COMMIT,COMMIT,COMMIT,,COMMIT,False,False,False,True,True,COMMIT,,,0.2,False,,8,8,True,,ONE_SHOT,1,0.0,,1,80.0,1.0
COMMIT,COMMIT,,,COMMIT,COMMIT,COMMIT,COMMIT,False,False,False,True,True,COMMIT,,,0.2,False,,8,8,True,,ONE_SHOT,2,0.0,,2,80.0,1.0
,,COMMIT,COMMIT,COMMIT,COMMIT,,COMMIT,False,False,False,True,True,COMMIT,,,0.2,False,,8,8,True,,ONE_SHOT,3,0.0,,3,80.0,1.0
,COMMIT,COMMIT,COMMIT,COMMIT,COMMIT,,COMMIT,False,False,False,True,True,COMMIT,,,0.2,False,,8,8,True,,ONE_SHOT,4,0.0,,2,80.0,1.0
COMMIT,COMMIT,,COMMIT,COMMIT,COMMIT,COMMIT,,False,False,False,True,True,COMMIT,,,0.2,False,,8,8,True,,ONE_SHOT,5,0.0,,2,80.0,1.0
COMMIT,COMMIT,,COMMIT,COMMIT,,COMMIT,COMMIT,False,False,False,True,True,COMMIT,,,0.2,False,,8,8,True,,ONE_SHOT,6,0.0,,2,80.0,1.0
COMMIT,,COMMIT,,COMMIT,COMMIT,COMMIT,COMMIT,False,False,False,True,True,COMMIT,,,0.2,False,,8,8,True,,ONE_SHOT,7,0.0,,2,80.0,1.0
COMMIT,COMMIT,,COMMIT,COMMIT,,,COMMIT,False,False,False,True,True,COMMIT,,,0.2,False,,8,8,True,,ONE_SHOT,8,0.0,,3,80.0,1.0
COMMIT,COMMIT,COMMIT,COMMIT,COMMIT,,COMMIT,COMMIT,False,False,False,True,True,COMMIT,,,0.2,False,,8,8,True,,ONE_SHOT,9,0.0,,1,80.0,1.0
COMMIT,COMMIT,,COMMIT,COMMIT,,COMMIT,COMMIT,False,False,False,True,True,COMMIT,,,0.2,False,,8,8,True,,ONE_SHOT,10,0.0,,2,80.0,1.0
COMMIT,COMMIT,,COMMIT,,COMMIT,COMMIT,,False,False,False,True,True,COMMIT,,,0.2,False,,8,8,True,,ONE_SHOT,11,0.0,,3,80.0,1.0
,,COMMIT,COMMIT,COMMIT,,COMMIT,COMMIT,False,False,False,True,True,COMMIT,,,0.2,False,,8,8,True,,ONE_SHOT,12,0.0,,3,80.0,1.0
COMMIT,COMMIT,COMMIT,COMMIT,COMMIT,,COMMIT,COMMIT,False,False,False,True,True,COMMIT,,,0.2,False,,8,8,True,,ONE_SHOT,13,0.0,,1,80.0,1.0
COMMIT,,,COMMIT,COMMIT,COMMIT,COMMIT,COMMIT,False,False,False,True,True,COMMIT,,,0.2,False,,8,8,True,,ONE_SHOT,14,0.0,,2,80.0,1.0
COMMIT,COMMIT,,COMMIT,COMMIT,COMMIT,COMMIT,COMMIT,False,False,False,True,True,COMMIT,,,0.2,False,,8,8,True,,ONE_SHOT,15,0.0,,1,80.0,1.0
COMMIT,COMMIT,COMMIT,COMMIT,COMMIT,,COMMIT,,False,False,False,True,True,COMMIT,,,0.2,False,,8,8,True,,ONE_SHOT,16,0.0,,2,80.0,1.0
COMMIT,COMMIT,,COMMIT,COMMIT,COMMIT,COMMIT,COMMIT,False,False,False,True,True,COMMIT,,,0.2,False,,8,8,True,,ONE_SHOT,17,0.0,,1,80.0,1.0
COMMIT,COMMIT,COMMIT,COMMIT,,COMMIT,COMMIT,COMMIT,False,False,False,True,True,COMMIT,,,0.2,False,,8,8,True,,ONE_SHOT,18,0.0,,1,80.0,1.0
COMMIT,COMMIT,COMMIT,COMMIT,,COMMIT,COMMIT,COMMIT,False,False,False,True,True,COMMIT,,,0.2,False,,8,8,True,,ONE_SHOT,19,0.0,,1,80.0,1.0
,COMMIT,COMMIT,,COMMIT,COMMIT,COMMIT,COMMIT,False,False,False,True,True,COMMIT,,,0.2,False,,8,8,True,,ONE_SHOT,20,0.0,,2,80.0,1.0
COMMIT,COMMIT,COMMIT,,COMMIT,COMMIT,,,False,False,False,True,True,COMMIT,,,0.2,False,,8,8,True,,ONE_SHOT,21,0.0,,3,80.0,1.0
COMMIT,COMMIT,COMMIT,COMMIT,COMMIT,COMMIT,,COMMIT,False,False,False,True,True,COMMIT,,,0.2,False,,8,8,True,,ONE_SHOT,22,0.0,,1,80.0,1.0
COMMIT,COMMIT,COMMIT,COMMIT,COMMIT,COMMIT,COMMIT,COMMIT,True,False,True,True,True,COMMIT,,4.895306285551273,0.2,False,,8,8,False,,ONE_SHOT,23,0.0,,0,80.0,1.0
COMMIT,,,COMMIT,COMMIT,COMMIT,COMMIT,,False,False,False,True,True,COMMIT,,,0.2,False,,8,8,True,,ONE_SHOT,24,0.0,,3,80.0,1.0
,,COMMIT,COMMIT,COMMIT,COMMIT,,COMMIT,False,False,False,True,True,COMMIT,,,0.2,False,,8,8,True,,ONE_SHOT,25,0.0,,3,80.0,1.0
COMMIT,COMMIT,COMMIT,COMMIT,COMMIT,COMMIT,COMMIT,,False,False,False,True,True,COMMIT,,,0.2,False,,8,8,True,,ONE_SHOT,26,0.0,,1,80.0,1.0
COMMIT,COMMIT,COMMIT,COMMIT,,,,COMMIT,False,False,False,True,True,COMMIT,,,0.2,False,,8,8,True,,ONE_SHOT,27,0.0,,3,80.0,1.0
COMMIT,COMMIT,COMMIT,COMMIT,COMMIT,,COMMIT,,False,False,False,True,True,COMMIT,,,0.2,False,,8,8,True,,ONE_SHOT,28,0.0,,2,80.0,1.0
,COMMIT,COMMIT,COMMIT,COMMIT,COMMIT,COMMIT,COMMIT,False,False,False,True,True,COMMIT,,,0.2,False,,8,8,True,,ONE_SHOT,29,0.0,,1,80.0,1.0
COMMIT,COMMIT,COMMIT,,,COMMIT,,,False,False,False,True,True,COMMIT,,,0.3,False,,8,8,True,,ONE_SHOT,0,0.0,,4,80.0,1.0
,COMMIT,COMMIT,,COMMIT,COMMIT,,COMMIT,False,False,False,True,True,COMMIT,,,0.3,False,,8,8,True,,ONE_SHOT,1,0.0,,3,80.0,1.0
COMMIT,COMMIT,,,COMMIT,COMMIT,COMMIT,COMMIT,False,False,False,True,True,COMMIT,,,0.3,False,,8,8,True,,ONE_SHOT,2,0.0,,2,80.0,1.0
,,COMMIT,COMMIT,COMMIT,COMMIT,,COMMIT,False,False,False,True,True,COMMIT,,,0.3,False,,8,8,True,,ONE_SHOT,3,0.0,,3,80.0,1.0
,COMMIT,COMMIT,COMMIT,COMMIT,,,COMMIT,False,False,False,True,True,COMMIT,,,0.3,False,,8,8,True,,ONE_SHOT,4,0.0,,3,80.0,1.0
COMMIT,COMMIT,,COMMIT,COMMIT,COMMIT,COMMIT,,False,False,False,True,True,COMMIT,,,0.3,False,,8,8,True,,ONE_SHOT,5,0.0,,2,80.0,1.0
,COMMIT,,COMMIT,COMMIT,,COMMIT,COMMIT,False,False,False,True,True,COMMIT,,,0.3,False,,8,8,True,,ONE_SHOT,6,0.0,,3,80.0,1.0
COMMIT,,,,,COMMIT,COMMIT,COMMIT,False,False,False,True,True,COMMIT,,,0.3,False,,8,8,True,,ONE_SHOT,7,0.0,,4,80.0,1.0
COMMIT,COMMIT,,COMMIT,,,,,False,False,False,True,True,COMMIT,,,0.3,False,,8,8,True,,ONE_SHOT,8,0.0,,5,80.0,1.0
COMMIT,COMMIT,COMMIT,COMMIT,COMMIT,,COMMIT,,False,False,False,True,True,COMMIT,,,0.3,False,,8,8,True,,ONE_SHOT,9,0.0,,2,80.0,1.0
COMMIT,COMMIT,,COMMIT,COMMIT,,COMMIT,COMMIT,False,False,False,True,True,COMMIT,,,0.3,False,,8,8,True,,ONE_SHOT,10,0.0,,2,80.0,1.0
COMMIT,COMMIT,,COMMIT,,COMMIT,COMMIT,,False,False,False,True,True,COMMIT,,,0.3,False,,8,8,True,,ONE_SHOT,11,0.0,,3,80.0,1.0
,,COMMIT,COMMIT,COMMIT,,COMMIT,COMMIT,False,False,False,True,True,COMMIT,,,0.3,False,,8,8,True,,ONE_SHOT,12,0.0,,3,80.0,1.0
COMMIT,,COMMIT,COMMIT,COMMIT,,COMMIT,COMMIT,False,False,False,True,True,COMMIT,,,0.3,False,,8,8,True,,ONE_SHOT,13,0.0,,2,80.0,1.0
COMMIT,,,COMMIT,COMMIT,COMMIT,COMMIT,COMMIT,False,False,False,True,True,COMMIT,,,0.3,False,,8,8,True,,ONE_SHOT,14,0.0,,2,80.0,1.0
COMMIT,COMMIT,,COMMIT,COMMIT,COMMIT,COMMIT,COMMIT,False,False,False,True,True,COMMIT,,,0.3,False,,8,8,True,,ONE_SHOT,15,0.0,,1,80.0,1.0
COMMIT,COMMIT,COMMIT,,COMMIT,,COMMIT,,False,False,False,True,True,COMMIT,,,0.3,False,,8,8,True,,ONE_SHOT,16,0.0,,3,80.0,1.0
COMMIT,COMMIT,,COMMIT,COMMIT,COMMIT,COMMIT,COMMIT,False,False,False,True,True,COMMIT,,,0.3,False,,8,8,True,,ONE_SHOT,17,0.0,,1,80.0,1.0
COMMIT,COMMIT,COMMIT,COMMIT,,COMMIT,COMMIT,,False,False,False,True,True,COMMIT,,,0.3,False,,8,8,True,,ONE_SHOT,18,0.0,,2,80.0,1.0
COMMIT,COMMIT,COMMIT,COMMIT,,COMMIT,COMMIT,COMMIT,False,False,False,True,True,COMMIT,,,0.3,False,,8,8,True,,ONE_SHOT,19,0.0,,1,80.0,1.0
,COMMIT,COMMIT,,COMMIT,COMMIT,COMMIT,COMMIT,False,False,False,True,True,COMMIT,,,0.3,False,,8,8,True,,ONE_SHOT,20,0.0,,2,80.0,1.0
COMMIT,COMMIT,COMMIT,,COMMIT,,,,False,False,False,True,True,COMMIT,,,0.3,False,,8,8,True,,ONE_SHOT,21,0.0,,4,80.0,1.0
COMMIT,COMMIT,COMMIT,COMMIT,COMMIT,COMMIT,,COMMIT,False,False,False,True,True,COMMIT,,,0.3,False,,8,8,True,,ONE_SHOT,22,0.0,,1,80.0,1.0
COMMIT,COMMIT,COMMIT,COMMIT,COMMIT,COMMIT,COMMIT,COMMIT,True,False,True,True,True,COMMIT,,4.895306285551273,0.3,False,,8,8,False,,ONE_SHOT,23,0.0,,0,80.0,1.0
,,,COMMIT,COMMIT,,COMMIT,,False,False,False,True,True,COMMIT,,,0.3,False,,8,8,True,,ONE_SHOT,24,0.0,,5,80.0,1.0
,,COMMIT,COMMIT,COMMIT,COMMIT,,COMMIT,False,False,False,True,True,COMMIT,,,0.3,False,,8,8,True,,ONE_SHOT,25,0.0,,3,80.0,1.0
COMMIT,COMMIT,COMMIT,COMMIT,COMMIT,COMMIT,COMMIT,,False,False,False,True,True,COMMIT,,,0.3,False,,8,8,True,,ONE_SHOT,26,0.0,,1,80.0,1.0
COMMIT,,COMMIT,COMMIT,,,,COMMIT,False,False,False,True,True,COMMIT,,,0.3,False,,8,8,True,,ONE_SHOT,27,0.0,,4,80.0,1.0
COMMIT,COMMIT,,COMMIT,COMMIT,,COMMIT,,False,False,False,True,True,COMMIT,,,0.3,False,,8,8,True,,ONE_SHOT,28,0.0,,3,80.0,1.0
,COMMIT,COMMIT,COMMIT,COMMIT,COMMIT,COMMIT,COMMIT,False,False,False,True,True,COMMIT,,,0.3,False,,8,8,True,,ONE_SHOT,29,0.0,,1,80.0,1.0
COMMIT,COMMIT,COMMIT,,,COMMIT,,,False,False,False,True,True,COMMIT,,,0.4,False,,8,8,True,,ONE_SHOT,0,0.0,,4,80.0,1.0
,COMMIT,COMMIT,,COMMIT,COMMIT,,COMMIT,False,False,False,True,True,COMMIT,,,0.4,False,,8,8,True,,ONE_SHOT,1,0.0,,3,80.0,1.0
COMMIT,COMMIT,,,COMMIT,COMMIT,COMMIT,,False,False,False,True,True,COMMIT,,,0.4,False,,8,8,True,,ONE_SHOT,2,0.0,,3,80.0,1.0
,,COMMIT,COMMIT,COMMIT,COMMIT,,COMMIT,False,False,False,True,True,COMMIT,,,0.4,False,,8,8,True,,ONE_SHOT,3,0.0,,3,80.0,1.0
,COMMIT,COMMIT,COMMIT,COMMIT,,,,False,False,False,True,True,COMMIT,,,0.4,False,,8,8,True,,ONE_SHOT,4,0.0,,4,80.0,1.0
COMMIT,COMMIT,,COMMIT,COMMIT,COMMIT,,,False,False,False,True,True,COMMIT,,,0.4,False,,8,8,True,,ONE_SHOT,5,0.0,,3,80.0,1.0
,COMMIT,,COMMIT,COMMIT,,,COMMIT,False,False,False,True,True,COMMIT,,,0.4,False,,8,8,True,,ONE_SHOT,6,0.0,,4,80.0,1.0
COMMIT,,,,,COMMIT,COMMIT,COMMIT,False,False,False,True,True,COMMIT,,,0.4,False,,8,8,True,,ONE_SHOT,7,0.0,,4,80.0,1.0
COMMIT,,,COMMIT,,,,,False,False,False,True,True,COMMIT,,,0.4,False,,8,8,True,,ONE_SHOT,8,0.0,,6,80.0,1.0
COMMIT,COMMIT,COMMIT,COMMIT,COMMIT,,COMMIT,,False,False,False,True,True,COMMIT,,,0.4,False,,8,8,True,,ONE_SHOT,9,0.0,,2,80.0,1.0
COMMIT,,,COMMIT,COMMIT,,COMMIT,COMMIT,False,False,False,True,True,COMMIT,,,0.4,False,,8,8,True,,ONE_SHOT,10,0.0,,3,80.0,1.0
COMMIT,COMMIT,,,,COMMIT,COMMIT,,False,False,False,True,True,COMMIT,,,0.4,False,,8,8,True,,ONE_SHOT,11,0.0,,4,80.0,1.0
,,COMMIT,COMMIT,COMMIT,,COMMIT,COMMIT,False,False,False,True,True,COMMIT,,,0.4,False,,8,8,True,,ONE_SHOT,12,0.0,,3,80.0,1.0
COMMIT,,,COMMIT,COMMIT,,COMMIT,COMMIT,False,False,False,True,True,COMMIT,,,0.4,False,,8,8,True,,ONE_SHOT,13,0.0,,3,80.0,1.0
,,,COMMIT,COMMIT,COMMIT,COMMIT,COMMIT,False,False,False,True,True,COMMIT,,,0.4,False,,8,8,True,,ONE_SHOT,14,0.0,,3,80.0,1.0
,,,,COMMIT,COMMIT,COMMIT,COMMIT,False,False,False,True,True,COMMIT,,,0.4,False,,8,8,True,,ONE_SHOT,15,0.0,,4,80.0,1.0
,COMMIT,COMMIT,,COMMIT,,COMMIT,,False,False,False,True,True,COMMIT,,,0.4,False,,8,8,True,,ONE_SHOT,16,0.0,,4,80.0,1.0
COMMIT,COMMIT,,COMMIT,COMMIT,COMMIT,COMMIT,COMMIT,False,False,False,True,True,COMMIT,,,0.4,False,,8,8,True,,ONE_SHOT,17,0.0,,1,80.0,1.0
COMMIT,COMMIT,COMMIT,COMMIT,,COMMIT,COMMIT,,False,False,False,True,True,COMMIT,,,0.4,False,,8,8,True,,ONE_SHOT,18,0.0,,2,80.0,1.0
COMMIT,COMMIT,COMMIT,COMMIT,,COMMIT,COMMIT,COMMIT,False,False,False,True,True,COMMIT,,,0.4,False,,8,8,True,,ONE_SHOT,19,0.0,,1,80.0,1.0
,COMMIT,COMMIT,,COMMIT,COMMIT,COMMIT,COMMIT,False,False,False,True,True,COMMIT,,,0.4,False,,8,8,True,,ONE_SHOT,20,0.0,,2,80.0,1.0
COMMIT,COMMIT,COMMIT,,COMMIT,,,,False,False,False,True,True,COMMIT,,,0.4,False,,8,8,True,,ONE_SHOT,21,0.0,,4,80.0,1.0
COMMIT,COMMIT,COMMIT,COMMIT,COMMIT,COMMIT,,COMMIT,False,False,False,True,True,COMMIT,,,0.4,False,,8,8,True,,ONE_SHOT,22,0.0,,1,80.0,1.0
COMMIT,COMMIT,COMMIT,COMMIT,COMMIT,COMMIT,COMMIT,COMMIT,True,False,True,True,True,COMMIT,,4.895306285551273,0.4,False,,8,8,False,,ONE_SHOT,23,0.0,,0,80.0,1.0
,,,COMMIT,COMMIT,,COMMIT,,False,False,False,True,True,COMMIT,,,0.4,False,,8,8,True,,ONE_SHOT,24,0.0,,5,80.0,1.0
,,COMMIT,COMMIT,COMMIT,COMMIT,,COMMIT,False,False,False,True,True,COMMIT,,,0.4,False,,8,8,True,,ONE_SHOT,25,0.0,,3,80.0,1.0
COMMIT,COMMIT,COMMIT,COMMIT,COMMIT,COMMIT,COMMIT,,False,False,False,True,True,COMMIT,,,0.4,False,,8,8,True,,ONE_SHOT,26,0.0,,1,80.0,1.0
COMMIT,,COMMIT,COMMIT,,,,COMMIT,False,False,False,True,True,COMMIT,,,0.4,False,,8,8,True,,ONE_SHOT,27,0.0,,4,80.0,1.0
COMMIT,COMMIT,,,COMMIT,,COMMIT,,False,False,False,True,True,COMMIT,,,0.4,False,,8,8,True,,ONE_SHOT,28,0.0,,4,80.0,1.0
,COMMIT,COMMIT,,COMMIT,COMMIT,COMMIT,COMMIT,False,False,False,True,True,COMMIT,,,0.4,False,,8,8,True,,ONE_SHOT,29,0.0,,2,80.0,1.0
COMMIT,COMMIT,COMMIT,,,,,,True,False,True,True,True,COMMIT,,3.9522753359687397,0.0,False,,9,3,False,,2PC,0,0.0,,0,80.0,1.0
COMMIT,COMMIT,COMMIT,,,,,,True,False,True,True,True,COMMIT,,4.255670111121648,0.0,False,,9,3,False,,2PC,1,0.0,,0,80.0,1.0
COMMIT,COMMIT,COMMIT,,,,,,True,False,True,True,True,COMMIT,,3.9650377369848226,0.0,False,,9,3,False,,2PC,2,0.0,,0,80.0,1.0
COMMIT,COMMIT,COMMIT,,,,,,True,False,True,True,True,COMMIT,,3.8266848375046494,0.0,False,,9,3,False,,2PC,3,0.0,,0,80.0,1.0
COMMIT,COMMIT,COMMIT,,,,,,True,False,True,True,True,COMMIT,,3.475793722358198,0.0,False,,9,3,False,,2PC,4,0.0,,0,80.0,1.0
COMMIT,COMMIT,COMMIT,,,,,,True,False,True,True,True,COMMIT,,4.352217112740128,0.0,False,,9,3,False,,2PC,5,0.0,,0,80.0,1.0
COMMIT,COMMIT,COMMIT,,,,,,True,False,True,True,True,COMMIT,,4.022319505210086,0.0,False,,9,3,False,,2PC,6,0.0,,0,80.0,1.0
COMMIT,COMMIT,COMMIT,,,,,,True,False,True,True,True,COMMIT,,4.14550725236729,0.0,False,,9,3,False,,2PC,7,0.0,,0,80.0,1.0
COMMIT,COMMIT,COMMIT,,,,,,True,False,True,True,True,COMMIT,,3.7845072215745983,0.0,False,,9,3,False,,2PC,8,0.0,,0,80.0,1.0
COMMIT,COMMIT,COMMIT,,,,,,True,False,True,True,True,COMMIT,,3.9154683241431467,0.0,False,,9,3,False,,2PC,9,0.0,,0,80.0,1.0
COMMIT,COMMIT,COMMIT,,,,,,True,False,True,True,True,COMMIT,,3.5141309918960166,0.0,False,,9,3,False,,2PC,10,0.0,,0,80.0,1.0
COMMIT,COMMIT,COMMIT,,,,,,True,False,True,True,True,COMMIT,,3.8029898345673674,0.0,False,,9,3,False,,2PC,11,0.0,,0,80.0,1.0
COMMIT,COMMIT,COMMIT,,,,,,True,False,True,True,True,COMMIT,,3.726017454343664,0.0,False,,9,3,False,,2PC,12,0.0,,0,80.0,1.0
COMMIT,COMMIT,COMMIT,,,,,,True,False,True,True,True,COMMIT,,3.8680677513875157,0.0,False,,9,3,False,,2PC,13,0.0,,0,80.0,1.0
COMMIT,COMMIT,COMMIT,,,,,,True,False,True,True,True,COMMIT,,4.1907505709463635,0.0,False,,9,3,False,,2PC,14,0.0,,0,80.0,1.0
COMMIT,COMMIT,COMMIT,,,,,,True,False,True,True,True,COMMIT,,3.9989790589473384,0.0,False,,9,3,False,,2PC,15,0.0,,0,80.0,1.0
COMMIT,COMMIT,COMMIT,,,,,,True,False,True,True,True,COMMIT,,3.6025084195071404,0.0,False,,9,3,False,,2PC,16,0.0,,0,80.0,1.0
COMMIT,COMMIT,COMMIT,,,,,,True,False,True,True,True,COMMIT,,3.5162629892476835,0.0,False,,9,3,False,,2PC,17,0.0,,0,80.0,1.0
COMMIT,COMMIT,COMMIT,,,,,,True,False,True,True,True,COMMIT,,4.188804247177281,0.0,False,,9,3,False,,2PC,18,0.0,,0,80.0,1.0
COMMIT,COMMIT,COMMIT,,,,,,True,False,True,True,True,COMMIT,,3.4712859152795765,0.0,False,,9,3,False,,2PC,19,0.0,,0,80.0,1.0
COMMIT,COMMIT,COMMIT,,,,,,True,False,True,True,True,COMMIT,,3.9508660743019774,0.0,False,,9,3,False,,2PC,20,0.0,,0,80.0,1.0
COMMIT,COMMIT,COMMIT,,,,,,True,False,True,True,True,COMMIT,,4.381596406621318,0.0,False,,9,3,False,,2PC,21,0.0,,0,80.0,1.0
COMMIT,COMMIT,COMMIT,,,,,,True,False,True,True,True,COMMIT,,3.299280159032766,0.0,False,,9,3,False,,2PC,22,0.0,,0,80.0,1.0
COMMIT,COMMIT,COMMIT,,,,,,True,False,True,True,True,COMMIT,,3.923142038872384,0.0,False,,9,3,False,,2PC,23,0.0,,0,80.0,1.0
COMMIT,COMMIT,COMMIT,,,,,,True,False,True,True,True,COMMIT,,3.911062403747108,0.0,False,,9,3,False,,2PC,24,0.0,,0,80.0,1.0
COMMIT,COMMIT,COMMIT,,,,,,True,False,True,True,True,COMMIT,,4.097742192152409,0.0,False,,9,3,False,,2PC,25,0.0,,0,80.0,1.0
COMMIT,COMMIT,COMMIT,,,,,,True,False,True,True,True,COMMIT,,4.798036058585397,0.0,False,,9,3,False,,2PC,26,0.0,,0,80.0,1.0
COMMIT,COMMIT,COMMIT,,,,,,True,False,True,True,True,COMMIT,,4.469470798126485,0.0,False,,9,3,False,,2PC,27,0.0,,0,80.0,1.0
COMMIT,COMMIT,COMMIT,,,,,,True,False,True,True,True,COMMIT,,3.79240153632163,0.0,False,,9,3,False,,2PC,28,0.0,,0,80.0,1.0
COMMIT,COMMIT,COMMIT,,,,,,True,False,True,True,True,COMMIT,,4.604917330612928,0.0,False,,9,3,False,,2PC,29,0.0,,0,80.0,1.0
,,,,,,,,False,False,False,True,False,,,,0.1,False,,6,3,False,,2PC,0,0.0,,3,80.0,1.0
,,,,,,,,False,False,False,True,False,,,,0.1,False,,6,3,False,,2PC,1,0.0,,3,80.0,1.0
,,,,,,,,False,False,False,True,False,,,,0.1,False,,6,3,False,,2PC,2,0.0,,3,80.0,1.0
COMMIT,COMMIT,COMMIT,,,,,,True,False,True,True,True,COMMIT,,4.113990680111889,0.1,False,,9,3,False,,2PC,3,0.0,,0,80.0,1.0
COMMIT,COMMIT,COMMIT,,,,,,True,False,True,True,True,COMMIT,,3.7563681007933933,0.1,False,,9,3,False,,2PC,4,0.0,,0,80.0,1.0
COMMIT,COMMIT,COMMIT,,,,,,True,False,True,True,True,COMMIT,,4.514806570378078,0.1,False,,9,3,False,,2PC,5,0.0,,0,80.0,1.0
COMMIT,COMMIT,COMMIT,,,,,,True,False,True,True,True,COMMIT,,4.654412759873246,0.1,False,,9,3,False,,2PC,6,0.0,,0,80.0,1.0
COMMIT,COMMIT,COMMIT,,,,,,True,False,True,True,True,COMMIT,,4.422190781867477,0.1,False,,9,3,False,,2PC,7,0.0,,0,80.0,1.0
,,,,,,,,False,False,False,True,False,,,,0.1,False,,5,3,False,,2PC,8,0.0,,3,80.0,1.0
COMMIT,COMMIT,COMMIT,,,,,,True,False,True,True,True,COMMIT,,3.6633942000110506,0.1,False,,9,3,False,,2PC,9,0.0,,0,80.0,1.0
,,,,,,,,False,False,False,True,False,,,,0.1,False,,5,3,False,,2PC,10,0.0,,3,80.0,1.0
,,,,,,,,False,False,False,True,False,,,,0.1,False,,5,3,False,,2PC,11,0.0,,3,80.0,1.0
COMMIT,COMMIT,COMMIT,,,,,,True,False,True,True,True,COMMIT,,4.716549236840561,0.1,False,,9,3,False,,2PC,12,0.0,,0,80.0,1.0
COMMIT,COMMIT,,,,,,,False,False,False,True,True,COMMIT,,4.145832365004034,0.1,False,,9,3,True,,2PC,13,0.0,,1,80.0,1.0
,COMMIT,COMMIT,,,,,,False,False,False,True,True,COMMIT,,3.7229237188459816,0.1,False,,9,3,True,,2PC,14,0.0,,1,80.0,1.0
COMMIT,COMMIT,COMMIT,,,,,,True,False,True,True,True,COMMIT,,3.5726137584747026,0.1,False,,9,3,False,,2PC,15,0.0,,0,80.0,1.0
,,,,,,,,False,False,False,True,False,,,,0.1,False,,6,3,False,,2PC,16,0.0,,3,80.0,1.0
,,,,,,,,False,False,False,True,False,,,,0.1,False,,5,3,False,,2PC,17,0.0,,3,80.0,1.0
COMMIT,COMMIT,COMMIT,,,,,,True,False,True,True,True,COMMIT,,3.624787458590901,0.1,False,,9,3,False,,2PC,18,0.0,,0,80.0,1.0
COMMIT,,COMMIT,,,,,,False,False,False,True,True,COMMIT,,3.3447411449510156,0.1,False,,9,3,True,,2PC,19,0.0,,1,80.0,1.0
,,,,,,,,False,False,False,True,False,,,,0.1,False,,5,3,False,,2PC,20,0.0,,3,80.0,1.0
COMMIT,COMMIT,COMMIT,,,,,,True,False,True,True,True,COMMIT,,4.250942034436289,0.1,False,,9,3,False,,2PC,21,0.0,,0,80.0,1.0
,,,,,,,,False,False,False,True,False,,,,0.1,False,,5,3,False,,2PC,22,0.0,,3,80.0,1.0
COMMIT,COMMIT,COMMIT,,,,,,True,False,True,True,True,COMMIT,,4.090112308747608,0.1,False,,9,3,False,,2PC,23,0.0,,0,80.0,1.0
,,,,,,,,False,False,False,True,False,,,,0.1,False,,5,3,False,,2PC,24,0.0,,3,80.0,1.0
COMMIT,COMMIT,COMMIT,,,,,,True,False,True,True,True,COMMIT,,3.497901321701627,0.1,False,,9,3,False,,2PC,25,0.0,,0,80.0,1.0
,,,,,,,,False,False,False,True,False,,,,0.1,False,,5,3,False,,2PC,26,0.0,,3,80.0,1.0
,,,,,,,,False,False,False,True,False,,,,0.1,False,,4,3,False,,2PC,27,0.0,,3,80.0,1.0
,,,,,,,,False,False,False,True,False,,,,0.1,False,,5,3,False,,2PC,28,0.0,,3,80.0,1.0
,,,,,,,,False,False,False,True,False,,,,0.1,False,,5,3,False,,2PC,29,0.0,,3,80.0,1.0
,,,,,,,,False,False,False,True,False,,,,0.2,False,,6,3,False,,2PC,0,0.0,,3,80.0,1.0
,,,,,,,,False,False,False,True,False,,,,0.2,False,,6,3,False,,2PC,1,0.0,,3,80.0,1.0
,,,,,,,,False,False,False,True,False,,,,0.2,False,,6,3,False,,2PC,2,0.0,,3,80.0,1.0
,,,,,,,,False,False,False,True,False,,,,0.2,False,,4,3,False,,2PC,3,0.0,,3,80.0,1.0
,,,,,,,,False,False,False,True,False,,,,0.2,False,,5,3,False,,2PC,4,0.0,,3,80.0,1.0
,COMMIT,COMMIT,,,,,,False,False,False,True,True,COMMIT,,4.514806570378078,0.2,False,,9,3,True,,2PC,5,0.0,,1,80.0,1.0
COMMIT,COMMIT,COMMIT,,,,,,True,False,True,True,True,COMMIT,,4.654412759873246,0.2,False,,9,3,False,,2PC,6,0.0,,0,80.0,1.0
COMMIT,COMMIT,COMMIT,,,,,,True,False,True,True,True,COMMIT,,4.422190781867477,0.2,False,,9,3,False,,2PC,7,0.0,,0,80.0,1.0
,,,,,,,,False,False,False,True,False,,,,0.2,False,,4,3,False,,2PC,8,0.0,,3,80.0,1.0
COMMIT,COMMIT,COMMIT,,,,,,True,False,True,True,True,COMMIT,,3.6633942000110506,0.2,False,,9,3,False,,2PC,9,0.0,,0,80.0,1.0
,,,,,,,,False,False,False,True,False,,,,0.2,False,,4,3,False,,2PC,10,0.0,,3,80.0,1.0
,,,,,,,,False,False,False,True,False,,,,0.2,False,,5,3,False,,2PC,11,0.0,,3,80.0,1.0
COMMIT,COMMIT,COMMIT,,,,,,True,False,True,True,True,COMMIT,,4.716549236840561,0.2,False,,9,3,False,,2PC,12,0.0,,0,80.0,1.0
,,,,,,,,False,False,False,True,False,,,,0.2,False,,6,3,False,,2PC,13,0.0,,3,80.0,1.0
,,,,,,,,False,False,False,True,False,,,,0.2,False,,6,3,False,,2PC,14,0.0,,3,80.0,1.0
,,,,,,,,False,False,False,True,False,,,,0.2,False,,6,3,False,,2PC,15,0.0,,3,80.0,1.0
,,,,,,,,False,False,False,True,False,,,,0.2,False,,6,3,False,,2PC,16,0.0,,3,80.0,1.0
,,,,,,,,False,False,False,True,False,,,,0.2,False,,5,3,False,,2PC,17,0.0,,3,80.0,1.0
COMMIT,COMMIT,COMMIT,,,,,,True,False,True,True,True,COMMIT,,3.624787458590901,0.2,False,,9,3,False,,2PC,18,0.0,,0,80.0,1.0
,,,,,,,,False,False,False,True,False,,,,0.2,False,,6,3,False,,2PC,19,0.0,,3,80.0,1.0
,,,,,,,,False,False,False,True,False,,,,0.2,False,,5,3,False,,2PC,20,0.0,,3,80.0,1.0
,COMMIT,COMMIT,,,,,,False,False,False,True,True,COMMIT,,4.250942034436289,0.2,False,,9,3,True,,2PC,21,0.0,,1,80.0,1.0
,,,,,,,,False,False,False,True,False,,,,0.2,False,,5,3,False,,2PC,22,0.0,,3,80.0,1.0
,,,,,,,,False,False,False,True,False,,,,0.2,False,,5,3,False,,2PC,23,0.0,,3,80.0,1.0
,,,,,,,,False,False,False,True,False,,,,0.2,False,,5,3,False,,2PC,24,0.0,,3,80.0,1.0
,,,,,,,,False,False,False,True,False,,,,0.2,False,,4,3,False,,2PC,25,0.0,,3,80.0,1.0
,,,,,,,,False,False,False,True,False,,,,0.2,False,,5,3,False,,2PC,26,0.0,,3,80.0,1.0
,,,,,,,,False,False,False,True,False,,,,0.2,False,,3,3,False,,2PC,27,0.0,,3,80.0,1.0
,,,,,,,,False,False,False,True,False,,,,0.2,False,,5,3,False,,2PC,28,0.0,,3,80.0,1.0
,,,,,,,,False,False,False,True,False,,,,0.2,False,,4,3,False,,2PC,29,0.0,,3,80.0,1.0
,,,,,,,,False,False,False,True,False,,,,0.3,False,,6,3,False,,2PC,0,0.0,,3,80.0,1.0
,,,,,,,,False,False,False,True,False,,,,0.3,False,,5,3,False,,2PC,1,0.0,,3,80.0,1.0
,,,,,,,,False,False,False,True,False,,,,0.3,False,,5,3,False,,2PC,2,0.0,,3,80.0,1.0
,,,,,,,,False,False,False,True,False,,,,0.3,False,,4,3,False,,2PC,3,0.0,,3,80.0,1.0
,,,,,,,,False,False,False,True,False,,,,0.3,False,,5,3,False,,2PC,4,0.0,,3,80.0,1.0
,,,,,,,,False,False,False,True,False,,,,0.3,False,,3,3,False,,2PC,5,0.0,,3,80.0,1.0
,,,,,,,,False,False,False,True,False,,,,0.3,False,,4,3,False,,2PC,6,0.0,,3,80.0,1.0
COMMIT,COMMIT,COMMIT,,,,,,True,False,True,True,True,COMMIT,,4.422190781867477,0.3,False,,9,3,False,,2PC,7,0.0,,0,80.0,1.0
,,,,,,,,False,False,False,True,False,,,,0.3,False,,4,3,False,,2PC,8,0.0,,3,80.0,1.0
,,,,,,,,False,False,False,True,False,,,,0.3,False,,6,3,False,,2PC,9,0.0,,3,80.0,1.0
,,,,,,,,False,False,False,True,False,,,,0.3,False,,4,3,False,,2PC,10,0.0,,3,80.0,1.0
,,,,,,,,False,False,False,True,False,,,,0.3,False,,5,3,False,,2PC,11,0.0,,3,80.0,1.0
COMMIT,COMMIT,COMMIT,,,,,,True,False,True,True,True,COMMIT,,4.716549236840561,0.3,False,,9,3,False,,2PC,12,0.0,,0,80.0,1.0
,,,,,,,,False,False,False,True,False,,,,0.3,False,,6,3,False,,2PC,13,0.0,,3,80.0,1.0
,,,,,,,,False,False,False,True,False,,,,0.3,False,,5,3,False,,2PC,14,0.0,,3,80.0,1.0
,,,,,,,,False,False,False,True,False,,,,0.3,False,,5,3,False,,2PC,15,0.0,,3,80.0,1.0
,,,,,,,,False,False,False,True,False,,,,0.3,False,,6,3,False,,2PC,16,0.0,,3,80.0,1.0
,,,,,,,,False,False,False,True,False,,,,0.3,False,,4,3,False,,2PC,17,0.0,,3,80.0,1.0
,,,,,,,,False,False,False,True,False,,,,0.3,False,,6,3,False,,2PC,18,0.0,,3,80.0,1.0
,,,,,,,,False,False,False,True,False,,,,0.3,False,,6,3,False,,2PC,19,0.0,,3,80.0,1.0
,,,,,,,,False,False,False,True,False,,,,0.3,False,,5,3,False,,2PC,20,0.0,,3,80.0,1.0
,,,,,,,,False,False,False,True,False,,,,0.3,False,,5,3,False,,2PC,21,0.0,,3,80.0,1.0
,,,,,,,,False,False,False,True,False,,,,0.3,False,,5,3,False,,2PC,22,0.0,,3,80.0,1.0
,,,,,,,,False,False,False,True,False,,,,0.3,False,,5,3,False,,2PC,23,0.0,,3,80.0,1.0
,,,,,,,,False,False,False,True,False,,,,0.3,False,,5,3,False,,2PC,24,0.0,,3,80.0,1.0
,,,,,,,,False,False,False,True,False,,,,0.3,False,,4,3,False,,2PC,25,0.0,,3,80.0,1.0
,,,,,,,,False,False,False,True,False,,,,0.3,False,,5,3,False,,2PC,26,0.0,,3,80.0,1.0
,,,,,,,,False,False,False,True,False,,,,0.3,False,,3,3,False,,2PC,27,0.0,,3,80.0,1.0
,,,,,,,,False,False,False,True,False,,,,0.3,False,,5,3,False,,2PC,28,0.0,,3,80.0,1.0
,,,,,,,,False,False,False,True,False,,,,0.3,False,,4,3,False,,2PC,29,0.0,,3,80.0,1.0
,,,,,,,,False,False,False,True,False,,,,0.4,False,,5,3,False,,2PC,0,0.0,,3,80.0,1.0
,,,,,,,,False,False,False,True,False,,,,0.4,False,,5,3,False,,2PC,1,0.0,,3,80.0,1.0
,,,,,,,,False,False,False,True,False,,,,0.4,False,,5,3,False,,2PC,2,0.0,,3,80.0,1.0
,,,,,,,,False,False,False,True,False,,,,0.4,False,,4,3,False,,2PC,3,0.0,,3,80.0,1.0
,,,,,,,,False,False,False,True,False,,,,0.4,False,,5,3,False,,2PC,4,0.0,,3,80.0,1.0
,,,,,,,,False,False,False,True,False,,,,0.4,False,,3,3,False,,2PC,5,0.0,,3,80.0,1.0
,,,,,,,,False,False,False,True,False,,,,0.4,False,,4,3,False,,2PC,6,0.0,,3,80.0,1.0
,,,,,,,,False,False,False,True,False,,,,0.4,False,,5,3,False,,2PC,7,0.0,,3,80.0,1.0
,,,,,,,,False,False,False,True,False,,,,0.4,False,,4,3,False,,2PC,8,0.0,,3,80.0,1.0
,,,,,,,,False,False,False,True,False,,,,0.4,False,,6,3,False,,2PC,9,0.0,,3,80.0,1.0
,,,,,,,,False,False,False,True,False,,,,0.4,False,,4,3,False,,2PC,10,0.0,,3,80.0,1.0
,,,,,,,,False,False,False,True,False,,,,0.4,False,,5,3,False,,2PC,11,0.0,,3,80.0,1.0
,,,,,,,,False,False,False,True,False,,,,0.4,False,,4,3,False,,2PC,12,0.0,,3,80.0,1.0
,,,,,,,,False,False,False,True,False,,,,0.4,False,,5,3,False,,2PC,13,0.0,,3,80.0,1.0
,,,,,,,,False,False,False,True,False,,,,0.4,False,,4,3,False,,2PC,14,0.0,,3,80.0,1.0
,,,,,,,,False,False,False,True,False,,,,0.4,False,,5,3,False,,2PC,15,0.0,,3,80.0,1.0
,,,,,,,,False,False,False,True,False,,,,0.4,False,,4,3,False,,2PC,16,0.0,,3,80.0,1.0
,,,,,,,,False,False,False,True,False,,,,0.4,False,,3,3,False,,2PC,17,0.0,,3,80.0,1.0
,,,,,,,,False,False,False,True,False,,,,0.4,False,,6,3,False,,2PC,18,0.0,,3,80.0,1.0
,,,,,,,,False,False,False,True,False,,,,0.4,False,,6,3,False,,2PC,19,0.0,,3,80.0,1.0
,,,,,,,,False,False,False,True,False,,,,0.4,False,,5,3,False,,2PC,20,0.0,,3,80.0,1.0
,,,,,,,,False,False,False,True,False,,,,0.4,False,,4,3,False,,2PC,21,0.0,,3,80.0,1.0
,,,,,,,,False,False,False,True,False,,,,0.4,False,,5,3,False,,2PC,22,0.0,,3,80.0,1.0
,,,,,,,,False,False,False,True,False,,,,0.4,False,,5,3,False,,2PC,23,0.0,,3,80.0,1.0
,,,,,,,,False,False,False,True,False,,,,0.4,False,,4,3,False,,2PC,24,0.0,,3,80.0,1.0
,,,,,,,,False,False,False,True,False,,,,0.4,False,,4,3,False,,2PC,25,0.0,,3,80.0,1.0
,,,,,,,,False,False,False,True,False,,,,0.4,False,,5,3,False,,2PC,26,0.0,,3,80.0,1.0
,,,,,,,,False,False,False,True,False,,,,0.4,False,,3,3,False,,2PC,27,0.0,,3,80.0,1.0
,,,,,,,,False,False,False,True,False,,,,0.4,False,,5,3,False,,2PC,28,0.0,,3,80.0,1.0
,,,,,,,,False,False,False,True,False,,,,0.4,False,,4,3,False,,2PC,29,0.0,,3,80.0,1.0
COMMIT,COMMIT,COMMIT,COMMIT,COMMIT,,,,True,False,True,True,True,COMMIT,,5.492324528889776,0.0,False,,15,5,False,,2PC,0,0.0,,0,80.0,1.0
COMMIT,COMMIT,COMMIT,COMMIT,COMMIT,,,,True,False,True,True,True,COMMIT,,5.801113907159906,0.0,False,,15,5,False,,2PC,1,0.0,,0,80.0,1.0
COMMIT,COMMIT,COMMIT,COMMIT,COMMIT,,,,True,False,True,True,True,COMMIT,,5.977067071049562,0.0,False,,15,5,False,,2PC,2,0.0,,0,80.0,1.0
COMMIT,COMMIT,COMMIT,COMMIT,COMMIT,,,,True,False,True,True,True,COMMIT,,5.795550480687954,0.0,False,,15,5,False,,2PC,3,0.0,,0,80.0,1.0
COMMIT,COMMIT,COMMIT,COMMIT,COMMIT,,,,True,False,True,True,True,COMMIT,,5.858423890148467,0.0,False,,15,5,False,,2PC,4,0.0,,0,80.0,1.0
COMMIT,COMMIT,COMMIT,COMMIT,COMMIT,,,,True,False,True,True,True,COMMIT,,6.407093105324725,0.0,False,,15,5,False,,2PC,5,0.0,,0,80.0,1.0
COMMIT,COMMIT,COMMIT,COMMIT,COMMIT,,,,True,False,True,True,True,COMMIT,,5.965628549709079,0.0,False,,15,5,False,,2PC,6,0.0,,0,80.0,1.0
COMMIT,COMMIT,COMMIT,COMMIT,COMMIT,,,,True,False,True,True,True,COMMIT,,6.3775765325266205,0.0,False,,15,5,False,,2PC,7,0.0,,0,80.0,1.0
COMMIT,COMMIT,COMMIT,COMMIT,COMMIT,,,,True,False,True,True,True,COMMIT,,5.973221336017546,0.0,False,,15,5,False,,2PC,8,0.0,,0,80.0,1.0
COMMIT,COMMIT,COMMIT,COMMIT,COMMIT,,,,True,False,True,True,True,COMMIT,,6.280050833066546,0.0,False,,15,5,False,,2PC,9,0.0,,0,80.0,1.0
COMMIT,COMMIT,COMMIT,COMMIT,COMMIT,,,,True,False,True,True,True,COMMIT,,5.761806318277676,0.0,False,,15,5,False,,2PC,10,0.0,,0,80.0,1.0
COMMIT,COMMIT,COMMIT,COMMIT,COMMIT,,,,True,False,True,True,True,COMMIT,,6.486987685141863,0.0,False,,15,5,False,,2PC,11,0.0,,0,80.0,1.0
COMMIT,COMMIT,COMMIT,COMMIT,COMMIT,,,,True,False,True,True,True,COMMIT,,6.507609025845926,0.0,False,,15,5,False,,2PC,12,0.0,,0,80.0,1.0
COMMIT,COMMIT,COMMIT,COMMIT,COMMIT,,,,True,False,True,True,True,COMMIT,,6.174107713643983,0.0,False,,15,5,False,,2PC,13,0.0,,0,80.0,1.0
COMMIT,COMMIT,COMMIT,COMMIT,COMMIT,,,,True,False,True,True,True,COMMIT,,6.126144421552973,0.0,False,,15,5,False,,2PC,14,0.0,,0,80.0,1.0
COMMIT,COMMIT,COMMIT,COMMIT,COMMIT,,,,True,False,True,True,True,COMMIT,,5.499583843533656,0.0,False,,15,5,False,,2PC,15,0.0,,0,80.0,1.0
COMMIT,COMMIT,COMMIT,COMMIT,COMMIT,,,,True,False,True,True,True,COMMIT,,6.024094765953162,0.0,False,,15,5,False,,2PC,16,0.0,,0,80.0,1.0
COMMIT,COMMIT,COMMIT,COMMIT,COMMIT,,,,True,False,True,True,True,COMMIT,,5.964154771614491,0.0,False,,15,5,False,,2PC,17,0.0,,0,80.0,1.0
COMMIT,COMMIT,COMMIT,COMMIT,COMMIT,,,,True,False,True,True,True,COMMIT,,5.825357952023454,0.0,False,,15,5,False,,2PC,18,0.0,,0,80.0,1.0
COMMIT,COMMIT,COMMIT,COMMIT,COMMIT,,,,True,False,True,True,True,COMMIT,,5.585649781759706,0.0,False,,15,5,False,,2PC,19,0.0,,0,80.0,1.0
COMMIT,COMMIT,COMMIT,COMMIT,COMMIT,,,,True,False,True,True,True,COMMIT,,6.191276314360895,0.0,False,,15,5,False,,2PC,20,0.0,,0,80.0,1.0
COMMIT,COMMIT,COMMIT,COMMIT,COMMIT,,,,True,False,True,True,True,COMMIT,,5.599871269939222,0.0,False,,15,5,False,,2PC,21,0.0,,0,80.0,1.0
COMMIT,COMMIT,COMMIT,COMMIT,COMMIT,,,,True,False,True,True,True,COMMIT,,5.176555958482521,0.0,False,,15,5,False,,2PC,22,0.0,,0,80.0,1.0
COMMIT,COMMIT,COMMIT,COMMIT,COMMIT,,,,True,False,True,True,True,COMMIT,,5.90263273850678,0.0,False,,15,5,False,,2PC,23,0.0,,0,80.0,1.0
COMMIT,COMMIT,COMMIT,COMMIT,COMMIT,,,,True,False,True,True,True,COMMIT,,6.247788257259859,0.0,False,,15,5,False,,2PC,24,0.0,,0,80.0,1.0
COMMIT,COMMIT,COMMIT,COMMIT,COMMIT,,,,True,False,True,True,True,COMMIT,,6.689480910297817,0.0,False,,15,5,False,,2PC,25,0.0,,0,80.0,1.0
COMMIT,COMMIT,COMMIT,COMMIT,COMMIT,,,,True,False,True,True,True,COMMIT,,6.510659823647824,0.0,False,,15,5,False,,2PC,26,0.0,,0,80.0,1.0
COMMIT,COMMIT,COMMIT,COMMIT,COMMIT,,,,True,False,True,True,True,COMMIT,,5.378499470730086,0.0,False,,15,5,False,,2PC,27,0.0,,0,80.0,1.0
COMMIT,COMMIT,COMMIT,COMMIT,COMMIT,,,,True,False,True,True,True,COMMIT,,6.079668475713921,0.0,False,,15,5,False,,2PC,28,0.0,,0,80.0,1.0
COMMIT,COMMIT,COMMIT,COMMIT,COMMIT,,,,True,False,True,True,True,COMMIT,,5.727891435361685,0.0,False,,15,5,False,,2PC,29,0.0,,0,80.0,1.0
,,,,,,,,False,False,False,True,False,,,,0.1,False,,10,5,False,,2PC,0,0.0,,5,80.0,1.0
,,,,,,,,False,False,False,True,False,,,,0.1,False,,9,5,False,,2PC,1,0.0,,5,80.0,1.0
,,,,,,,,False,False,False,True,False,,,,0.1,False,,9,5,False,,2PC,2,0.0,,5,80.0,1.0
,,,,,,,,False,False,False,True,False,,,,0.1,False,,9,5,False,,2PC,3,0.0,,5,80.0,1.0
COMMIT,COMMIT,COMMIT,COMMIT,COMMIT,,,,True,False,True,True,True,COMMIT,,5.808686078905223,0.1,False,,15,5,False,,2PC,4,0.0,,0,80.0,1.0
,,,,,,,,False,False,False,True,False,,,,0.1,False,,9,5,False,,2PC,5,0.0,,5,80.0,1.0
,,,,,,,,False,False,False,True,False,,,,0.1,False,,10,5,False,,2PC,6,0.0,,5,80.0,1.0
,,,,,,,,False,False,False,True,False,,,,0.1,False,,10,5,False,,2PC,7,0.0,,5,80.0,1.0
,,,,,,,,False,False,False,True,False,,,,0.1,False,,9,5,False,,2PC,8,0.0,,5,80.0,1.0
COMMIT,COMMIT,COMMIT,COMMIT,COMMIT,,,,True,False,True,True,True,COMMIT,,4.917640455166916,0.1,False,,15,5,False,,2PC,9,0.0,,0,80.0,1.0
,,,,,,,,False,False,False,True,False,,,,0.1,False,,9,5,False,,2PC,10,0.0,,5,80.0,1.0
,,,,,,,,False,False,False,True,False,,,,0.1,False,,10,5,False,,2PC,11,0.0,,5,80.0,1.0
,,,,,,,,False,False,False,True,False,,,,0.1,False,,10,5,False,,2PC,12,0.0,,5,80.0,1.0
,,,,,,,,False,False,False,True,False,,,,0.1,False,,9,5,False,,2PC,13,0.0,,5,80.0,1.0
COMMIT,,COMMIT,COMMIT,COMMIT,,,,False,False,False,True,True,COMMIT,,6.336816491213642,0.1,False,,15,5,True,,2PC,14,0.0,,1,80.0,1.0
,,,,,,,,False,False,False,True,False,,,,0.1,False,,8,5,False,,2PC,15,0.0,,5,80.0,1.0
,,,,,,,,False,False,False,True,False,,,,0.1,False,,9,5,False,,2PC,16,0.0,,5,80.0,1.0
,,,,,,,,False,False,False,True,False,,,,0.1,False,,9,5,False,,2PC,17,0.0,,5,80.0,1.0
COMMIT,COMMIT,COMMIT,COMMIT,COMMIT,,,,True,False,True,True,True,COMMIT,,5.4373804329701585,0.1,False,,15,5,False,,2PC,18,0.0,,0,80.0,1.0
COMMIT,COMMIT,COMMIT,COMMIT,COMMIT,,,,True,False,True,True,True,COMMIT,,5.1984004570306785,0.1,False,,15,5,False,,2PC,19,0.0,,0,80.0,1.0
COMMIT,COMMIT,COMMIT,COMMIT,COMMIT,,,,True,False,True,True,True,COMMIT,,5.633535984614845,0.1,False,,15,5,False,,2PC,20,0.0,,0,80.0,1.0
COMMIT,COMMIT,COMMIT,COMMIT,COMMIT,,,,True,False,True,True,True,COMMIT,,5.659056364533913,0.1,False,,15,5,False,,2PC,21,0.0,,0,80.0,1.0
,,,,,,,,False,False,False,True,False,,,,0.1,False,,9,5,False,,2PC,22,0.0,,5,80.0,1.0
COMMIT,COMMIT,COMMIT,COMMIT,,,,,False,False,False,True,True,COMMIT,,6.243295163606279,0.1,False,,15,5,True,,2PC,23,0.0,,1,80.0,1.0
,,,,,,,,False,False,False,True,False,,,,0.1,False,,8,5,False,,2PC,24,0.0,,5,80.0,1.0
COMMIT,COMMIT,COMMIT,,COMMIT,,,,False,False,False,True,True,COMMIT,,5.394259882249954,0.1,False,,15,5,True,,2PC,25,0.0,,1,80.0,1.0
,,,,,,,,False,False,False,True,False,,,,0.1,False,,9,5,False,,2PC,26,0.0,,5,80.0,1.0
,,,,,,,,False,False,False,True,False,,,,0.1,False,,10,5,False,,2PC,27,0.0,,5,80.0,1.0
,,,,,,,,False,False,False,True,False,,,,0.1,False,,10,5,False,,2PC,28,0.0,,5,80.0,1.0
COMMIT,,COMMIT,COMMIT,COMMIT,,,,False,False,False,True,True,COMMIT,,6.8181092869068305,0.1,False,,15,5,True,,2PC,29,0.0,,1,80.0,1.0
,,,,,,,,False,False,False,True,False,,,,0.2,False,,10,5,False,,2PC,0,0.0,,5,80.0,1.0
,,,,,,,,False,False,False,True,False,,,,0.2,False,,9,5,False,,2PC,1,0.0,,5,80.0,1.0
,,,,,,,,False,False,False,True,False,,,,0.2,False,,8,5,False,,2PC,2,0.0,,5,80.0,1.0
,,,,,,,,False,False,False,True,False,,,,0.2,False,,8,5,False,,2PC,3,0.0,,5,80.0,1.0
,,,,,,,,False,False,False,True,False,,,,0.2,False,,10,5,False,,2PC,4,0.0,,5,80.0,1.0
,,,,,,,,False,False,False,True,False,,,,0.2,False,,7,5,False,,2PC,5,0.0,,5,80.0,1.0
,,,,,,,,False,False,False,True,False,,,,0.2,False,,9,5,False,,2PC,6,0.0,,5,80.0,1.0
,,,,,,,,False,False,False,True,False,,,,0.2,False,,10,5,False,,2PC,7,0.0,,5,80.0,1.0
,,,,,,,,False,False,False,True,False,,,,0.2,False,,9,5,False,,2PC,8,0.0,,5,80.0,1.0
,,,,,,,,False,False,False,True,False,,,,0.2,False,,10,5,False,,2PC,9,0.0,,5,80.0,1.0
,,,,,,,,False,False,False,True,False,,,,0.2,False,,9,5,False,,2PC,10,0.0,,5,80.0,1.0
,,,,,,,,False,False,False,True,False,,,,0.2,False,,10,5,False,,2PC,11,0.0,,5,80.0,1.0
,,,,,,,,False,False,False,True,False,,,,0.2,False,,10,5,False,,2PC,12,0.0,,5,80.0,1.0
,,,,,,,,False,False,False,True,False,,,,0.2,False,,8,5,False,,2PC,13,0.0,,5,80.0,1.0
,,,,,,,,False,False,False,True,False,,,,0.2,False,,9,5,False,,2PC,14,0.0,,5,80.0,1.0
,,,,,,,,False,False,False,True,False,,,,0.2,False,,8,5,False,,2PC,15,0.0,,5,80.0,1.0
,,,,,,,,False,False,False,True,False,,,,0.2,False,,8,5,False,,2PC,16,0.0,,5,80.0,1.0
,,,,,,,,False,False,False,True,False,,,,0.2,False,,9,5,False,,2PC,17,0.0,,5,80.0,1.0
,,,,,,,,False,False,False,True,False,,,,0.2,False,,10,5,False,,2PC,18,0.0,,5,80.0,1.0
COMMIT,COMMIT,COMMIT,COMMIT,COMMIT,,,,True,False,True,True,True,COMMIT,,5.1984004570306785,0.2,False,,15,5,False,,2PC,19,0.0,,0,80.0,1.0
,,,,,,,,False,False,False,True,False,,,,0.2,False,,9,5,False,,2PC,20,0.0,,5,80.0,1.0
COMMIT,COMMIT,COMMIT,COMMIT,COMMIT,,,,True,False,True,True,True,COMMIT,,5.659056364533913,0.2,False,,15,5,False,,2PC,21,0.0,,0,80.0,1.0
,,,,,,,,False,False,False,True,False,,,,0.2,False,,9,5,False,,2PC,22,0.0,,5,80.0,1.0
,COMMIT,COMMIT,,,,,,False,False,False,True,True,COMMIT,,6.243295163606279,0.2,False,,15,5,True,,2PC,23,0.0,,3,80.0,1.0
,,,,,,,,False,False,False,True,False,,,,0.2,False,,8,5,False,,2PC,24,0.0,,5,80.0,1.0
,,,,,,,,False,False,False,True,False,,,,0.2,False,,8,5,False,,2PC,25,0.0,,5,80.0,1.0
,,,,,,,,False,False,False,True,False,,,,0.2,False,,7,5,False,,2PC,26,0.0,,5,80.0,1.0
,,,,,,,,False,False,False,True,False,,,,0.2,False,,8,5,False,,2PC,27,0.0,,5,80.0,1.0
,,,,,,,,False,False,False,True,False,,,,0.2,False,,10,5,False,,2PC,28,0.0,,5,80.0,1.0
COMMIT,,COMMIT,COMMIT,COMMIT,,,,False,False,False,True,True,COMMIT,,6.8181092869068305,0.2,False,,15,5,True,,2PC,29,0.0,,1,80.0,1.0
,,,,,,,,False,False,False,True,False,,,,0.3,False,,10,5,False,,2PC,0,0.0,,5,80.0,1.0
,,,,,,,,False,False,False,True,False,,,,0.3,False,,9,5,False,,2PC,1,0.0,,5,80.0,1.0
,,,,,,,,False,False,False,True,False,,,,0.3,False,,8,5,False,,2PC,2,0.0,,5,80.0,1.0
,,,,,,,,False,False,False,True,False,,,,0.3,False,,6,5,False,,2PC,3,0.0,,5,80.0,1.0
,,,,,,,,False,False,False,True,False,,,,0.3,False,,10,5,False,,2PC,4,0.0,,5,80.0,1.0
,,,,,,,,False,False,False,True,False,,,,0.3,False,,8,5,False,,2PC,5,0.0,,5,80.0,1.0
,,,,,,,,False,False,False,True,False,,,,0.3,False,,9,5,False,,2PC,6,0.0,,5,80.0,1.0
,,,,,,,,False,False,False,True,False,,,,0.3,False,,10,5,False,,2PC,7,0.0,,5,80.0,1.0
,,,,,,,,False,False,False,True,False,,,,0.3,False,,8,5,False,,2PC,8,0.0,,5,80.0,1.0
,,,,,,,,False,False,False,True,False,,,,0.3,False,,10,5,False,,2PC,9,0.0,,5,80.0,1.0
,,,,,,,,False,False,False,True,False,,,,0.3,False,,8,5,False,,2PC,10,0.0,,5,80.0,1.0
,,,,,,,,False,False,False,True,False,,,,0.3,False,,9,5,False,,2PC,11,0.0,,5,80.0,1.0
,,,,,,,,False,False,False,True,False,,,,0.3,False,,10,5,False,,2PC,12,0.0,,5,80.0,1.0
,,,,,,,,False,False,False,True,False,,,,0.3,False,,8,5,False,,2PC,13,0.0,,5,80.0,1.0
,,,,,,,,False,False,False,True,False,,,,0.3,False,,9,5,False,,2PC,14,0.0,,5,80.0,1.0
,,,,,,,,False,False,False,True,False,,,,0.3,False,,8,5,False,,2PC,15,0.0,,5,80.0,1.0
,,,,,,,,False,False,False,True,False,,,,0.3,False,,7,5,False,,2PC,16,0.0,,5,80.0,1.0
,,,,,,,,False,False,False,True,False,,,,0.3,False,,7,5,False,,2PC,17,0.0,,5,80.0,1.0
,,,,,,,,False,False,False,True,False,,,,0.3,False,,9,5,False,,2PC,18,0.0,,5,80.0,1.0
,,,,,,,,False,False,False,True,False,,,,0.3,False,,9,5,False,,2PC,19,0.0,,5,80.0,1.0
,,,,,,,,False,False,False,True,False,,,,0.3,False,,9,5,False,,2PC,20,0.0,,5,80.0,1.0
,,,,,,,,False,False,False,True,False,,,,0.3,False,,9,5,False,,2PC,21,0.0,,5,80.0,1.0
,,,,,,,,False,False,False,True,False,,,,0.3,False,,9,5,False,,2PC,22,0.0,,5,80.0,1.0
,,,,,,,,False,False,False,True,False,,,,0.3,False,,10,5,False,,2PC,23,0.0,,5,80.0,1.0
,,,,,,,,False,False,False,True,False,,,,0.3,False,,8,5,False,,2PC,24,0.0,,5,80.0,1.0
,,,,,,,,False,False,False,True,False,,,,0.3,False,,8,5,False,,2PC,25,0.0,,5,80.0,1.0
,,,,,,,,False,False,False,True,False,,,,0.3,False,,7,5,False,,2PC,26,0.0,,5,80.0,1.0
,,,,,,,,False,False,False,True,False,,,,0.3,False,,8,5,False,,2PC,27,0.0,,5,80.0,1.0
,,,,,,,,False,False,False,True,False,,,,0.3,False,,9,5,False,,2PC,28,0.0,,5,80.0,1.0
,,,,,,,,False,False,False,True,False,,,,0.3,False,,10,5,False,,2PC,29,0.0,,5,80.0,1.0
,,,,,,,,False,False,False,True,False,,,,0.4,False,,9,5,False,,2PC,0,0.0,,5,80.0,1.0
,,,,,,,,False,False,False,True,False,,,,0.4,False,,9,5,False,,2PC,1,0.0,,5,80.0,1.0
,,,,,,,,False,False,False,True,False,,,,0.4,False,,8,5,False,,2PC,2,0.0,,5,80.0,1.0
,,,,,,,,False,False,False,True,False,,,,0.4,False,,8,5,False,,2PC,3,0.0,,5,80.0,1.0
,,,,,,,,False,False,False,True,False,,,,0.4,False,,8,5,False,,2PC,4,0.0,,5,80.0,1.0
,,,,,,,,False,False,False,True,False,,,,0.4,False,,8,5,False,,2PC,5,0.0,,5,80.0,1.0
,,,,,,,,False,False,False,True,False,,,,0.4,False,,7,5,False,,2PC,6,0.0,,5,80.0,1.0
,,,,,,,,False,False,False,True,False,,,,0.4,False,,10,5,False,,2PC,7,0.0,,5,80.0,1.0
,,,,,,,,False,False,False,True,False,,,,0.4,False,,8,5,False,,2PC,8,0.0,,5,80.0,1.0
,,,,,,,,False,False,False,True,False,,,,0.4,False,,10,5,False,,2PC,9,0.0,,5,80.0,1.0
,,,,,,,,False,False,False,True,False,,,,0.4,False,,8,5,False,,2PC,10,0.0,,5,80.0,1.0
,,,,,,,,False,False,False,True,False,,,,0.4,False,,8,5,False,,2PC,11,0.0,,5,80.0,1.0
,,,,,,,,False,False,False,True,False,,,,0.4,False,,8,5,False,,2PC,12,0.0,,5,80.0,1.0
,,,,,,,,False,False,False,True,False,,,,0.4,False,,8,5,False,,2PC,13,0.0,,5,80.0,1.0
,,,,,,,,False,False,False,True,False,,,,0.4,False,,9,5,False,,2PC,14,0.0,,5,80.0,1.0
,,,,,,,,False,False,False,True,False,,,,0.4,False,,8,5,False,,2PC,15,0.0,,5,80.0,1.0
,,,,,,,,False,False,False,True,False,,,,0.4,False,,7,5,False,,2PC,16,0.0,,5,80.0,1.0
,,,,,,,,False,False,False,True,False,,,,0.4,False,,7,5,False,,2PC,17,0.0,,5,80.0,1.0
,,,,,,,,False,False,False,True,False,,,,0.4,False,,8,5,False,,2PC,18,0.0,,5,80.0,1.0
,,,,,,,,False,False,False,True,False,,,,0.4,False,,9,5,False,,2PC,19,0.0,,5,80.0,1.0
,,,,,,,,False,False,False,True,False,,,,0.4,False,,9,5,False,,2PC,20,0.0,,5,80.0,1.0
,,,,,,,,False,False,False,True,False,,,,0.4,False,,9,5,False,,2PC,21,0.0,,5,80.0,1.0
,,,,,,,,False,False,False,True,False,,,,0.4,False,,8,5,False,,2PC,22,0.0,,5,80.0,1.0
,,,,,,,,False,False,False,True,False,,,,0.4,False,,10,5,False,,2PC,23,0.0,,5,80.0,1.0
,,,,,,,,False,False,False,True,False,,,,0.4,False,,8,5,False,,2PC,24,0.0,,5,80.0,1.0
,,,,,,,,False,False,False,True,False,,,,0.4,False,,6,5,False,,2PC,25,0.0,,5,80.0,1.0
,,,,,,,,False,False,False,True,False,,,,0.4,False,,7,5,False,,2PC,26,0.0,,5,80.0,1.0
,,,,,,,,False,False,False,True,False,,,,0.4,False,,8,5,False,,2PC,27,0.0,,5,80.0,1.0
,,,,,,,,False,False,False,True,False,,,,0.4,False,,8,5,False,,2PC,28,0.0,,5,80.0,1.0
,,,,,,,,False,False,False,True,False,,,,0.4,False,,9,5,False,,2PC,29,0.0,,5,80.0,1.0
COMMIT,COMMIT,COMMIT,COMMIT,COMMIT,COMMIT,COMMIT,COMMIT,True,False,True,True,True,COMMIT,,9.320010709349798,0.0,False,,24,8,False,,2PC,0,0.0,,0,80.0,1.0
COMMIT,COMMIT,COMMIT,COMMIT,COMMIT,COMMIT,COMMIT,COMMIT,True,False,True,True,True,COMMIT,,8.845107584512125,0.0,False,,24,8,False,,2PC,1,0.0,,0,80.0,1.0
COMMIT,COMMIT,COMMIT,COMMIT,COMMIT,COMMIT,COMMIT,COMMIT,True,False,True,True,True,COMMIT,,9.133196923559744,0.0,False,,24,8,False,,2PC,2,0.0,,0,80.0,1.0
COMMIT,COMMIT,COMMIT,COMMIT,COMMIT,COMMIT,COMMIT,COMMIT,True,False,True,True,True,COMMIT,,8.55215796387021,0.0,False,,24,8,False,,2PC,3,0.0,,0,80.0,1.0
COMMIT,COMMIT,COMMIT,COMMIT,COMMIT,COMMIT,COMMIT,COMMIT,True,False,True,True,True,COMMIT,,9.441614788197006,0.0,False,,24,8,False,,2PC,4,0.0,,0,80.0,1.0
COMMIT,COMMIT,COMMIT,COMMIT,COMMIT,COMMIT,COMMIT,COMMIT,True,False,True,True,True,COMMIT,,8.453734430364797,0.0,False,,24,8,False,,2PC,5,0.0,,0,80.0,1.0
COMMIT,COMMIT,COMMIT,COMMIT,COMMIT,COMMIT,COMMIT,COMMIT,True,False,True,True,True,COMMIT,,7.869301080630022,0.0,False,,24,8,False,,2PC,6,0.0,,0,80.0,1.0
COMMIT,COMMIT,COMMIT,COMMIT,COMMIT,COMMIT,COMMIT,COMMIT,True,False,True,True,True,COMMIT,,8.105761939262306,0.0,False,,24,8,False,,2PC,7,0.0,,0,80.0,1.0
COMMIT,COMMIT,COMMIT,COMMIT,COMMIT,COMMIT,COMMIT,COMMIT,True,False,True,True,True,COMMIT,,8.669678634427306,0.0,False,,24,8,False,,2PC,8,0.0,,0,80.0,1.0
COMMIT,COMMIT,COMMIT,COMMIT,COMMIT,COMMIT,COMMIT,COMMIT,True,False,True,True,True,COMMIT,,9.613097875296717,0.0,False,,24,8,False,,2PC,9,0.0,,0,80.0,1.0
COMMIT,COMMIT,COMMIT,COMMIT,COMMIT,COMMIT,COMMIT,COMMIT,True,False,True,True,True,COMMIT,,7.734341055881834,0.0,False,,24,8,False,,2PC,10,0.0,,0,80.0,1.0
COMMIT,COMMIT,COMMIT,COMMIT,COMMIT,COMMIT,COMMIT,COMMIT,True,False,True,True,True,COMMIT,,8.759776287791608,0.0,False,,24,8,False,,2PC,11,0.0,,0,80.0,1.0
COMMIT,COMMIT,COMMIT,COMMIT,COMMIT,COMMIT,COMMIT,COMMIT,True,False,True,True,True,COMMIT,,8.644313230716508,0.0,False,,24,8,False,,2PC,12,0.0,,0,80.0,1.0
COMMIT,COMMIT,COMMIT,COMMIT,COMMIT,COMMIT,COMMIT,COMMIT,True,False,True,True,True,COMMIT,,8.034824766680545,0.0,False,,24,8,False,,2PC,13,0.0,,0,80.0,1.0
COMMIT,COMMIT,COMMIT,COMMIT,COMMIT,COMMIT,COMMIT,COMMIT,True,False,True,True,True,COMMIT,,8.338050500185018,0.0,False,,24,8,False,,2PC,14,0.0,,0,80.0,1.0
COMMIT,COMMIT,COMMIT,COMMIT,COMMIT,COMMIT,COMMIT,COMMIT,True,False,True,True,True,COMMIT,,9.219512866851742,0.0,False,,24,8,False,,2PC,15,0.0,,0,80.0,1.0
COMMIT,COMMIT,COMMIT,COMMIT,COMMIT,COMMIT,COMMIT,COMMIT,True,False,True,True,True,COMMIT,,8.623802923189073,0.0,False,,24,8,False,,2PC,16,0.0,,0,80.0,1.0
COMMIT,COMMIT,COMMIT,COMMIT,COMMIT,COMMIT,COMMIT,COMMIT,True,False,True,True,True,COMMIT,,9.441479256646188,0.0,False,,24,8,False,,2PC,17,0.0,,0,80.0,1.0
COMMIT,COMMIT,COMMIT,COMMIT,COMMIT,COMMIT,COMMIT,COMMIT,True,False,True,True,True,COMMIT,,8.032693305377386,0.0,False,,24,8,False,,2PC,18,0.0,,0,80.0,1.0
COMMIT,COMMIT,COMMIT,COMMIT,COMMIT,COMMIT,COMMIT,COMMIT,True,False,True,True,True,COMMIT,,8.668884793417748,0.0,False,,24,8,False,,2PC,19,0.0,,0,80.0,1.0
COMMIT,COMMIT,COMMIT,COMMIT,COMMIT,COMMIT,COMMIT,COMMIT,True,False,True,True,True,COMMIT,,8.35360178242464,0.0,False,,24,8,False,,2PC,20,0.0,,0,80.0,1.0
COMMIT,COMMIT,COMMIT,COMMIT,COMMIT,COMMIT,COMMIT,COMMIT,True,False,True,True,True,COMMIT,,8.765752317642088,0.0,False,,24,8,False,,2PC,21,0.0,,0,80.0,1.0
COMMIT,COMMIT,COMMIT,COMMIT,COMMIT,COMMIT,COMMIT,COMMIT,True,False,True,True,True,COMMIT,,8.63520416772418,0.0,False,,24,8,False,,2PC,22,0.0,,0,80.0,1.0
COMMIT,COMMIT,COMMIT,COMMIT,COMMIT,COMMIT,COMMIT,COMMIT,True,False,True,True,True,COMMIT,,8.014371859100406,0.0,False,,24,8,False,,2PC,23,0.0,,0,80.0,1.0
COMMIT,COMMIT,COMMIT,COMMIT,COMMIT,COMMIT,COMMIT,COMMIT,True,False,True,True,True,COMMIT,,8.867462346710903,0.0,False,,24,8,False,,2PC,24,0.0,,0,80.0,1.0
COMMIT,COMMIT,COMMIT,COMMIT,COMMIT,COMMIT,COMMIT,COMMIT,True,False,True,True,True,COMMIT,,8.763492416084327,0.0,False,,24,8,False,,2PC,25,0.0,,0,80.0,1.0
COMMIT,COMMIT,COMMIT,COMMIT,COMMIT,COMMIT,COMMIT,COMMIT,True,False,True,True,True,COMMIT,,8.869196197713633,0.0,False,,24,8,False,,2PC,26,0.0,,0,80.0,1.0
COMMIT,COMMIT,COMMIT,COMMIT,COMMIT,COMMIT,COMMIT,COMMIT,True,False,True,True,True,COMMIT,,8.729250202507917,0.0,False,,24,8,False,,2PC,27,0.0,,0,80.0,1.0
COMMIT,COMMIT,COMMIT,COMMIT,COMMIT,COMMIT,COMMIT,COMMIT,True,False,True,True,True,COMMIT,,7.84056511471947,0.0,False,,24,8,False,,2PC,28,0.0,,0,80.0,1.0
COMMIT,COMMIT,COMMIT,COMMIT,COMMIT,COMMIT,COMMIT,COMMIT,True,False,True,True,True,COMMIT,,9.108454547644941,0.0,False,,24,8,False,,2PC,29,0.0,,0,80.0,1.0
,,,,,,,,False,False,False,True,False,,,,0.1,False,,15,8,False,,2PC,0,0.0,,8,80.0,1.0
,,,,,,,,False,False,False,True,False,,,,0.1,False,,15,8,False,,2PC,1,0.0,,8,80.0,1.0
,,,,,,,,False,False,False,True,False,,,,0.1,False,,15,8,False,,2PC,2,0.0,,8,80.0,1.0
,,,,,,,,False,False,False,True,False,,,,0.1,False,,14,8,False,,2PC,3,0.0,,8,80.0,1.0
,,,,,,,,False,False,False,True,False,,,,0.1,False,,15,8,False,,2PC,4,0.0,,8,80.0,1.0
COMMIT,COMMIT,COMMIT,COMMIT,,COMMIT,COMMIT,COMMIT,False,False,False,True,True,COMMIT,,8.685576538943298,0.1,False,,24,8,True,,2PC,5,0.0,,1,80.0,1.0
,,,,,,,,False,False,False,True,False,,,,0.1,False,,16,8,False,,2PC,6,0.0,,8,80.0,1.0
,,,,,,,,False,False,False,True,False,,,,0.1,False,,15,8,False,,2PC,7,0.0,,8,80.0,1.0
,,,,,,,,False,False,False,True,False,,,,0.1,False,,15,8,False,,2PC,8,0.0,,8,80.0,1.0
,,,,,,,,False,False,False,True,False,,,,0.1,False,,14,8,False,,2PC,9,0.0,,8,80.0,1.0
,,,,,,,,False,False,False,True,False,,,,0.1,False,,16,8,False,,2PC,10,0.0,,8,80.0,1.0
,,,,,,,,False,False,False,True,False,,,,0.1,False,,12,8,False,,2PC,11,0.0,,8,80.0,1.0
,,,,,,,,False,False,False,True,False,,,,0.1,False,,15,8,False,,2PC,12,0.0,,8,80.0,1.0
COMMIT,,COMMIT,COMMIT,,COMMIT,COMMIT,COMMIT,False,False,False,True,True,COMMIT,,7.566989709639909,0.1,False,,24,8,True,,2PC,13,0.0,,2,80.0,1.0
,,,,,,,,False,False,False,True,False,,,,0.1,False,,14,8,False,,2PC,14,0.0,,8,80.0,1.0
,,,,,,,,False,False,False,True,False,,,,0.1,False,,16,8,False,,2PC,15,0.0,,8,80.0,1.0
,,,,,,,,False,False,False,True,False,,,,0.1,False,,16,8,False,,2PC,16,0.0,,8,80.0,1.0
,,,,,,,,False,False,False,True,False,,,,0.1,False,,16,8,False,,2PC,17,0.0,,8,80.0,1.0
,,,,,,,,False,False,False,True,False,,,,0.1,False,,16,8,False,,2PC,18,0.0,,8,80.0,1.0
COMMIT,COMMIT,COMMIT,COMMIT,COMMIT,COMMIT,COMMIT,COMMIT,True,False,True,True,True,COMMIT,,8.508273853925932,0.1,False,,24,8,False,,2PC,19,0.0,,0,80.0,1.0
,,,,,,,,False,False,False,True,False,,,,0.1,False,,15,8,False,,2PC,20,0.0,,8,80.0,1.0
,,,,,,,,False,False,False,True,False,,,,0.1,False,,16,8,False,,2PC,21,0.0,,8,80.0,1.0
,,,,,,,,False,False,False,True,False,,,,0.1,False,,16,8,False,,2PC,22,0.0,,8,80.0,1.0
,,,,,,,,False,False,False,True,False,,,,0.1,False,,15,8,False,,2PC,23,0.0,,8,80.0,1.0
,,,,,,,,False,False,False,True,False,,,,0.1,False,,16,8,False,,2PC,24,0.0,,8,80.0,1.0
,,,,,,,,False,False,False,True,False,,,,0.1,False,,15,8,False,,2PC,25,0.0,,8,80.0,1.0
,,,,,,,,False,False,False,True,False,,,,0.1,False,,14,8,False,,2PC,26,0.0,,8,80.0,1.0
,,,,,,,,False,False,False,True,False,,,,0.1,False,,15,8,False,,2PC,27,0.0,,8,80.0,1.0
,,,,,,,,False,False,False,True,False,,,,0.1,False,,15,8,False,,2PC,28,0.0,,8,80.0,1.0
,,,,,,,,False,False,False,True,False,,,,0.1,False,,13,8,False,,2PC,29,0.0,,8,80.0,1.0
,,,,,,,,False,False,False,True,False,,,,0.2,False,,15,8,False,,2PC,0,0.0,,8,80.0,1.0
,,,,,,,,False,False,False,True,False,,,,0.2,False,,14,8,False,,2PC,1,0.0,,8,80.0,1.0
,,,,,,,,False,False,False,True,False,,,,0.2,False,,14,8,False,,2PC,2,0.0,,8,80.0,1.0
,,,,,,,,False,False,False,True,False,,,,0.2,False,,13,8,False,,2PC,3,0.0,,8,80.0,1.0
,,,,,,,,False,False,False,True,False,,,,0.2,False,,13,8,False,,2PC,4,0.0,,8,80.0,1.0
,,,,,,,,False,False,False,True,False,,,,0.2,False,,15,8,False,,2PC,5,0.0,,8,80.0,1.0
,,,,,,,,False,False,False,True,False,,,,0.2,False,,15,8,False,,2PC,6,0.0,,8,80.0,1.0
,,,,,,,,False,False,False,True,False,,,,0.2,False,,14,8,False,,2PC,7,0.0,,8,80.0,1.0
,,,,,,,,False,False,False,True,False,,,,0.2,False,,15,8,False,,2PC,8,0.0,,8,80.0,1.0
,,,,,,,,False,False,False,True,False,,,,0.2,False,,14,8,False,,2PC,9,0.0,,8,80.0,1.0
,,,,,,,,False,False,False,True,False,,,,0.2,False,,15,8,False,,2PC,10,0.0,,8,80.0,1.0
,,,,,,,,False,False,False,True,False,,,,0.2,False,,12,8,False,,2PC,11,0.0,,8,80.0,1.0
,,,,,,,,False,False,False,True,False,,,,0.2,False,,13,8,False,,2PC,12,0.0,,8,80.0,1.0
,,,,,,,,False,False,False,True,False,,,,0.2,False,,16,8,False,,2PC,13,0.0,,8,80.0,1.0
,,,,,,,,False,False,False,True,False,,,,0.2,False,,13,8,False,,2PC,14,0.0,,8,80.0,1.0
,,,,,,,,False,False,False,True,False,,,,0.2,False,,15,8,False,,2PC,15,0.0,,8,80.0,1.0
,,,,,,,,False,False,False,True,False,,,,0.2,False,,16,8,False,,2PC,16,0.0,,8,80.0,1.0
,,,,,,,,False,False,False,True,False,,,,0.2,False,,13,8,False,,2PC,17,0.0,,8,80.0,1.0
,,,,,,,,False,False,False,True,False,,,,0.2,False,,16,8,False,,2PC,18,0.0,,8,80.0,1.0
COMMIT,COMMIT,COMMIT,COMMIT,COMMIT,COMMIT,COMMIT,COMMIT,True,False,True,True,True,COMMIT,,8.508273853925932,0.2,False,,24,8,False,,2PC,19,0.0,,0,80.0,1.0
,,,,,,,,False,False,False,True,False,,,,0.2,False,,13,8,False,,2PC,20,0.0,,8,80.0,1.0
,,,,,,,,False,False,False,True,False,,,,0.2,False,,14,8,False,,2PC,21,0.0,,8,80.0,1.0
,,,,,,,,False,False,False,True,False,,,,0.2,False,,15,8,False,,2PC,22,0.0,,8,80.0,1.0
,,,,,,,,False,False,False,True,False,,,,0.2,False,,14,8,False,,2PC,23,0.0,,8,80.0,1.0
,,,,,,,,False,False,False,True,False,,,,0.2,False,,15,8,False,,2PC,24,0.0,,8,80.0,1.0
,,,,,,,,False,False,False,True,False,,,,0.2,False,,15,8,False,,2PC,25,0.0,,8,80.0,1.0
,,,,,,,,False,False,False,True,False,,,,0.2,False,,14,8,False,,2PC,26,0.0,,8,80.0,1.0
,,,,,,,,False,False,False,True,False,,,,0.2,False,,14,8,False,,2PC,27,0.0,,8,80.0,1.0
,,,,,,,,False,False,False,True,False,,,,0.2,False,,15,8,False,,2PC,28,0.0,,8,80.0,1.0
,,,,,,,,False,False,False,True,False,,,,0.2,False,,13,8,False,,2PC,29,0.0,,8,80.0,1.0
,,,,,,,,False,False,False,True,False,,,,0.3,False,,14,8,False,,2PC,0,0.0,,8,80.0,1.0
,,,,,,,,False,False,False,True,False,,,,0.3,False,,13,8,False,,2PC,1,0.0,,8,80.0,1.0
,,,,,,,,False,False,False,True,False,,,,0.3,False,,14,8,False,,2PC,2,0.0,,8,80.0,1.0
,,,,,,,,False,False,False,True,False,,,,0.3,False,,13,8,False,,2PC,3,0.0,,8,80.0,1.0
,,,,,,,,False,False,False,True,False,,,,0.3,False,,13,8,False,,2PC,4,0.0,,8,80.0,1.0
,,,,,,,,False,False,False,True,False,,,,0.3,False,,13,8,False,,2PC,5,0.0,,8,80.0,1.0
,,,,,,,,False,False,False,True,False,,,,0.3,False,,12,8,False,,2PC,6,0.0,,8,80.0,1.0
,,,,,,,,False,False,False,True,False,,,,0.3,False,,14,8,False,,2PC,7,0.0,,8,80.0,1.0
,,,,,,,,False,False,False,True,False,,,,0.3,False,,15,8,False,,2PC,8,0.0,,8,80.0,1.0
,,,,,,,,False,False,False,True,False,,,,0.3,False,,15,8,False,,2PC,9,0.0,,8,80.0,1.0
,,,,,,,,False,False,False,True,False,,,,0.3,False,,15,8,False,,2PC,10,0.0,,8,80.0,1.0
,,,,,,,,False,False,False,True,False,,,,0.3,False,,13,8,False,,2PC,11,0.0,,8,80.0,1.0
,,,,,,,,False,False,False,True,False,,,,0.3,False,,13,8,False,,2PC,12,0.0,,8,80.0,1.0
,,,,,,,,False,False,False,True,False,,,,0.3,False,,14,8,False,,2PC,13,0.0,,8,80.0,1.0
,,,,,,,,False,False,False,True,False,,,,0.3,False,,13,8,False,,2PC,14,0.0,,8,80.0,1.0
,,,,,,,,False,False,False,True,False,,,,0.3,False,,15,8,False,,2PC,15,0.0,,8,80.0,1.0
,,,,,,,,False,False,False,True,False,,,,0.3,False,,16,8,False,,2PC,16,0.0,,8,80.0,1.0
,,,,,,,,False,False,False,True,False,,,,0.3,False,,13,8,False,,2PC,17,0.0,,8,80.0,1.0
,,,,,,,,False,False,False,True,False,,,,0.3,False,,15,8,False,,2PC,18,0.0,,8,80.0,1.0
,,,,,,,,False,False,False,True,False,,,,0.3,False,,16,8,False,,2PC,19,0.0,,8,80.0,1.0
,,,,,,,,False,False,False,True,False,,,,0.3,False,,12,8,False,,2PC,20,0.0,,8,80.0,1.0
,,,,,,,,False,False,False,True,False,,,,0.3,False,,14,8,False,,2PC,21,0.0,,8,80.0,1.0
,,,,,,,,False,False,False,True,False,,,,0.3,False,,15,8,False,,2PC,22,0.0,,8,80.0,1.0
,,,,,,,,False,False,False,True,False,,,,0.3,False,,13,8,False,,2PC,23,0.0,,8,80.0,1.0
,,,,,,,,False,False,False,True,False,,,,0.3,False,,12,8,False,,2PC,24,0.0,,8,80.0,1.0
,,,,,,,,False,False,False,True,False,,,,0.3,False,,14,8,False,,2PC,25,0.0,,8,80.0,1.0
,,,,,,,,False,False,False,True,False,,,,0.3,False,,11,8,False,,2PC,26,0.0,,8,80.0,1.0
,,,,,,,,False,False,False,True,False,,,,0.3,False,,14,8,False,,2PC,27,0.0,,8,80.0,1.0
,,,,,,,,False,False,False,True,False,,,,0.3,False,,15,8,False,,2PC,28,0.0,,8,80.0,1.0
,,,,,,,,False,False,False,True,False,,,,0.3,False,,12,8,False,,2PC,29,0.0,,8,80.0,1.0
,,,,,,,,False,False,False,True,False,,,,0.4,False,,10,8,False,,2PC,0,0.0,,8,80.0,1.0
,,,,,,,,False,False,False,True,False,,,,0.4,False,,12,8,False,,2PC,1,0.0,,8,80.0,1.0
,,,,,,,,False,False,False,True,False,,,,0.4,False,,14,8,False,,2PC,2,0.0,,8,80.0,1.0
,,,,,,,,False,False,False,True,False,,,,0.4,False,,13,8,False,,2PC,3,0.0,,8,80.0,1.0
,,,,,,,,False,False,False,True,False,,,,0.4,False,,13,8,False,,2PC,4,0.0,,8,80.0,1.0
,,,,,,,,False,False,False,True,False,,,,0.4,False,,11,8,False,,2PC,5,0.0,,8,80.0,1.0
,,,,,,,,False,False,False,True,False,,,,0.4,False,,12,8,False,,2PC,6,0.0,,8,80.0,1.0
,,,,,,,,False,False,False,True,False,,,,0.4,False,,12,8,False,,2PC,7,0.0,,8,80.0,1.0
,,,,,,,,False,False,False,True,False,,,,0.4,False,,15,8,False,,2PC,8,0.0,,8,80.0,1.0
,,,,,,,,False,False,False,True,False,,,,0.4,False,,15,8,False,,2PC,9,0.0,,8,80.0,1.0
,,,,,,,,False,False,False,True,False,,,,0.4,False,,13,8,False,,2PC,10,0.0,,8,80.0,1.0
,,,,,,,,False,False,False,True,False,,,,0.4,False,,13,8,False,,2PC,11,0.0,,8,80.0,1.0
,,,,,,,,False,False,False,True,False,,,,0.4,False,,13,8,False,,2PC,12,0.0,,8,80.0,1.0
,,,,,,,,False,False,False,True,False,,,,0.4,False,,14,8,False,,2PC,13,0.0,,8,80.0,1.0
,,,,,,,,False,False,False,True,False,,,,0.4,False,,13,8,False,,2PC,14,0.0,,8,80.0,1.0
,,,,,,,,False,False,False,True,False,,,,0.4,False,,12,8,False,,2PC,15,0.0,,8,80.0,1.0
,,,,,,,,False,False,False,True,False,,,,0.4,False,,12,8,False,,2PC,16,0.0,,8,80.0,1.0
,,,,,,,,False,False,False,True,False,,,,0.4,False,,13,8,False,,2PC,17,0.0,,8,80.0,1.0
,,,,,,,,False,False,False,True,False,,,,0.4,False,,15,8,False,,2PC,18,0.0,,8,80.0,1.0
,,,,,,,,False,False,False,True,False,,,,0.4,False,,15,8,False,,2PC,19,0.0,,8,80.0,1.0
,,,,,,,,False,False,False,True,False,,,,0.4,False,,12,8,False,,2PC,20,0.0,,8,80.0,1.0
,,,,,,,,False,False,False,True,False,,,,0.4,False,,13,8,False,,2PC,21,0.0,,8,80.0,1.0
,,,,,,,,False,False,False,True,False,,,,0.4,False,,12,8,False,,2PC,22,0.0,,8,80.0,1.0
,,,,,,,,False,False,False,True,False,,,,0.4,False,,12,8,False,,2PC,23,0.0,,8,80.0,1.0
,,,,,,,,False,False,False,True,False,,,,0.4,False,,12,8,False,,2PC,24,0.0,,8,80.0,1.0
,,,,,,,,False,False,False,True,False,,,,0.4,False,,14,8,False,,2PC,25,0.0,,8,80.0,1.0
,,,,,,,,False,False,False,True,False,,,,0.4,False,,11,8,False,,2PC,26,0.0,,8,80.0,1.0
,,,,,,,,False,False,False,True,False,,,,0.4,False,,14,8,False,,2PC,27,0.0,,8,80.0,1.0
,,,,,,,,False,False,False,True,False,,,,0.4,False,,15,8,False,,2PC,28,0.0,,8,80.0,1.0
,,,,,,,,False,False,False,True,False,,,,0.4,False,,11,8,False,,2PC,29,0.0,,8,80.0,1.0
COMMIT,COMMIT,COMMIT,,,,,,True,False,True,True,True,COMMIT,1,7.588705236078584,0.0,False,16,16,3,False,0,2PC_RETRY,0,0.0,1,0,80.0,1.0
COMMIT,COMMIT,COMMIT,,,,,,True,False,True,True,True,COMMIT,0,7.242217996326121,0.0,False,14,14,3,False,1,2PC_RETRY,1,0.0,1,0,80.0,1.0
COMMIT,COMMIT,COMMIT,,,,,,True,False,True,True,True,COMMIT,1,7.6503163871524675,0.0,False,16,16,3,False,0,2PC_RETRY,2,0.0,1,0,80.0,1.0
COMMIT,COMMIT,COMMIT,,,,,,True,False,True,True,True,COMMIT,1,7.3670483458987395,0.0,False,14,14,3,False,0,2PC_RETRY,3,0.0,1,0,80.0,1.0
COMMIT,COMMIT,COMMIT,,,,,,True,False,True,True,True,COMMIT,1,6.968977919182379,0.0,False,14,14,3,False,0,2PC_RETRY,4,0.0,1,0,80.0,1.0
COMMIT,COMMIT,COMMIT,,,,,,True,False,True,True,True,COMMIT,1,8.99703850999999,0.0,False,16,16,3,False,1,2PC_RETRY,5,0.0,2,0,80.0,1.0
COMMIT,COMMIT,COMMIT,,,,,,True,False,True,True,True,COMMIT,1,9.319908790709363,0.0,False,18,18,3,False,1,2PC_RETRY,6,0.0,2,0,80.0,1.0
COMMIT,COMMIT,COMMIT,,,,,,True,False,True,True,True,COMMIT,1,7.1550618828409265,0.0,False,16,16,3,False,1,2PC_RETRY,7,0.0,2,0,80.0,1.0
COMMIT,COMMIT,COMMIT,,,,,,True,False,True,True,True,COMMIT,1,8.207361685350186,0.0,False,14,14,3,False,0,2PC_RETRY,8,0.0,1,0,80.0,1.0
COMMIT,COMMIT,COMMIT,,,,,,True,False,True,True,True,COMMIT,0,6.798810073572284,0.0,False,12,12,3,False,0,2PC_RETRY,9,0.0,0,0,80.0,1.0
COMMIT,COMMIT,COMMIT,,,,,,True,False,True,True,True,COMMIT,1,7.002237430207507,0.0,False,14,14,3,False,0,2PC_RETRY,10,0.0,1,0,80.0,1.0
COMMIT,COMMIT,COMMIT,,,,,,True,False,True,True,True,COMMIT,1,9.12809086256374,0.0,False,16,16,3,False,0,2PC_RETRY,11,0.0,1,0,80.0,1.0
COMMIT,COMMIT,COMMIT,,,,,,True,False,True,True,True,COMMIT,1,7.691282815400104,0.0,False,14,14,3,False,0,2PC_RETRY,12,0.0,1,0,80.0,1.0
COMMIT,COMMIT,COMMIT,,,,,,True,False,True,True,True,COMMIT,1,8.485570620391197,0.0,False,16,16,3,False,0,2PC_RETRY,13,0.0,1,0,80.0,1.0
COMMIT,COMMIT,COMMIT,,,,,,True,False,True,True,True,COMMIT,1,8.388140125845958,0.0,False,16,16,3,False,1,2PC_RETRY,14,0.0,2,0,80.0,1.0
COMMIT,COMMIT,COMMIT,,,,,,True,False,True,True,True,COMMIT,1,7.798313232763769,0.0,False,14,14,3,False,0,2PC_RETRY,15,0.0,1,0,80.0,1.0
COMMIT,COMMIT,COMMIT,,,,,,True,False,True,True,True,COMMIT,1,9.108400844539972,0.0,False,16,16,3,False,0,2PC_RETRY,16,0.0,1,0,80.0,1.0
COMMIT,COMMIT,COMMIT,,,,,,True,False,True,True,True,COMMIT,1,7.616572118190757,0.0,False,14,14,3,False,0,2PC_RETRY,17,0.0,1,0,80.0,1.0
COMMIT,COMMIT,COMMIT,,,,,,True,False,True,True,True,COMMIT,1,9.135652084755986,0.0,False,16,16,3,False,1,2PC_RETRY,18,0.0,2,0,80.0,1.0
COMMIT,COMMIT,COMMIT,,,,,,True,False,True,True,True,COMMIT,1,6.675674225481934,0.0,False,14,14,3,False,0,2PC_RETRY,19,0.0,1,0,80.0,1.0
COMMIT,COMMIT,COMMIT,,,,,,True,False,True,True,True,COMMIT,1,7.713581142130832,0.0,False,14,14,3,False,0,2PC_RETRY,20,0.0,1,0,80.0,1.0
COMMIT,COMMIT,COMMIT,,,,,,True,False,True,True,True,COMMIT,1,9.444460242519124,0.0,False,16,16,3,False,1,2PC_RETRY,21,0.0,2,0,80.0,1.0
COMMIT,COMMIT,COMMIT,,,,,,True,False,True,True,True,COMMIT,1,8.586594814451457,0.0,False,16,16,3,False,0,2PC_RETRY,22,0.0,1,0,80.0,1.0
COMMIT,COMMIT,COMMIT,,,,,,True,False,True,True,True,COMMIT,1,8.407856394730947,0.0,False,14,14,3,False,0,2PC_RETRY,23,0.0,1,0,80.0,1.0
COMMIT,COMMIT,COMMIT,,,,,,True,False,True,True,True,COMMIT,1,7.624958697110814,0.0,False,14,14,3,False,0,2PC_RETRY,24,0.0,1,0,80.0,1.0
COMMIT,COMMIT,COMMIT,,,,,,True,False,True,True,True,COMMIT,1,9.002420194121038,0.0,False,18,18,3,False,1,2PC_RETRY,25,0.0,2,0,80.0,1.0
COMMIT,COMMIT,COMMIT,,,,,,True,False,True,True,True,COMMIT,1,11.078658267200863,0.0,False,18,18,3,False,1,2PC_RETRY,26,0.0,2,0,80.0,1.0
COMMIT,COMMIT,COMMIT,,,,,,True,False,True,True,True,COMMIT,1,8.34248748100279,0.0,False,16,16,3,False,1,2PC_RETRY,27,0.0,2,0,80.0,1.0
COMMIT,COMMIT,COMMIT,,,,,,True,False,True,True,True,COMMIT,1,8.135788902322634,0.0,False,14,14,3,False,0,2PC_RETRY,28,0.0,1,0,80.0,1.0
COMMIT,COMMIT,COMMIT,,,,,,True,False,True,True,True,COMMIT,1,9.417592752112784,0.0,False,18,18,3,False,1,2PC_RETRY,29,0.0,2,0,80.0,1.0
COMMIT,COMMIT,COMMIT,,,,,,True,False,True,True,True,COMMIT,1,13.564707388446143,0.1,False,16,20,3,False,2,2PC_RETRY,0,0.0,3,0,80.0,1.0
COMMIT,COMMIT,COMMIT,,,,,,True,False,True,True,True,COMMIT,1,8.776474924751955,0.1,False,15,16,3,False,1,2PC_RETRY,1,0.0,2,0,80.0,1.0
COMMIT,COMMIT,COMMIT,,,,,,True,False,True,True,True,COMMIT,2,11.226839600810822,0.1,False,14,17,3,False,1,2PC_RETRY,2,0.0,3,0,80.0,1.0
,COMMIT,COMMIT,,,,,,False,False,False,False,False,,2,,0.1,False,12,16,3,False,1,2PC_RETRY,3,0.0,4,1,80.0,1.0
COMMIT,COMMIT,COMMIT,,,,,,True,False,True,True,True,COMMIT,1,7.073146843026792,0.1,False,14,14,3,False,0,2PC_RETRY,4,0.0,1,0,80.0,1.0
COMMIT,COMMIT,COMMIT,,,,,,True,False,True,True,True,COMMIT,1,8.470627170653055,0.1,False,16,16,3,False,1,2PC_RETRY,5,0.0,2,0,80.0,1.0
COMMIT,COMMIT,COMMIT,,,,,,True,False,True,True,True,COMMIT,2,11.326252238265457,0.1,False,16,18,3,False,1,2PC_RETRY,6,0.0,3,0,80.0,1.0
COMMIT,COMMIT,COMMIT,,,,,,True,False,True,True,True,COMMIT,1,10.114901546376394,0.1,False,15,16,3,False,1,2PC_RETRY,7,0.0,2,0,80.0,1.0
COMMIT,COMMIT,COMMIT,,,,,,True,False,True,True,True,COMMIT,1,8.46960938509343,0.1,False,13,15,3,False,1,2PC_RETRY,8,0.0,2,0,80.0,1.0
COMMIT,COMMIT,COMMIT,,,,,,True,False,True,True,True,COMMIT,1,8.004870498775961,0.1,False,14,14,3,False,0,2PC_RETRY,9,0.0,1,0,80.0,1.0
COMMIT,COMMIT,COMMIT,,,,,,True,False,True,True,True,COMMIT,1,9.939030277899585,0.1,False,12,14,3,False,1,2PC_RETRY,10,0.0,2,0,80.0,1.0
ABORT,ABORT,ABORT,,,,,,True,False,True,True,True,ABORT,0,12.989648031840185,0.1,False,10,13,3,False,2,2PC_RETRY,11,0.0,3,0,80.0,1.0
COMMIT,COMMIT,COMMIT,,,,,,True,False,True,True,True,COMMIT,1,9.575521272132281,0.1,False,16,16,3,False,1,2PC_RETRY,12,0.0,2,0,80.0,1.0
COMMIT,COMMIT,COMMIT,,,,,,True,False,True,True,True,COMMIT,1,8.214900480261665,0.1,False,16,16,3,False,1,2PC_RETRY,13,0.0,2,0,80.0,1.0
COMMIT,COMMIT,COMMIT,,,,,,True,False,True,True,True,COMMIT,1,9.043063018057943,0.1,False,14,15,3,False,0,2PC_RETRY,14,0.0,1,0,80.0,1.0
COMMIT,COMMIT,COMMIT,,,,,,True,False,True,True,True,COMMIT,1,9.209800883780376,0.1,False,13,15,3,False,0,2PC_RETRY,15,0.0,1,0,80.0,1.0
COMMIT,COMMIT,COMMIT,,,,,,True,False,True,True,True,COMMIT,1,10.586353549015744,0.1,False,13,16,3,False,1,2PC_RETRY,16,0.0,2,0,80.0,1.0
COMMIT,COMMIT,COMMIT,,,,,,True,False,True,True,True,COMMIT,1,11.39468722313378,0.1,False,14,18,3,False,1,2PC_RETRY,17,0.0,2,0,80.0,1.0
COMMIT,COMMIT,COMMIT,,,,,,True,False,True,True,True,COMMIT,1,9.195963584398708,0.1,False,15,16,3,False,0,2PC_RETRY,18,0.0,1,0,80.0,1.0
COMMIT,COMMIT,COMMIT,,,,,,True,False,True,True,True,COMMIT,1,8.052078784445849,0.1,False,14,15,3,False,0,2PC_RETRY,19,0.0,1,0,80.0,1.0
COMMIT,COMMIT,COMMIT,,,,,,True,False,True,True,True,COMMIT,1,9.765413600618137,0.1,False,17,19,3,False,1,2PC_RETRY,20,0.0,2,0,80.0,1.0
COMMIT,COMMIT,COMMIT,,,,,,True,False,True,True,True,COMMIT,2,10.634394336289672,0.1,False,18,19,3,False,1,2PC_RETRY,21,0.0,3,0,80.0,1.0
COMMIT,COMMIT,COMMIT,,,,,,True,False,True,True,True,COMMIT,1,11.41274917871573,0.1,False,13,17,3,False,1,2PC_RETRY,22,0.0,2,0,80.0,1.0
COMMIT,COMMIT,COMMIT,,,,,,True,False,True,True,True,COMMIT,1,9.013000158742752,0.1,False,16,16,3,False,1,2PC_RETRY,23,0.0,2,0,80.0,1.0
COMMIT,COMMIT,COMMIT,,,,,,True,False,True,True,True,COMMIT,1,8.826674845942831,0.1,False,14,15,3,False,1,2PC_RETRY,24,0.0,2,0,80.0,1.0
COMMIT,COMMIT,COMMIT,,,,,,True,False,True,True,True,COMMIT,1,8.056071948135607,0.1,False,14,14,3,False,0,2PC_RETRY,25,0.0,1,0,80.0,1.0
COMMIT,COMMIT,COMMIT,,,,,,True,False,True,True,True,COMMIT,1,11.899993264597429,0.1,False,13,16,3,False,2,2PC_RETRY,26,0.0,3,0,80.0,1.0
COMMIT,COMMIT,COMMIT,,,,,,True,False,True,True,True,COMMIT,2,15.360805304886398,0.1,False,18,23,3,False,2,2PC_RETRY,27,0.0,4,0,80.0,1.0
COMMIT,COMMIT,COMMIT,,,,,,True,False,True,True,True,COMMIT,1,11.711350351001736,0.1,False,18,21,3,False,2,2PC_RETRY,28,0.0,3,0,80.0,1.0
COMMIT,COMMIT,COMMIT,,,,,,True,False,True,True,True,COMMIT,2,12.989029370180285,0.1,False,14,18,3,False,1,2PC_RETRY,29,0.0,3,0,80.0,1.0
ABORT,ABORT,ABORT,,,,,,True,False,True,True,True,ABORT,2,17.418577854569904,0.2,False,14,22,3,False,2,2PC_RETRY,0,0.0,5,0,80.0,1.0
COMMIT,COMMIT,COMMIT,,,,,,True,False,True,True,True,COMMIT,2,12.289114325837492,0.2,False,15,20,3,False,1,2PC_RETRY,1,0.0,3,0,80.0,1.0
COMMIT,COMMIT,COMMIT,,,,,,False,False,False,False,False,,2,,0.2,False,13,18,3,False,1,2PC_RETRY,2,0.0,4,0,80.0,1.0
COMMIT,COMMIT,COMMIT,,,,,,False,False,False,False,False,,2,,0.2,False,15,22,3,False,1,2PC_RETRY,3,0.0,4,0,80.0,1.0
COMMIT,COMMIT,COMMIT,,,,,,True,False,True,True,True,COMMIT,1,10.061976328531223,0.2,False,13,16,3,False,1,2PC_RETRY,4,0.0,2,0,80.0,1.0
COMMIT,COMMIT,COMMIT,,,,,,True,False,True,True,True,COMMIT,2,12.178087352755943,0.2,False,15,19,3,False,1,2PC_RETRY,5,0.0,3,0,80.0,1.0
ABORT,ABORT,ABORT,,,,,,True,False,True,True,True,ABORT,1,14.121943027144253,0.2,False,12,16,3,False,2,2PC_RETRY,6,0.0,4,0,80.0,1.0
COMMIT,COMMIT,COMMIT,,,,,,True,False,True,True,True,COMMIT,1,10.438103598857193,0.2,False,15,17,3,False,1,2PC_RETRY,7,0.0,2,0,80.0,1.0
COMMIT,COMMIT,COMMIT,,,,,,True,False,True,True,True,COMMIT,2,14.670623728356341,0.2,False,13,19,3,False,2,2PC_RETRY,8,0.0,4,0,80.0,1.0
COMMIT,COMMIT,COMMIT,,,,,,True,False,True,True,True,COMMIT,1,8.004870498775961,0.2,False,14,14,3,False,0,2PC_RETRY,9,0.0,1,0,80.0,1.0
ABORT,ABORT,ABORT,,,,,,True,False,True,True,True,ABORT,1,14.848072917778344,0.2,False,13,19,3,False,2,2PC_RETRY,10,0.0,4,0,80.0,1.0
ABORT,ABORT,ABORT,,,,,,True,False,True,True,True,ABORT,1,14.372581801837514,0.2,False,11,15,3,False,2,2PC_RETRY,11,0.0,4,0,80.0,1.0
COMMIT,COMMIT,COMMIT,,,,,,True,False,True,True,True,COMMIT,1,9.575521272132281,0.2,False,16,16,3,False,1,2PC_RETRY,12,0.0,2,0,80.0,1.0
COMMIT,COMMIT,COMMIT,,,,,,True,False,True,True,True,COMMIT,1,12.799224176302113,0.2,False,15,19,3,False,2,2PC_RETRY,13,0.0,3,0,80.0,1.0
COMMIT,COMMIT,COMMIT,,,,,,True,False,True,True,True,COMMIT,1,10.337478084051623,0.2,False,15,18,3,False,1,2PC_RETRY,14,0.0,2,0,80.0,1.0
COMMIT,COMMIT,COMMIT,,,,,,False,False,False,False,False,,2,,0.2,False,14,22,3,False,1,2PC_RETRY,15,0.0,4,0,80.0,1.0
ABORT,ABORT,ABORT,,,,,,True,False,True,True,True,ABORT,1,14.076292009340381,0.2,False,13,18,3,False,2,2PC_RETRY,16,0.0,4,0,80.0,1.0
COMMIT,COMMIT,COMMIT,,,,,,True,False,True,True,True,COMMIT,2,13.075276014525175,0.2,False,14,19,3,False,1,2PC_RETRY,17,0.0,3,0,80.0,1.0
COMMIT,COMMIT,COMMIT,,,,,,True,False,True,True,True,COMMIT,1,9.195963584398708,0.2,False,14,16,3,False,0,2PC_RETRY,18,0.0,1,0,80.0,1.0
COMMIT,COMMIT,COMMIT,,,,,,True,False,True,True,True,COMMIT,1,10.483989887823318,0.2,False,17,20,3,False,1,2PC_RETRY,19,0.0,2,0,80.0,1.0
COMMIT,COMMIT,COMMIT,,,,,,True,False,True,True,True,COMMIT,1,9.765413600618137,0.2,False,17,19,3,False,1,2PC_RETRY,20,0.0,2,0,80.0,1.0
COMMIT,COMMIT,COMMIT,,,,,,True,False,True,True,True,COMMIT,2,11.08773023597549,0.2,False,14,17,3,False,1,2PC_RETRY,21,0.0,3,0,80.0,1.0
COMMIT,COMMIT,COMMIT,,,,,,True,False,True,True,True,COMMIT,1,12.784498177897325,0.2,False,13,18,3,False,2,2PC_RETRY,22,0.0,3,0,80.0,1.0
COMMIT,COMMIT,COMMIT,,,,,,True,False,True,True,True,COMMIT,1,8.387055081439616,0.2,False,14,15,3,False,1,2PC_RETRY,23,0.0,2,0,80.0,1.0
COMMIT,COMMIT,COMMIT,,,,,,False,False,False,False,False,,2,,0.2,False,13,17,3,False,1,2PC_RETRY,24,0.0,4,0,80.0,1.0
COMMIT,COMMIT,COMMIT,,,,,,True,False,True,True,True,COMMIT,1,12.02103370336926,0.2,False,12,16,3,False,2,2PC_RETRY,25,0.0,3,0,80.0,1.0
ABORT,ABORT,ABORT,,,,,,True,False,True,True,True,ABORT,1,13.61479191513822,0.2,False,13,17,3,False,2,2PC_RETRY,26,0.0,4,0,80.0,1.0
COMMIT,COMMIT,COMMIT,,,,,,True,False,True,True,True,COMMIT,1,12.910270567300769,0.2,False,15,20,3,False,2,2PC_RETRY,27,0.0,3,0,80.0,1.0
COMMIT,COMMIT,COMMIT,,,,,,True,False,True,True,True,COMMIT,2,15.346780485089177,0.2,False,19,25,3,False,2,2PC_RETRY,28,0.0,4,0,80.0,1.0
COMMIT,COMMIT,COMMIT,,,,,,True,False,True,True,True,COMMIT,1,10.026235183900093,0.2,False,12,15,3,False,1,2PC_RETRY,29,0.0,2,0,80.0,1.0
,ABORT,,,,,,,False,False,False,False,False,,2,,0.3,False,10,21,3,False,2,2PC_RETRY,0,0.0,6,2,80.0,1.0
ABORT,ABORT,ABORT,,,,,,True,False,True,True,True,ABORT,1,15.16148675325105,0.3,False,13,20,3,False,2,2PC_RETRY,1,0.0,4,0,80.0,1.0
,ABORT,ABORT,,,,,,False,False,False,False,False,,2,,0.3,False,8,17,3,False,2,2PC_RETRY,2,0.0,6,1,80.0,1.0
,COMMIT,COMMIT,,,,,,False,False,False,False,False,,2,,0.3,False,13,24,3,False,2,2PC_RETRY,3,0.0,5,1,80.0,1.0
ABORT,ABORT,ABORT,,,,,,True,False,True,True,True,ABORT,2,17.005137634045624,0.3,False,12,21,3,False,2,2PC_RETRY,4,0.0,5,0,80.0,1.0
COMMIT,,COMMIT,,,,,,False,False,False,False,False,,2,,0.3,False,12,21,3,False,2,2PC_RETRY,5,0.0,5,1,80.0,1.0
COMMIT,COMMIT,COMMIT,,,,,,True,False,True,True,True,COMMIT,2,12.8046332636483,0.3,False,14,18,3,False,1,2PC_RETRY,6,0.0,3,0,80.0,1.0
COMMIT,,COMMIT,,,,,,False,False,False,False,False,,2,,0.3,False,11,16,3,False,1,2PC_RETRY,7,0.0,4,1,80.0,1.0
COMMIT,COMMIT,COMMIT,,,,,,True,False,True,True,True,COMMIT,2,14.670623728356341,0.3,False,13,19,3,False,2,2PC_RETRY,8,0.0,4,0,80.0,1.0
COMMIT,COMMIT,COMMIT,,,,,,True,False,True,True,True,COMMIT,1,9.54755545715441,0.3,False,13,15,3,False,1,2PC_RETRY,9,0.0,2,0,80.0,1.0
ABORT,ABORT,ABORT,,,,,,True,False,True,True,True,ABORT,1,13.515617114957356,0.3,False,12,16,3,False,2,2PC_RETRY,10,0.0,4,0,80.0,1.0
ABORT,ABORT,ABORT,,,,,,False,False,False,False,False,,2,,0.3,False,12,20,3,False,2,2PC_RETRY,11,0.0,6,0,80.0,1.0
COMMIT,COMMIT,COMMIT,,,,,,True,False,True,True,True,COMMIT,1,9.575521272132281,0.3,False,16,16,3,False,1,2PC_RETRY,12,0.0,2,0,80.0,1.0
ABORT,ABORT,ABORT,,,,,,True,False,True,True,True,ABORT,1,13.519364596567018,0.3,False,11,15,3,False,2,2PC_RETRY,13,0.0,4,0,80.0,1.0
COMMIT,COMMIT,COMMIT,,,,,,True,False,True,True,True,COMMIT,1,10.885457531607786,0.3,False,14,18,3,False,1,2PC_RETRY,14,0.0,2,0,80.0,1.0
COMMIT,COMMIT,COMMIT,,,,,,True,False,True,True,True,COMMIT,1,12.443380103410961,0.3,False,13,17,3,False,2,2PC_RETRY,15,0.0,3,0,80.0,1.0
ABORT,ABORT,ABORT,,,,,,True,False,True,True,True,ABORT,2,18.401226399228655,0.3,False,15,23,3,False,2,2PC_RETRY,16,0.0,5,0,80.0,1.0
ABORT,ABORT,ABORT,,,,,,True,False,True,True,True,ABORT,2,16.91644558033057,0.3,False,14,23,3,False,2,2PC_RETRY,17,0.0,5,0,80.0,1.0
ABORT,ABORT,ABORT,,,,,,True,False,True,True,True,ABORT,2,16.514638681320058,0.3,False,14,19,3,False,2,2PC_RETRY,18,0.0,5,0,80.0,1.0
ABORT,ABORT,ABORT,,,,,,False,False,False,False,False,,2,,0.3,False,12,19,3,False,2,2PC_RETRY,19,0.0,6,0,80.0,1.0
,COMMIT,COMMIT,,,,,,False,False,False,False,False,,2,,0.3,False,13,18,3,False,1,2PC_RETRY,20,0.0,4,1,80.0,1.0
COMMIT,COMMIT,,,,,,,False,False,False,False,False,,2,,0.3,False,10,15,3,False,1,2PC_RETRY,21,0.0,4,1,80.0,1.0
ABORT,ABORT,ABORT,,,,,,True,False,True,True,True,ABORT,1,15.261615277941164,0.3,False,13,19,3,False,2,2PC_RETRY,22,0.0,4,0,80.0,1.0
COMMIT,COMMIT,COMMIT,,,,,,False,False,False,False,False,,2,,0.3,False,11,17,3,False,2,2PC_RETRY,23,0.0,5,0,80.0,1.0
COMMIT,COMMIT,COMMIT,,,,,,True,False,True,True,True,COMMIT,2,16.613791379440293,0.3,False,15,24,3,False,2,2PC_RETRY,24,0.0,4,0,80.0,1.0
ABORT,ABORT,ABORT,,,,,,True,False,True,True,True,ABORT,1,13.556183372108155,0.3,False,12,18,3,False,2,2PC_RETRY,25,0.0,4,0,80.0,1.0
ABORT,ABORT,ABORT,,,,,,False,False,False,False,False,,2,,0.3,False,14,26,3,False,2,2PC_RETRY,26,0.0,6,0,80.0,1.0
COMMIT,COMMIT,COMMIT,,,,,,True,False,True,True,True,COMMIT,2,14.535694232040619,0.3,False,12,19,3,False,2,2PC_RETRY,27,0.0,4,0,80.0,1.0
COMMIT,COMMIT,COMMIT,,,,,,False,False,False,False,False,,2,,0.3,False,17,25,3,False,2,2PC_RETRY,28,0.0,5,0,80.0,1.0
COMMIT,COMMIT,COMMIT,,,,,,False,False,False,False,False,,2,,0.3,False,12,21,3,False,2,2PC_RETRY,29,0.0,5,0,80.0,1.0
ABORT,ABORT,ABORT,,,,,,True,False,True,True,True,ABORT,2,16.580200169290034,0.4,False,12,21,3,False,2,2PC_RETRY,0,0.0,5,0,80.0,1.0
ABORT,ABORT,ABORT,,,,,,True,False,True,True,True,ABORT,1,15.16148675325105,0.4,False,13,20,3,False,2,2PC_RETRY,1,0.0,4,0,80.0,1.0
ABORT,ABORT,ABORT,,,,,,True,False,True,True,True,ABORT,2,18.117065169774566,0.4,False,12,23,3,False,2,2PC_RETRY,2,0.0,5,0,80.0,1.0
ABORT,ABORT,,,,,,,False,False,False,False,False,,2,,0.4,False,9,23,3,False,2,2PC_RETRY,3,0.0,6,1,80.0,1.0
ABORT,ABORT,ABORT,,,,,,True,False,True,True,True,ABORT,2,16.861109374239128,0.4,False,11,20,3,False,2,2PC_RETRY,4,0.0,5,0,80.0,1.0
COMMIT,,COMMIT,,,,,,False,False,False,False,False,,2,,0.4,False,12,21,3,False,2,2PC_RETRY,5,0.0,5,1,80.0,1.0
ABORT,ABORT,ABORT,,,,,,False,False,False,False,False,,2,,0.4,False,11,18,3,False,2,2PC_RETRY,6,0.0,6,0,80.0,1.0
COMMIT,COMMIT,COMMIT,,,,,,False,False,False,False,False,,2,,0.4,False,13,18,3,False,1,2PC_RETRY,7,0.0,4,0,80.0,1.0
ABORT,ABORT,ABORT,,,,,,True,False,True,True,True,ABORT,2,18.155153064211913,0.4,False,12,20,3,False,2,2PC_RETRY,8,0.0,5,0,80.0,1.0
COMMIT,COMMIT,COMMIT,,,,,,True,False,True,True,True,COMMIT,1,9.54755545715441,0.4,False,13,15,3,False,1,2PC_RETRY,9,0.0,2,0,80.0,1.0
ABORT,ABORT,ABORT,,,,,,True,False,True,True,True,ABORT,2,16.562050296309444,0.4,False,10,18,3,False,2,2PC_RETRY,10,0.0,5,0,80.0,1.0
ABORT,ABORT,ABORT,,,,,,False,False,False,False,False,,2,,0.4,False,11,21,3,False,2,2PC_RETRY,11,0.0,6,0,80.0,1.0
ABORT,ABORT,ABORT,,,,,,True,False,True,True,True,ABORT,1,15.825934744245862,0.4,False,17,24,3,False,2,2PC_RETRY,12,0.0,4,0,80.0,1.0
ABORT,ABORT,ABORT,,,,,,True,False,True,True,True,ABORT,2,16.66865523912677,0.4,False,12,19,3,False,2,2PC_RETRY,13,0.0,5,0,80.0,1.0
ABORT,ABORT,ABORT,,,,,,False,False,False,False,False,,2,,0.4,False,10,21,3,False,2,2PC_RETRY,14,0.0,6,0,80.0,1.0
COMMIT,COMMIT,COMMIT,,,,,,True,False,True,True,True,COMMIT,1,12.443380103410961,0.4,False,13,17,3,False,2,2PC_RETRY,15,0.0,3,0,80.0,1.0
ABORT,ABORT,ABORT,,,,,,True,False,True,True,True,ABORT,2,18.244080407060103,0.4,False,11,25,3,False,2,2PC_RETRY,16,0.0,5,0,80.0,1.0
ABORT,ABORT,ABORT,,,,,,False,False,False,False,False,,2,,0.4,False,11,23,3,False,2,2PC_RETRY,17,0.0,6,0,80.0,1.0
ABORT,ABORT,ABORT,,,,,,False,False,False,False,False,,2,,0.4,False,12,24,3,False,2,2PC_RETRY,18,0.0,6,0,80.0,1.0
ABORT,ABORT,ABORT,,,,,,False,False,False,False,False,,2,,0.4,False,12,19,3,False,2,2PC_RETRY,19,0.0,6,0,80.0,1.0
ABORT,ABORT,ABORT,,,,,,False,False,False,False,False,,2,,0.4,False,12,22,3,False,2,2PC_RETRY,20,0.0,6,0,80.0,1.0
ABORT,ABORT,ABORT,,,,,,False,False,False,False,False,,2,,0.4,False,12,21,3,False,2,2PC_RETRY,21,0.0,6,0,80.0,1.0
ABORT,ABORT,ABORT,,,,,,False,False,False,False,False,,2,,0.4,False,12,22,3,False,2,2PC_RETRY,22,0.0,6,0,80.0,1.0
COMMIT,COMMIT,COMMIT,,,,,,False,False,False,False,False,,2,,0.4,False,11,17,3,False,2,2PC_RETRY,23,0.0,5,0,80.0,1.0
ABORT,ABORT,ABORT,,,,,,False,False,False,False,False,,2,,0.4,False,11,24,3,False,2,2PC_RETRY,24,0.0,6,0,80.0,1.0
ABORT,ABORT,ABORT,,,,,,True,False,True,True,True,ABORT,1,13.556183372108155,0.4,False,11,18,3,False,2,2PC_RETRY,25,0.0,4,0,80.0,1.0
ABORT,ABORT,ABORT,,,,,,False,False,False,False,False,,2,,0.4,False,14,26,3,False,2,2PC_RETRY,26,0.0,6,0,80.0,1.0
ABORT,ABORT,ABORT,,,,,,True,False,True,True,True,ABORT,2,16.76954105597811,0.4,False,11,20,3,False,2,2PC_RETRY,27,0.0,5,0,80.0,1.0
ABORT,ABORT,ABORT,,,,,,False,False,False,False,False,,2,,0.4,False,11,20,3,False,2,2PC_RETRY,28,0.0,6,0,80.0,1.0
,,ABORT,,,,,,False,False,False,False,False,,2,,0.4,False,8,21,3,False,2,2PC_RETRY,29,0.0,6,2,80.0,1.0
COMMIT,COMMIT,COMMIT,COMMIT,COMMIT,,,,True,False,True,True,True,COMMIT,2,16.146586356965095,0.0,False,42,42,5,False,2,2PC_RETRY,0,0.0,4,0,80.0,1.0
COMMIT,COMMIT,COMMIT,COMMIT,COMMIT,,,,True,False,True,True,True,COMMIT,2,15.703706339868623,0.0,False,38,38,5,False,2,2PC_RETRY,1,0.0,4,0,80.0,1.0
COMMIT,COMMIT,COMMIT,COMMIT,COMMIT,,,,True,False,True,True,True,COMMIT,2,12.602859001574261,0.0,False,36,36,5,False,1,2PC_RETRY,2,0.0,3,0,80.0,1.0
COMMIT,COMMIT,COMMIT,COMMIT,COMMIT,,,,True,False,True,True,True,COMMIT,2,18.61151294174898,0.0,False,40,40,5,False,2,2PC_RETRY,3,0.0,5,0,80.0,1.0
COMMIT,COMMIT,COMMIT,COMMIT,COMMIT,,,,True,False,True,True,True,COMMIT,2,16.47526303301852,0.0,False,38,38,5,False,2,2PC_RETRY,4,0.0,4,0,80.0,1.0
COMMIT,COMMIT,COMMIT,COMMIT,COMMIT,,,,True,False,True,True,True,COMMIT,2,14.200418484433612,0.0,False,38,38,5,False,1,2PC_RETRY,5,0.0,3,0,80.0,1.0
COMMIT,COMMIT,COMMIT,COMMIT,COMMIT,,,,True,False,True,True,True,COMMIT,2,14.655226603657894,0.0,False,36,36,5,False,1,2PC_RETRY,6,0.0,3,0,80.0,1.0
COMMIT,COMMIT,COMMIT,COMMIT,COMMIT,,,,True,False,True,True,True,COMMIT,2,12.694439200616857,0.0,False,42,42,5,False,1,2PC_RETRY,7,0.0,3,0,80.0,1.0
COMMIT,COMMIT,COMMIT,COMMIT,COMMIT,,,,True,False,True,True,True,COMMIT,2,15.062436693694313,0.0,False,36,36,5,False,1,2PC_RETRY,8,0.0,3,0,80.0,1.0
COMMIT,COMMIT,COMMIT,COMMIT,COMMIT,,,,True,False,True,True,True,COMMIT,2,16.168429463390666,0.0,False,36,36,5,False,1,2PC_RETRY,9,0.0,4,0,80.0,1.0
COMMIT,COMMIT,COMMIT,COMMIT,COMMIT,,,,True,False,True,True,True,COMMIT,2,16.131854246598603,0.0,False,34,34,5,False,1,2PC_RETRY,10,0.0,4,0,80.0,1.0
COMMIT,COMMIT,COMMIT,COMMIT,COMMIT,,,,True,False,True,True,True,COMMIT,2,15.695833229995728,0.0,False,40,40,5,False,1,2PC_RETRY,11,0.0,3,0,80.0,1.0
COMMIT,COMMIT,COMMIT,COMMIT,COMMIT,,,,True,False,True,True,True,COMMIT,2,17.48237733956254,0.0,False,40,40,5,False,2,2PC_RETRY,12,0.0,5,0,80.0,1.0
COMMIT,COMMIT,COMMIT,COMMIT,COMMIT,,,,True,False,True,True,True,COMMIT,2,13.532207571976064,0.0,False,34,34,5,False,1,2PC_RETRY,13,0.0,3,0,80.0,1.0
COMMIT,COMMIT,COMMIT,COMMIT,COMMIT,,,,True,False,True,True,True,COMMIT,2,13.605997371610158,0.0,False,32,32,5,False,1,2PC_RETRY,14,0.0,3,0,80.0,1.0
COMMIT,COMMIT,COMMIT,COMMIT,COMMIT,,,,True,False,True,True,True,COMMIT,2,18.503165091615987,0.0,False,44,44,5,False,1,2PC_RETRY,15,0.0,4,0,80.0,1.0
COMMIT,COMMIT,COMMIT,COMMIT,COMMIT,,,,True,False,True,True,True,COMMIT,2,17.06100872046108,0.0,False,40,40,5,False,2,2PC_RETRY,16,0.0,5,0,80.0,1.0
COMMIT,COMMIT,COMMIT,COMMIT,COMMIT,,,,True,False,True,True,True,COMMIT,2,14.935059164139222,0.0,False,40,40,5,False,2,2PC_RETRY,17,0.0,4,0,80.0,1.0
COMMIT,COMMIT,COMMIT,COMMIT,COMMIT,,,,True,False,True,True,True,COMMIT,1,11.016340211436157,0.0,False,30,30,5,False,1,2PC_RETRY,18,0.0,2,0,80.0,1.0
COMMIT,COMMIT,COMMIT,COMMIT,COMMIT,,,,True,False,True,True,True,COMMIT,2,14.868895421998664,0.0,False,32,32,5,False,1,2PC_RETRY,19,0.0,4,0,80.0,1.0
COMMIT,COMMIT,COMMIT,COMMIT,COMMIT,,,,True,False,True,True,True,COMMIT,2,14.776435212564834,0.0,False,34,34,5,False,1,2PC_RETRY,20,0.0,3,0,80.0,1.0
COMMIT,COMMIT,COMMIT,COMMIT,COMMIT,,,,True,False,True,True,True,COMMIT,2,12.967408711030068,0.0,False,36,36,5,False,1,2PC_RETRY,21,0.0,3,0,80.0,1.0
COMMIT,COMMIT,COMMIT,COMMIT,COMMIT,,,,True,False,True,True,True,COMMIT,2,17.798565770663966,0.0,False,42,42,5,False,1,2PC_RETRY,22,0.0,4,0,80.0,1.0
COMMIT,COMMIT,COMMIT,COMMIT,COMMIT,,,,True,False,True,True,True,COMMIT,2,15.691024988203337,0.0,False,36,36,5,False,2,2PC_RETRY,23,0.0,4,0,80.0,1.0
COMMIT,COMMIT,COMMIT,COMMIT,COMMIT,,,,True,False,True,True,True,COMMIT,2,13.481724016842298,0.0,False,36,36,5,False,1,2PC_RETRY,24,0.0,3,0,80.0,1.0
COMMIT,COMMIT,COMMIT,COMMIT,COMMIT,,,,True,False,True,True,True,COMMIT,2,13.33503762633953,0.0,False,36,36,5,False,1,2PC_RETRY,25,0.0,3,0,80.0,1.0
COMMIT,COMMIT,COMMIT,COMMIT,COMMIT,,,,True,False,True,True,True,COMMIT,2,19.945334554810792,0.0,False,44,44,5,False,2,2PC_RETRY,26,0.0,5,0,80.0,1.0
COMMIT,COMMIT,COMMIT,COMMIT,COMMIT,,,,True,False,True,True,True,COMMIT,2,12.747305046726837,0.0,False,32,32,5,False,1,2PC_RETRY,27,0.0,3,0,80.0,1.0
COMMIT,COMMIT,COMMIT,COMMIT,COMMIT,,,,True,False,True,True,True,COMMIT,2,16.860322256614044,0.0,False,36,36,5,False,2,2PC_RETRY,28,0.0,4,0,80.0,1.0
COMMIT,COMMIT,COMMIT,COMMIT,COMMIT,,,,True,False,True,True,True,COMMIT,2,16.332924409664678,0.0,False,38,38,5,False,1,2PC_RETRY,29,0.0,4,0,80.0,1.0
ABORT,ABORT,ABORT,ABORT,ABORT,,,,True,False,True,True,True,ABORT,2,22.86538794543864,0.1,False,41,48,5,False,2,2PC_RETRY,0,0.0,6,0,80.0,1.0
ABORT,ABORT,ABORT,ABORT,ABORT,,,,True,False,True,True,True,ABORT,2,18.149235718905107,0.1,False,29,33,5,False,2,2PC_RETRY,1,0.0,5,0,80.0,1.0
COMMIT,COMMIT,COMMIT,COMMIT,COMMIT,,,,True,False,True,True,True,COMMIT,2,14.576889948707025,0.1,False,30,34,5,False,2,2PC_RETRY,2,0.0,4,0,80.0,1.0
COMMIT,COMMIT,COMMIT,COMMIT,COMMIT,,,,True,False,True,True,True,COMMIT,2,18.639560621767256,0.1,False,27,35,5,False,2,2PC_RETRY,3,0.0,5,0,80.0,1.0
COMMIT,COMMIT,COMMIT,COMMIT,COMMIT,,,,True,False,True,True,True,COMMIT,2,15.731817577665213,0.1,False,34,35,5,False,2,2PC_RETRY,4,0.0,4,0,80.0,1.0
COMMIT,COMMIT,COMMIT,COMMIT,COMMIT,,,,True,False,True,True,True,COMMIT,2,15.907716908266995,0.1,False,29,35,5,False,2,2PC_RETRY,5,0.0,4,0,80.0,1.0
COMMIT,COMMIT,COMMIT,COMMIT,COMMIT,,,,True,False,True,True,True,COMMIT,1,12.62365160994942,0.1,False,27,31,5,False,1,2PC_RETRY,6,0.0,2,0,80.0,1.0
COMMIT,COMMIT,COMMIT,COMMIT,COMMIT,,,,True,False,True,True,True,COMMIT,2,17.37026761637803,0.1,False,39,43,5,False,2,2PC_RETRY,7,0.0,5,0,80.0,1.0
COMMIT,COMMIT,COMMIT,COMMIT,COMMIT,,,,True,False,True,True,True,COMMIT,2,16.158796634525277,0.1,False,30,36,5,False,2,2PC_RETRY,8,0.0,4,0,80.0,1.0
COMMIT,COMMIT,COMMIT,COMMIT,COMMIT,,,,True,False,True,True,True,COMMIT,2,12.304582850523591,0.1,False,35,37,5,False,1,2PC_RETRY,9,0.0,3,0,80.0,1.0
COMMIT,COMMIT,COMMIT,COMMIT,COMMIT,,,,True,False,True,True,True,COMMIT,2,15.34237398769468,0.1,False,31,36,5,False,2,2PC_RETRY,10,0.0,4,0,80.0,1.0
COMMIT,COMMIT,COMMIT,COMMIT,COMMIT,,,,True,False,True,True,True,COMMIT,2,14.136717129104527,0.1,False,30,32,5,False,2,2PC_RETRY,11,0.0,4,0,80.0,1.0
COMMIT,COMMIT,COMMIT,COMMIT,COMMIT,,,,True,False,True,True,True,COMMIT,2,19.072614444827487,0.1,False,30,36,5,False,2,2PC_RETRY,12,0.0,5,0,80.0,1.0
COMMIT,COMMIT,COMMIT,COMMIT,COMMIT,,,,False,False,False,False,False,,2,,0.1,False,34,39,5,False,1,2PC_RETRY,13,0.0,4,0,80.0,1.0
COMMIT,COMMIT,COMMIT,COMMIT,COMMIT,,,,True,False,True,True,True,COMMIT,2,16.867694413141283,0.1,False,28,33,5,False,1,2PC_RETRY,14,0.0,4,0,80.0,1.0
ABORT,ABORT,ABORT,ABORT,ABORT,,,,True,False,True,True,True,ABORT,2,16.838439801547146,0.1,False,30,36,5,False,2,2PC_RETRY,15,0.0,5,0,80.0,1.0
COMMIT,COMMIT,COMMIT,COMMIT,COMMIT,,,,True,False,True,True,True,COMMIT,2,19.461883629057713,0.1,False,34,40,5,False,2,2PC_RETRY,16,0.0,5,0,80.0,1.0
COMMIT,COMMIT,COMMIT,COMMIT,COMMIT,,,,True,False,True,True,True,COMMIT,2,18.257649838921036,0.1,False,37,42,5,False,2,2PC_RETRY,17,0.0,5,0,80.0,1.0
COMMIT,COMMIT,COMMIT,COMMIT,COMMIT,,,,True,False,True,True,True,COMMIT,2,16.036530680135737,0.1,False,38,41,5,False,1,2PC_RETRY,18,0.0,4,0,80.0,1.0
COMMIT,COMMIT,COMMIT,COMMIT,COMMIT,,,,True,False,True,True,True,COMMIT,2,18.638123232241753,0.1,False,34,38,5,False,1,2PC_RETRY,19,0.0,4,0,80.0,1.0
COMMIT,COMMIT,COMMIT,COMMIT,COMMIT,,,,True,False,True,True,True,COMMIT,2,15.50913377195805,0.1,False,30,33,5,False,2,2PC_RETRY,20,0.0,4,0,80.0,1.0
ABORT,ABORT,ABORT,ABORT,ABORT,,,,True,False,True,True,True,ABORT,1,15.636707621881559,0.1,False,24,29,5,False,2,2PC_RETRY,21,0.0,4,0,80.0,1.0
ABORT,ABORT,ABORT,ABORT,ABORT,,,,True,False,True,True,True,ABORT,1,15.468401982342174,0.1,False,30,35,5,False,2,2PC_RETRY,22,0.0,4,0,80.0,1.0
ABORT,ABORT,ABORT,ABORT,ABORT,,,,True,False,True,True,True,ABORT,2,16.229609994453472,0.1,False,27,31,5,False,2,2PC_RETRY,23,0.0,5,0,80.0,1.0
COMMIT,COMMIT,COMMIT,COMMIT,COMMIT,,,,True,False,True,True,True,COMMIT,2,17.579989335520573,0.1,False,37,42,5,False,2,2PC_RETRY,24,0.0,4,0,80.0,1.0
COMMIT,COMMIT,COMMIT,COMMIT,COMMIT,,,,False,False,False,False,False,,2,,0.1,False,31,40,5,False,1,2PC_RETRY,25,0.0,4,0,80.0,1.0
COMMIT,COMMIT,COMMIT,COMMIT,COMMIT,,,,True,False,True,True,True,COMMIT,2,19.34425355081522,0.1,False,36,41,5,False,2,2PC_RETRY,26,0.0,5,0,80.0,1.0
COMMIT,COMMIT,COMMIT,COMMIT,COMMIT,,,,True,False,True,True,True,COMMIT,2,21.16901432940836,0.1,False,35,41,5,False,2,2PC_RETRY,27,0.0,5,0,80.0,1.0
COMMIT,COMMIT,COMMIT,COMMIT,COMMIT,,,,True,False,True,True,True,COMMIT,2,13.653041944457202,0.1,False,30,35,5,False,1,2PC_RETRY,28,0.0,3,0,80.0,1.0
ABORT,ABORT,ABORT,ABORT,ABORT,,,,True,False,True,True,True,ABORT,2,19.813772684984738,0.1,False,38,40,5,False,2,2PC_RETRY,29,0.0,6,0,80.0,1.0
ABORT,ABORT,ABORT,ABORT,ABORT,,,,True,False,True,True,True,ABORT,2,19.91133329128332,0.2,False,33,44,5,False,2,2PC_RETRY,0,0.0,6,0,80.0,1.0
ABORT,ABORT,ABORT,ABORT,ABORT,,,,True,False,True,True,True,ABORT,2,17.73353479438667,0.2,False,27,34,5,False,2,2PC_RETRY,1,0.0,5,0,80.0,1.0
ABORT,ABORT,ABORT,ABORT,ABORT,,,,True,False,True,True,True,ABORT,2,19.019477361253102,0.2,False,31,41,5,False,2,2PC_RETRY,2,0.0,6,0,80.0,1.0
ABORT,ABORT,ABORT,ABORT,ABORT,,,,False,False,False,False,False,,2,,0.2,False,34,46,5,False,2,2PC_RETRY,3,0.0,6,0,80.0,1.0
COMMIT,COMMIT,COMMIT,COMMIT,COMMIT,,,,True,False,True,True,True,COMMIT,2,19.30106945525791,0.2,False,32,38,5,False,2,2PC_RETRY,4,0.0,5,0,80.0,1.0
COMMIT,COMMIT,COMMIT,COMMIT,COMMIT,,,,True,False,True,True,True,COMMIT,2,18.54256451803537,0.2,False,28,38,5,False,2,2PC_RETRY,5,0.0,4,0,80.0,1.0
ABORT,ABORT,ABORT,ABORT,ABORT,,,,True,False,True,True,True,ABORT,2,18.821026725080912,0.2,False,26,34,5,False,2,2PC_RETRY,6,0.0,5,0,80.0,1.0
COMMIT,COMMIT,COMMIT,COMMIT,COMMIT,,,,True,False,True,True,True,COMMIT,2,17.87812190300861,0.2,False,25,33,5,False,2,2PC_RETRY,7,0.0,5,0,80.0,1.0
COMMIT,COMMIT,COMMIT,COMMIT,COMMIT,,,,True,False,True,True,True,COMMIT,2,19.96509831217056,0.2,False,30,38,5,False,2,2PC_RETRY,8,0.0,5,0,80.0,1.0
COMMIT,COMMIT,COMMIT,COMMIT,COMMIT,,,,True,False,True,True,True,COMMIT,2,15.963685063886201,0.2,False,33,37,5,False,1,2PC_RETRY,9,0.0,4,0,80.0,1.0
COMMIT,COMMIT,COMMIT,COMMIT,COMMIT,,,,False,False,False,False,False,,2,,0.2,False,33,41,5,False,2,2PC_RETRY,10,0.0,5,0,80.0,1.0
COMMIT,COMMIT,COMMIT,COMMIT,COMMIT,,,,True,False,True,True,True,COMMIT,2,20.157827374913307,0.2,False,29,39,5,False,2,2PC_RETRY,11,0.0,5,0,80.0,1.0
COMMIT,COMMIT,COMMIT,COMMIT,COMMIT,,,,True,False,True,True,True,COMMIT,2,18.99628199508071,0.2,False,27,34,5,False,2,2PC_RETRY,12,0.0,5,0,80.0,1.0
ABORT,ABORT,ABORT,ABORT,ABORT,,,,True,False,True,True,True,ABORT,2,21.765098041565377,0.2,False,30,40,5,False,2,2PC_RETRY,13,0.0,6,0,80.0,1.0
COMMIT,COMMIT,COMMIT,COMMIT,COMMIT,,,,False,False,False,False,False,,2,,0.2,False,23,34,5,False,1,2PC_RETRY,14,0.0,4,0,80.0,1.0
ABORT,ABORT,ABORT,ABORT,ABORT,,,,True,False,True,True,True,ABORT,2,20.16404462325317,0.2,False,28,40,5,False,2,2PC_RETRY,15,0.0,6,0,80.0,1.0
ABORT,ABORT,ABORT,ABORT,ABORT,,,,True,False,True,True,True,ABORT,2,22.690226511023955,0.2,False,30,42,5,False,2,2PC_RETRY,16,0.0,6,0,80.0,1.0
COMMIT,COMMIT,COMMIT,COMMIT,COMMIT,,,,True,False,True,True,True,COMMIT,2,20.49990354247549,0.2,False,36,42,5,False,2,2PC_RETRY,17,0.0,5,0,80.0,1.0
COMMIT,COMMIT,COMMIT,COMMIT,COMMIT,,,,True,False,True,True,True,COMMIT,2,20.268682636823062,0.2,False,31,39,5,False,2,2PC_RETRY,18,0.0,5,0,80.0,1.0
COMMIT,COMMIT,COMMIT,COMMIT,COMMIT,,,,True,False,True,True,True,COMMIT,2,14.867216231630486,0.2,False,34,38,5,False,1,2PC_RETRY,19,0.0,4,0,80.0,1.0
COMMIT,COMMIT,COMMIT,COMMIT,COMMIT,,,,True,False,True,True,True,COMMIT,2,17.522182895485933,0.2,False,28,35,5,False,2,2PC_RETRY,20,0.0,4,0,80.0,1.0
ABORT,ABORT,ABORT,ABORT,ABORT,,,,True,False,True,True,True,ABORT,2,18.31359269014862,0.2,False,27,32,5,False,2,2PC_RETRY,21,0.0,5,0,80.0,1.0
COMMIT,COMMIT,COMMIT,COMMIT,COMMIT,,,,False,False,False,False,False,,2,,0.2,False,32,43,5,False,2,2PC_RETRY,22,0.0,5,0,80.0,1.0
COMMIT,COMMIT,COMMIT,COMMIT,COMMIT,,,,True,False,True,True,True,COMMIT,2,13.728481544428558,0.2,False,28,32,5,False,2,2PC_RETRY,23,0.0,4,0,80.0,1.0
ABORT,ABORT,ABORT,ABORT,ABORT,,,,True,False,True,True,True,ABORT,1,15.089536897102365,0.2,False,28,36,5,False,2,2PC_RETRY,24,0.0,4,0,80.0,1.0
ABORT,ABORT,ABORT,ABORT,ABORT,,,,True,False,True,True,True,ABORT,2,22.40115409208416,0.2,False,38,50,5,False,2,2PC_RETRY,25,0.0,6,0,80.0,1.0
ABORT,ABORT,ABORT,ABORT,ABORT,,,,True,False,True,True,True,ABORT,2,23.576387624672794,0.2,False,36,50,5,False,2,2PC_RETRY,26,0.0,6,0,80.0,1.0
ABORT,ABORT,ABORT,ABORT,ABORT,,,,True,False,True,True,True,ABORT,2,20.333283557528762,0.2,False,32,42,5,False,2,2PC_RETRY,27,0.0,6,0,80.0,1.0
COMMIT,COMMIT,COMMIT,COMMIT,COMMIT,,,,False,False,False,False,False,,2,,0.2,False,29,37,5,False,1,2PC_RETRY,28,0.0,4,0,80.0,1.0
ABORT,ABORT,ABORT,ABORT,ABORT,,,,True,False,True,True,True,ABORT,2,19.269844030094564,0.2,False,36,43,5,False,2,2PC_RETRY,29,0.0,6,0,80.0,1.0
ABORT,ABORT,ABORT,ABORT,ABORT,,,,False,False,False,False,False,,2,,0.3,False,31,43,5,False,2,2PC_RETRY,0,0.0,6,0,80.0,1.0
COMMIT,COMMIT,,COMMIT,COMMIT,,,,False,False,False,False,False,,2,,0.3,False,25,35,5,False,2,2PC_RETRY,1,0.0,5,1,80.0,1.0
ABORT,ABORT,ABORT,ABORT,ABORT,,,,False,False,False,False,False,,2,,0.3,False,32,49,5,False,2,2PC_RETRY,2,0.0,6,0,80.0,1.0
ABORT,ABORT,ABORT,ABORT,ABORT,,,,False,False,False,False,False,,2,,0.3,False,24,41,5,False,2,2PC_RETRY,3,0.0,6,0,80.0,1.0
COMMIT,COMMIT,COMMIT,COMMIT,COMMIT,,,,True,False,True,True,True,COMMIT,2,15.417366563534667,0.3,False,29,35,5,False,2,2PC_RETRY,4,0.0,4,0,80.0,1.0
ABORT,ABORT,ABORT,ABORT,ABORT,,,,True,False,True,True,True,ABORT,2,18.330261584906047,0.3,False,24,33,5,False,2,2PC_RETRY,5,0.0,5,0,80.0,1.0
ABORT,ABORT,ABORT,ABORT,ABORT,,,,True,False,True,True,True,ABORT,2,22.50475555150316,0.3,False,34,46,5,False,2,2PC_RETRY,6,0.0,6,0,80.0,1.0
ABORT,ABORT,ABORT,ABORT,ABORT,,,,False,False,False,False,False,,2,,0.3,False,26,39,5,False,2,2PC_RETRY,7,0.0,6,0,80.0,1.0
COMMIT,COMMIT,,COMMIT,COMMIT,,,,False,False,False,False,False,,2,,0.3,False,19,36,5,False,2,2PC_RETRY,8,0.0,5,1,80.0,1.0
COMMIT,COMMIT,COMMIT,COMMIT,COMMIT,,,,True,False,True,True,True,COMMIT,2,13.020945024615537,0.3,False,28,33,5,False,1,2PC_RETRY,9,0.0,3,0,80.0,1.0
ABORT,ABORT,ABORT,ABORT,ABORT,,,,False,False,False,False,False,,2,,0.3,False,29,42,5,False,2,2PC_RETRY,10,0.0,6,0,80.0,1.0
ABORT,ABORT,ABORT,ABORT,ABORT,,,,True,False,True,True,True,ABORT,2,20.554537456148683,0.3,False,32,41,5,False,2,2PC_RETRY,11,0.0,6,0,80.0,1.0
COMMIT,COMMIT,COMMIT,COMMIT,COMMIT,,,,True,False,True,True,True,COMMIT,2,20.383345518104374,0.3,False,30,38,5,False,2,2PC_RETRY,12,0.0,5,0,80.0,1.0
ABORT,ABORT,ABORT,ABORT,ABORT,,,,False,False,False,False,False,,2,,0.3,False,29,47,5,False,2,2PC_RETRY,13,0.0,6,0,80.0,1.0
COMMIT,COMMIT,COMMIT,COMMIT,COMMIT,,,,False,False,False,False,False,,2,,0.3,False,25,35,5,False,1,2PC_RETRY,14,0.0,4,0,80.0,1.0
ABORT,ABORT,ABORT,ABORT,ABORT,,,,True,False,True,True,True,ABORT,2,21.712047741923882,0.3,False,28,42,5,False,2,2PC_RETRY,15,0.0,6,0,80.0,1.0
COMMIT,COMMIT,COMMIT,COMMIT,COMMIT,,,,True,False,True,True,True,COMMIT,2,18.089226002389946,0.3,False,25,34,5,False,2,2PC_RETRY,16,0.0,4,0,80.0,1.0
ABORT,ABORT,ABORT,ABORT,ABORT,,,,False,False,False,False,False,,2,,0.3,False,26,38,5,False,2,2PC_RETRY,17,0.0,6,0,80.0,1.0
ABORT,ABORT,,ABORT,ABORT,,,,False,False,False,False,False,,2,,0.3,False,19,31,5,False,2,2PC_RETRY,18,0.0,6,1,80.0,1.0
ABORT,ABORT,ABORT,ABORT,ABORT,,,,True,False,True,True,True,ABORT,2,22.8117138288699,0.3,False,30,44,5,False,2,2PC_RETRY,19,0.0,6,0,80.0,1.0
COMMIT,COMMIT,COMMIT,COMMIT,COMMIT,,,,False,False,False,False,False,,2,,0.3,False,26,34,5,False,2,2PC_RETRY,20,0.0,5,0,80.0,1.0
ABORT,ABORT,ABORT,ABORT,ABORT,,,,True,False,True,True,True,ABORT,2,18.900070793817235,0.3,False,26,32,5,False,2,2PC_RETRY,21,0.0,5,0,80.0,1.0
COMMIT,COMMIT,COMMIT,,COMMIT,,,,False,False,False,False,False,,2,,0.3,False,24,40,5,False,2,2PC_RETRY,22,0.0,5,1,80.0,1.0
ABORT,ABORT,ABORT,ABORT,ABORT,,,,True,False,True,True,True,ABORT,2,20.864267592269314,0.3,False,27,38,5,False,2,2PC_RETRY,23,0.0,6,0,80.0,1.0
ABORT,ABORT,ABORT,ABORT,ABORT,,,,True,False,True,True,True,ABORT,2,19.056308732503055,0.3,False,29,40,5,False,2,2PC_RETRY,24,0.0,6,0,80.0,1.0
,ABORT,ABORT,ABORT,ABORT,,,,False,False,False,False,False,,2,,0.3,False,35,49,5,False,2,2PC_RETRY,25,0.0,6,1,80.0,1.0
ABORT,ABORT,ABORT,ABORT,ABORT,,,,True,False,True,True,True,ABORT,2,20.98596825916272,0.3,False,28,41,5,False,2,2PC_RETRY,26,0.0,6,0,80.0,1.0
ABORT,ABORT,ABORT,ABORT,ABORT,,,,True,False,True,True,True,ABORT,2,21.71302414877154,0.3,False,26,38,5,False,2,2PC_RETRY,27,0.0,6,0,80.0,1.0
COMMIT,COMMIT,COMMIT,COMMIT,COMMIT,,,,False,False,False,False,False,,2,,0.3,False,26,36,5,False,2,2PC_RETRY,28,0.0,5,0,80.0,1.0
ABORT,ABORT,ABORT,ABORT,ABORT,,,,False,False,False,False,False,,2,,0.3,False,30,45,5,False,2,2PC_RETRY,29,0.0,6,0,80.0,1.0
ABORT,ABORT,ABORT,ABORT,ABORT,,,,False,False,False,False,False,,2,,0.4,False,24,40,5,False,2,2PC_RETRY,0,0.0,6,0,80.0,1.0
ABORT,ABORT,ABORT,ABORT,ABORT,,,,False,False,False,False,False,,2,,0.4,False,24,39,5,False,2,2PC_RETRY,1,0.0,6,0,80.0,1.0
ABORT,ABORT,ABORT,ABORT,ABORT,,,,False,False,False,False,False,,2,,0.4,False,27,41,5,False,2,2PC_RETRY,2,0.0,6,0,80.0,1.0
ABORT,,ABORT,ABORT,ABORT,,,,False,False,False,False,False,,2,,0.4,False,21,36,5,False,2,2PC_RETRY,3,0.0,6,1,80.0,1.0
ABORT,ABORT,ABORT,ABORT,ABORT,,,,True,False,True,True,True,ABORT,2,19.87757790530753,0.4,False,24,39,5,False,2,2PC_RETRY,4,0.0,6,0,80.0,1.0
ABORT,ABORT,ABORT,ABORT,ABORT,,,,False,False,False,False,False,,2,,0.4,False,21,33,5,False,2,2PC_RETRY,5,0.0,6,0,80.0,1.0
ABORT,ABORT,ABORT,,,,,,False,False,False,False,False,,2,,0.4,False,24,45,5,False,2,2PC_RETRY,6,0.0,6,2,80.0,1.0
ABORT,ABORT,ABORT,ABORT,ABORT,,,,False,False,False,False,False,,2,,0.4,False,25,39,5,False,2,2PC_RETRY,7,0.0,6,0,80.0,1.0
COMMIT,COMMIT,COMMIT,COMMIT,COMMIT,,,,False,False,False,False,False,,2,,0.4,False,27,43,5,False,2,2PC_RETRY,8,0.0,5,0,80.0,1.0
COMMIT,COMMIT,COMMIT,COMMIT,COMMIT,,,,False,False,False,False,False,,2,,0.4,False,25,36,5,False,1,2PC_RETRY,9,0.0,4,0,80.0,1.0
ABORT,ABORT,ABORT,ABORT,ABORT,,,,False,False,False,False,False,,2,,0.4,False,27,42,5,False,2,2PC_RETRY,10,0.0,6,0,80.0,1.0
ABORT,ABORT,ABORT,ABORT,ABORT,,,,False,False,False,False,False,,2,,0.4,False,25,36,5,False,2,2PC_RETRY,11,0.0,6,0,80.0,1.0
ABORT,ABORT,ABORT,ABORT,ABORT,,,,False,False,False,False,False,,2,,0.4,False,20,40,5,False,2,2PC_RETRY,12,0.0,6,0,80.0,1.0
ABORT,ABORT,ABORT,ABORT,ABORT,,,,True,False,True,True,True,ABORT,2,23.370760357442045,0.4,False,29,44,5,False,2,2PC_RETRY,13,0.0,6,0,80.0,1.0
COMMIT,COMMIT,COMMIT,COMMIT,COMMIT,,,,False,False,False,False,False,,2,,0.4,False,31,43,5,False,2,2PC_RETRY,14,0.0,5,0,80.0,1.0
ABORT,ABORT,ABORT,ABORT,ABORT,,,,False,False,False,False,False,,2,,0.4,False,25,40,5,False,2,2PC_RETRY,15,0.0,6,0,80.0,1.0
COMMIT,COMMIT,COMMIT,COMMIT,COMMIT,,,,True,False,True,True,True,COMMIT,2,18.00869723066567,0.4,False,24,35,5,False,2,2PC_RETRY,16,0.0,4,0,80.0,1.0
ABORT,ABORT,ABORT,ABORT,ABORT,,,,True,False,True,True,True,ABORT,2,21.11035361466044,0.4,False,27,38,5,False,2,2PC_RETRY,17,0.0,6,0,80.0,1.0
ABORT,ABORT,ABORT,ABORT,ABORT,,,,True,False,True,True,True,ABORT,2,22.168217477496754,0.4,False,22,38,5,False,2,2PC_RETRY,18,0.0,6,0,80.0,1.0
ABORT,ABORT,ABORT,ABORT,ABORT,,,,True,False,True,True,True,ABORT,2,20.324874634680203,0.4,False,28,40,5,False,2,2PC_RETRY,19,0.0,6,0,80.0,1.0
ABORT,ABORT,ABORT,,ABORT,,,,False,False,False,False,False,,2,,0.4,False,21,36,5,False,2,2PC_RETRY,20,0.0,6,1,80.0,1.0
ABORT,ABORT,ABORT,ABORT,ABORT,,,,False,False,False,False,False,,2,,0.4,False,25,35,5,False,2,2PC_RETRY,21,0.0,6,0,80.0,1.0
COMMIT,COMMIT,COMMIT,COMMIT,COMMIT,,,,False,False,False,False,False,,2,,0.4,False,26,40,5,False,2,2PC_RETRY,22,0.0,5,0,80.0,1.0
,ABORT,ABORT,ABORT,ABORT,,,,False,False,False,False,False,,2,,0.4,False,23,43,5,False,2,2PC_RETRY,23,0.0,6,1,80.0,1.0
ABORT,,ABORT,ABORT,ABORT,,,,False,False,False,False,False,,2,,0.4,False,19,31,5,False,2,2PC_RETRY,24,0.0,6,1,80.0,1.0
ABORT,ABORT,ABORT,ABORT,ABORT,,,,False,False,False,False,False,,2,,0.4,False,28,39,5,False,2,2PC_RETRY,25,0.0,6,0,80.0,1.0
ABORT,ABORT,ABORT,ABORT,,,,,False,False,False,False,False,,2,,0.4,False,18,35,5,False,2,2PC_RETRY,26,0.0,6,1,80.0,1.0
ABORT,ABORT,ABORT,ABORT,ABORT,,,,False,False,False,False,False,,2,,0.4,False,23,39,5,False,2,2PC_RETRY,27,0.0,6,0,80.0,1.0
ABORT,ABORT,ABORT,ABORT,ABORT,,,,False,False,False,False,False,,2,,0.4,False,25,38,5,False,2,2PC_RETRY,28,0.0,6,0,80.0,1.0
ABORT,ABORT,ABORT,,ABORT,,,,False,False,False,False,False,,2,,0.4,False,24,42,5,False,2,2PC_RETRY,29,0.0,6,1,80.0,1.0
ABORT,ABORT,ABORT,ABORT,ABORT,ABORT,ABORT,ABORT,True,False,True,True,True,ABORT,2,23.80939558795355,0.0,False,76,76,8,False,2,2PC_RETRY,0,0.0,6,0,80.0,1.0
ABORT,ABORT,ABORT,ABORT,ABORT,ABORT,ABORT,ABORT,True,False,True,True,True,ABORT,2,23.042713767782057,0.0,False,72,72,8,False,2,2PC_RETRY,1,0.0,6,0,80.0,1.0
ABORT,ABORT,ABORT,ABORT,ABORT,ABORT,ABORT,ABORT,True,False,True,True,True,ABORT,2,22.616234686338377,0.0,False,82,82,8,False,2,2PC_RETRY,2,0.0,6,0,80.0,1.0
ABORT,ABORT,ABORT,ABORT,ABORT,ABORT,ABORT,ABORT,True,False,True,True,True,ABORT,2,28.093103029147752,0.0,False,78,78,8,False,2,2PC_RETRY,3,0.0,6,0,80.0,1.0
ABORT,ABORT,ABORT,ABORT,ABORT,ABORT,ABORT,ABORT,True,False,True,True,True,ABORT,2,25.63687659939783,0.0,False,70,70,8,False,2,2PC_RETRY,4,0.0,6,0,80.0,1.0
COMMIT,COMMIT,COMMIT,COMMIT,COMMIT,COMMIT,COMMIT,COMMIT,True,False,True,True,True,COMMIT,2,25.173514973558486,0.0,False,72,72,8,False,2,2PC_RETRY,5,0.0,5,0,80.0,1.0
ABORT,ABORT,ABORT,ABORT,ABORT,ABORT,ABORT,ABORT,True,False,True,True,True,ABORT,2,24.545641174440025,0.0,False,82,82,8,False,2,2PC_RETRY,6,0.0,6,0,80.0,1.0
ABORT,ABORT,ABORT,ABORT,ABORT,ABORT,ABORT,ABORT,True,False,True,True,True,ABORT,2,28.95765416036173,0.0,False,84,84,8,False,2,2PC_RETRY,7,0.0,6,0,80.0,1.0
ABORT,ABORT,ABORT,ABORT,ABORT,ABORT,ABORT,ABORT,True,False,True,True,True,ABORT,2,23.843103566506077,0.0,False,74,74,8,False,2,2PC_RETRY,8,0.0,6,0,80.0,1.0
ABORT,ABORT,ABORT,ABORT,ABORT,ABORT,ABORT,ABORT,True,False,True,True,True,ABORT,2,29.918167982265082,0.0,False,82,82,8,False,2,2PC_RETRY,9,0.0,6,0,80.0,1.0
COMMIT,COMMIT,COMMIT,COMMIT,COMMIT,COMMIT,COMMIT,COMMIT,True,False,True,True,True,COMMIT,2,22.81146072910029,0.0,False,74,74,8,False,2,2PC_RETRY,10,0.0,5,0,80.0,1.0
COMMIT,COMMIT,COMMIT,COMMIT,COMMIT,COMMIT,COMMIT,COMMIT,True,False,True,True,True,COMMIT,2,27.34435900256603,0.0,False,78,78,8,False,2,2PC_RETRY,11,0.0,5,0,80.0,1.0
COMMIT,COMMIT,COMMIT,COMMIT,COMMIT,COMMIT,COMMIT,COMMIT,True,False,True,True,True,COMMIT,2,30.094611523839305,0.0,False,70,70,8,False,2,2PC_RETRY,12,0.0,5,0,80.0,1.0
COMMIT,COMMIT,COMMIT,COMMIT,COMMIT,COMMIT,COMMIT,COMMIT,True,False,True,True,True,COMMIT,2,18.973423170510195,0.0,False,68,68,8,False,2,2PC_RETRY,13,0.0,5,0,80.0,1.0
COMMIT,COMMIT,COMMIT,COMMIT,COMMIT,COMMIT,COMMIT,COMMIT,True,False,True,True,True,COMMIT,2,26.898013137751754,0.0,False,80,80,8,False,2,2PC_RETRY,14,0.0,5,0,80.0,1.0
ABORT,ABORT,ABORT,ABORT,ABORT,ABORT,ABORT,ABORT,True,False,True,True,True,ABORT,2,26.87015505360893,0.0,False,80,80,8,False,2,2PC_RETRY,15,0.0,6,0,80.0,1.0
COMMIT,COMMIT,COMMIT,COMMIT,COMMIT,COMMIT,COMMIT,COMMIT,True,False,True,True,True,COMMIT,2,24.282069632205207,0.0,False,72,72,8,False,2,2PC_RETRY,16,0.0,5,0,80.0,1.0
ABORT,ABORT,ABORT,ABORT,ABORT,ABORT,ABORT,ABORT,True,False,True,True,True,ABORT,2,24.256631219284365,0.0,False,74,74,8,False,2,2PC_RETRY,17,0.0,6,0,80.0,1.0
ABORT,ABORT,ABORT,ABORT,ABORT,ABORT,ABORT,ABORT,True,False,True,True,True,ABORT,2,24.35875909039576,0.0,False,82,82,8,False,2,2PC_RETRY,18,0.0,6,0,80.0,1.0
COMMIT,COMMIT,COMMIT,COMMIT,COMMIT,COMMIT,COMMIT,COMMIT,True,False,True,True,True,COMMIT,2,27.392469238984315,0.0,False,68,68,8,False,2,2PC_RETRY,19,0.0,5,0,80.0,1.0
ABORT,ABORT,ABORT,ABORT,ABORT,ABORT,ABORT,ABORT,True,False,True,True,True,ABORT,2,27.507582528521755,0.0,False,80,80,8,False,2,2PC_RETRY,20,0.0,6,0,80.0,1.0
COMMIT,COMMIT,COMMIT,COMMIT,COMMIT,COMMIT,COMMIT,COMMIT,True,False,True,True,True,COMMIT,2,29.187592905756905,0.0,False,72,72,8,False,2,2PC_RETRY,21,0.0,5,0,80.0,1.0
COMMIT,COMMIT,COMMIT,COMMIT,COMMIT,COMMIT,COMMIT,COMMIT,True,False,True,True,True,COMMIT,2,24.071364443827953,0.0,False,76,76,8,False,2,2PC_RETRY,22,0.0,5,0,80.0,1.0
ABORT,ABORT,ABORT,ABORT,ABORT,ABORT,ABORT,ABORT,True,False,True,True,True,ABORT,2,21.891468621858323,0.0,False,68,68,8,False,2,2PC_RETRY,23,0.0,6,0,80.0,1.0
COMMIT,COMMIT,COMMIT,COMMIT,COMMIT,COMMIT,COMMIT,COMMIT,True,False,True,True,True,COMMIT,2,27.273289488491628,0.0,False,76,76,8,False,2,2PC_RETRY,24,0.0,5,0,80.0,1.0
ABORT,ABORT,ABORT,ABORT,ABORT,ABORT,ABORT,ABORT,True,False,True,True,True,ABORT,2,26.108157951135148,0.0,False,80,80,8,False,2,2PC_RETRY,25,0.0,6,0,80.0,1.0
ABORT,ABORT,ABORT,ABORT,ABORT,ABORT,ABORT,ABORT,True,False,True,True,True,ABORT,2,24.102940695604058,0.0,False,82,82,8,False,2,2PC_RETRY,26,0.0,6,0,80.0,1.0
ABORT,ABORT,ABORT,ABORT,ABORT,ABORT,ABORT,ABORT,True,False,True,True,True,ABORT,2,29.003537825069476,0.0,False,82,82,8,False,2,2PC_RETRY,27,0.0,6,0,80.0,1.0
COMMIT,COMMIT,COMMIT,COMMIT,COMMIT,COMMIT,COMMIT,COMMIT,True,False,True,True,True,COMMIT,2,25.331779297082235,0.0,False,70,70,8,False,2,2PC_RETRY,28,0.0,5,0,80.0,1.0
ABORT,ABORT,ABORT,ABORT,ABORT,ABORT,ABORT,ABORT,True,False,True,True,True,ABORT,2,23.445184301671237,0.0,False,68,68,8,False,2,2PC_RETRY,29,0.0,6,0,80.0,1.0
ABORT,ABORT,ABORT,ABORT,ABORT,ABORT,ABORT,ABORT,True,False,True,True,True,ABORT,2,25.39284807693605,0.1,False,70,77,8,False,2,2PC_RETRY,0,0.0,6,0,80.0,1.0
ABORT,ABORT,ABORT,ABORT,ABORT,ABORT,ABORT,ABORT,False,False,False,False,False,,2,,0.1,False,65,77,8,False,2,2PC_RETRY,1,0.0,6,0,80.0,1.0
ABORT,ABORT,ABORT,ABORT,ABORT,ABORT,ABORT,ABORT,True,False,True,True,True,ABORT,2,22.641615563931712,0.1,False,68,73,8,False,2,2PC_RETRY,2,0.0,6,0,80.0,1.0
ABORT,ABORT,ABORT,ABORT,ABORT,ABORT,ABORT,ABORT,True,False,True,True,True,ABORT,2,29.66825041643642,0.1,False,72,82,8,False,2,2PC_RETRY,3,0.0,6,0,80.0,1.0
ABORT,ABORT,ABORT,ABORT,ABORT,ABORT,ABORT,ABORT,True,False,True,True,True,ABORT,2,33.52542852581445,0.1,False,53,66,8,False,2,2PC_RETRY,4,0.0,6,0,80.0,1.0
ABORT,ABORT,ABORT,ABORT,ABORT,ABORT,ABORT,ABORT,True,False,True,True,True,ABORT,2,26.826004109709878,0.1,False,59,65,8,False,2,2PC_RETRY,5,0.0,6,0,80.0,1.0
ABORT,ABORT,ABORT,ABORT,ABORT,ABORT,ABORT,ABORT,True,False,True,True,True,ABORT,2,30.94743368205432,0.1,False,67,77,8,False,2,2PC_RETRY,6,0.0,6,0,80.0,1.0
ABORT,ABORT,ABORT,ABORT,ABORT,ABORT,ABORT,ABORT,True,False,True,True,True,ABORT,2,28.871016723585722,0.1,False,67,79,8,False,2,2PC_RETRY,7,0.0,6,0,80.0,1.0
ABORT,ABORT,ABORT,ABORT,ABORT,ABORT,ABORT,ABORT,True,False,True,True,True,ABORT,2,33.736856652571575,0.1,False,66,75,8,False,2,2PC_RETRY,8,0.0,6,0,80.0,1.0
ABORT,ABORT,ABORT,ABORT,ABORT,ABORT,ABORT,ABORT,True,False,True,True,True,ABORT,2,24.699367493928968,0.1,False,67,80,8,False,2,2PC_RETRY,9,0.0,6,0,80.0,1.0
COMMIT,COMMIT,COMMIT,COMMIT,COMMIT,COMMIT,COMMIT,COMMIT,True,False,True,True,True,COMMIT,2,27.506693213107543,0.1,False,64,70,8,False,2,2PC_RETRY,10,0.0,5,0,80.0,1.0
ABORT,ABORT,ABORT,ABORT,ABORT,ABORT,ABORT,ABORT,True,False,True,True,True,ABORT,2,28.85025681930027,0.1,False,72,81,8,False,2,2PC_RETRY,11,0.0,6,0,80.0,1.0
ABORT,ABORT,ABORT,ABORT,ABORT,ABORT,ABORT,ABORT,True,False,True,True,True,ABORT,2,26.671286730972376,0.1,False,73,78,8,False,2,2PC_RETRY,12,0.0,6,0,80.0,1.0
ABORT,ABORT,ABORT,ABORT,ABORT,ABORT,ABORT,ABORT,True,False,True,True,True,ABORT,2,30.254892131165178,0.1,False,65,72,8,False,2,2PC_RETRY,13,0.0,6,0,80.0,1.0
ABORT,ABORT,ABORT,ABORT,ABORT,ABORT,ABORT,ABORT,True,False,True,True,True,ABORT,2,27.497295214160005,0.1,False,59,73,8,False,2,2PC_RETRY,14,0.0,6,0,80.0,1.0
ABORT,ABORT,ABORT,ABORT,ABORT,ABORT,ABORT,ABORT,True,False,True,True,True,ABORT,2,26.761946833168068,0.1,False,70,76,8,False,2,2PC_RETRY,15,0.0,6,0,80.0,1.0
ABORT,ABORT,ABORT,ABORT,ABORT,ABORT,ABORT,ABORT,False,False,False,False,False,,2,,0.1,False,61,77,8,False,2,2PC_RETRY,16,0.0,6,0,80.0,1.0
ABORT,ABORT,ABORT,ABORT,ABORT,ABORT,ABORT,ABORT,True,False,True,True,True,ABORT,2,35.11209548968485,0.1,False,69,78,8,False,2,2PC_RETRY,17,0.0,6,0,80.0,1.0
ABORT,ABORT,ABORT,ABORT,ABORT,ABORT,ABORT,ABORT,True,False,True,True,True,ABORT,2,27.154791176346915,0.1,False,72,79,8,False,2,2PC_RETRY,18,0.0,6,0,80.0,1.0
ABORT,ABORT,ABORT,ABORT,ABORT,ABORT,ABORT,ABORT,False,False,False,False,False,,2,,0.1,False,65,74,8,False,2,2PC_RETRY,19,0.0,6,0,80.0,1.0
ABORT,ABORT,ABORT,ABORT,ABORT,ABORT,ABORT,ABORT,True,False,True,True,True,ABORT,2,31.395577064914928,0.1,False,73,79,8,False,2,2PC_RETRY,20,0.0,6,0,80.0,1.0
ABORT,ABORT,ABORT,ABORT,ABORT,ABORT,ABORT,ABORT,True,False,True,True,True,ABORT,2,28.570751259589912,0.1,False,72,79,8,False,2,2PC_RETRY,21,0.0,6,0,80.0,1.0
ABORT,ABORT,ABORT,ABORT,ABORT,ABORT,ABORT,ABORT,True,False,True,True,True,ABORT,2,26.97550974949382,0.1,False,72,75,8,False,2,2PC_RETRY,22,0.0,6,0,80.0,1.0
ABORT,ABORT,ABORT,ABORT,ABORT,ABORT,ABORT,ABORT,True,False,True,True,True,ABORT,2,26.41766029273185,0.1,False,67,71,8,False,2,2PC_RETRY,23,0.0,6,0,80.0,1.0
ABORT,ABORT,ABORT,ABORT,ABORT,ABORT,ABORT,ABORT,False,False,False,False,False,,2,,0.1,False,60,71,8,False,2,2PC_RETRY,24,0.0,6,0,80.0,1.0
ABORT,ABORT,ABORT,ABORT,ABORT,ABORT,ABORT,ABORT,True,False,True,True,True,ABORT,2,30.285343104329367,0.1,False,55,65,8,False,2,2PC_RETRY,25,0.0,6,0,80.0,1.0
ABORT,ABORT,ABORT,ABORT,ABORT,ABORT,ABORT,ABORT,True,False,True,True,True,ABORT,2,23.219944564034723,0.1,False,66,79,8,False,2,2PC_RETRY,26,0.0,6,0,80.0,1.0
ABORT,ABORT,ABORT,ABORT,ABORT,ABORT,ABORT,ABORT,True,False,True,True,True,ABORT,2,28.866008448954748,0.1,False,67,75,8,False,2,2PC_RETRY,27,0.0,6,0,80.0,1.0
COMMIT,COMMIT,COMMIT,COMMIT,COMMIT,COMMIT,COMMIT,COMMIT,True,False,True,True,True,COMMIT,2,30.53059698689047,0.1,False,60,70,8,False,2,2PC_RETRY,28,0.0,5,0,80.0,1.0
ABORT,ABORT,ABORT,ABORT,ABORT,ABORT,ABORT,ABORT,True,False,True,True,True,ABORT,2,30.632818252013738,0.1,False,68,76,8,False,2,2PC_RETRY,29,0.0,6,0,80.0,1.0
ABORT,ABORT,ABORT,ABORT,ABORT,ABORT,ABORT,ABORT,True,False,True,True,True,ABORT,2,31.462823401841753,0.2,False,54,66,8,False,2,2PC_RETRY,0,0.0,6,0,80.0,1.0
ABORT,ABORT,ABORT,ABORT,ABORT,ABORT,ABORT,ABORT,True,False,True,True,True,ABORT,2,34.95543784040567,0.2,False,56,77,8,False,2,2PC_RETRY,1,0.0,6,0,80.0,1.0
ABORT,ABORT,ABORT,ABORT,ABORT,ABORT,ABORT,ABORT,False,False,False,False,False,,2,,0.2,False,54,71,8,False,2,2PC_RETRY,2,0.0,6,0,80.0,1.0
ABORT,ABORT,ABORT,ABORT,ABORT,ABORT,ABORT,ABORT,True,False,True,True,True,ABORT,2,27.56372016766204,0.2,False,66,80,8,False,2,2PC_RETRY,3,0.0,6,0,80.0,1.0
ABORT,ABORT,ABORT,ABORT,ABORT,ABORT,ABORT,ABORT,True,False,True,True,True,ABORT,2,24.91421766077648,0.2,False,60,77,8,False,2,2PC_RETRY,4,0.0,6,0,80.0,1.0
ABORT,ABORT,ABORT,ABORT,ABORT,ABORT,ABORT,ABORT,True,False,True,True,True,ABORT,2,25.430928653658377,0.2,False,68,76,8,False,2,2PC_RETRY,5,0.0,6,0,80.0,1.0
ABORT,ABORT,ABORT,ABORT,ABORT,ABORT,ABORT,ABORT,True,False,True,True,True,ABORT,2,30.00533553015718,0.2,False,54,75,8,False,2,2PC_RETRY,6,0.0,6,0,80.0,1.0
ABORT,ABORT,ABORT,ABORT,ABORT,ABORT,ABORT,ABORT,True,False,True,True,True,ABORT,2,33.3396474489175,0.2,False,57,75,8,False,2,2PC_RETRY,7,0.0,6,0,80.0,1.0
ABORT,ABORT,ABORT,ABORT,ABORT,ABORT,ABORT,ABORT,False,False,False,False,False,,2,,0.2,False,61,74,8,False,2,2PC_RETRY,8,0.0,6,0,80.0,1.0
ABORT,ABORT,ABORT,ABORT,ABORT,ABORT,ABORT,ABORT,False,False,False,False,False,,2,,0.2,False,62,77,8,False,2,2PC_RETRY,9,0.0,6,0,80.0,1.0
ABORT,ABORT,ABORT,ABORT,ABORT,ABORT,ABORT,ABORT,True,False,True,True,True,ABORT,2,33.003363375367236,0.2,False,65,77,8,False,2,2PC_RETRY,10,0.0,6,0,80.0,1.0
ABORT,ABORT,ABORT,ABORT,ABORT,ABORT,ABORT,ABORT,True,False,True,True,True,ABORT,2,26.832062949055754,0.2,False,64,81,8,False,2,2PC_RETRY,11,0.0,6,0,80.0,1.0
ABORT,ABORT,ABORT,ABORT,ABORT,ABORT,ABORT,ABORT,True,False,True,True,True,ABORT,2,28.548127916636496,0.2,False,65,73,8,False,2,2PC_RETRY,12,0.0,6,0,80.0,1.0
ABORT,ABORT,ABORT,ABORT,ABORT,ABORT,ABORT,ABORT,True,False,True,True,True,ABORT,2,25.863970174400798,0.2,False,56,65,8,False,2,2PC_RETRY,13,0.0,6,0,80.0,1.0
ABORT,ABORT,ABORT,ABORT,ABORT,ABORT,ABORT,ABORT,False,False,False,False,False,,2,,0.2,False,53,72,8,False,2,2PC_RETRY,14,0.0,6,0,80.0,1.0
ABORT,ABORT,ABORT,ABORT,ABORT,ABORT,ABORT,ABORT,True,False,True,True,True,ABORT,2,30.945045010506174,0.2,False,52,71,8,False,2,2PC_RETRY,15,0.0,6,0,80.0,1.0
ABORT,ABORT,ABORT,ABORT,ABORT,ABORT,ABORT,ABORT,True,False,True,True,True,ABORT,2,29.195238011841905,0.2,False,56,72,8,False,2,2PC_RETRY,16,0.0,6,0,80.0,1.0
ABORT,ABORT,ABORT,ABORT,ABORT,ABORT,ABORT,ABORT,True,False,True,True,True,ABORT,2,31.459183869753677,0.2,False,51,68,8,False,2,2PC_RETRY,17,0.0,6,0,80.0,1.0
ABORT,ABORT,ABORT,ABORT,ABORT,ABORT,ABORT,ABORT,True,False,True,True,True,ABORT,2,27.154791176346915,0.2,False,66,77,8,False,2,2PC_RETRY,18,0.0,6,0,80.0,1.0
ABORT,ABORT,ABORT,ABORT,ABORT,ABORT,ABORT,ABORT,True,False,True,True,True,ABORT,2,28.749147077257742,0.2,False,61,71,8,False,2,2PC_RETRY,19,0.0,6,0,80.0,1.0
ABORT,,ABORT,ABORT,ABORT,ABORT,ABORT,ABORT,False,False,False,False,False,,2,,0.2,False,58,76,8,False,2,2PC_RETRY,20,0.0,6,1,80.0,1.0
ABORT,ABORT,ABORT,ABORT,ABORT,ABORT,ABORT,ABORT,True,False,True,True,True,ABORT,2,34.806119011314564,0.2,False,54,71,8,False,2,2PC_RETRY,21,0.0,6,0,80.0,1.0
ABORT,ABORT,ABORT,ABORT,ABORT,ABORT,ABORT,ABORT,False,False,False,False,False,,2,,0.2,False,65,77,8,False,2,2PC_RETRY,22,0.0,6,0,80.0,1.0
ABORT,ABORT,ABORT,ABORT,ABORT,ABORT,ABORT,ABORT,True,False,True,True,True,ABORT,2,36.6683167893985,0.2,False,63,80,8,False,2,2PC_RETRY,23,0.0,6,0,80.0,1.0
ABORT,ABORT,ABORT,ABORT,ABORT,ABORT,ABORT,ABORT,True,False,True,True,True,ABORT,2,32.368719045157775,0.2,False,64,81,8,False,2,2PC_RETRY,24,0.0,6,0,80.0,1.0
ABORT,ABORT,ABORT,ABORT,ABORT,ABORT,ABORT,ABORT,True,False,True,True,True,ABORT,2,32.1056000042445,0.2,False,53,67,8,False,2,2PC_RETRY,25,0.0,6,0,80.0,1.0
ABORT,ABORT,ABORT,ABORT,ABORT,ABORT,ABORT,ABORT,True,False,True,True,True,ABORT,2,28.011237048763363,0.2,False,60,78,8,False,2,2PC_RETRY,26,0.0,6,0,80.0,1.0
ABORT,ABORT,ABORT,ABORT,ABORT,ABORT,ABORT,ABORT,True,False,True,True,True,ABORT,2,30.9816007500091,0.2,False,55,76,8,False,2,2PC_RETRY,27,0.0,6,0,80.0,1.0
ABORT,ABORT,ABORT,ABORT,ABORT,ABORT,ABORT,ABORT,True,False,True,True,True,ABORT,2,30.01769902870485,0.2,False,58,76,8,False,2,2PC_RETRY,28,0.0,6,0,80.0,1.0
ABORT,ABORT,ABORT,ABORT,ABORT,ABORT,ABORT,ABORT,True,False,True,True,True,ABORT,2,28.283726530644003,0.2,False,68,76,8,False,2,2PC_RETRY,29,0.0,6,0,80.0,1.0
ABORT,ABORT,ABORT,ABORT,ABORT,ABORT,ABORT,ABORT,False,False,False,False,False,,2,,0.3,False,54,73,8,False,2,2PC_RETRY,0,0.0,6,0,80.0,1.0
ABORT,ABORT,ABORT,ABORT,ABORT,ABORT,ABORT,ABORT,True,False,True,True,True,ABORT,2,34.38673225475003,0.3,False,51,77,8,False,2,2PC_RETRY,1,0.0,6,0,80.0,1.0
ABORT,ABORT,,ABORT,ABORT,ABORT,ABORT,ABORT,False,False,False,False,False,,2,,0.3,False,48,67,8,False,2,2PC_RETRY,2,0.0,6,1,80.0,1.0
ABORT,ABORT,ABORT,ABORT,ABORT,ABORT,ABORT,ABORT,False,False,False,False,False,,2,,0.3,False,59,78,8,False,2,2PC_RETRY,3,0.0,6,0,80.0,1.0
ABORT,ABORT,ABORT,ABORT,ABORT,ABORT,ABORT,ABORT,False,False,False,False,False,,2,,0.3,False,52,77,8,False,2,2PC_RETRY,4,0.0,6,0,80.0,1.0
ABORT,ABORT,ABORT,ABORT,ABORT,ABORT,ABORT,ABORT,False,False,False,False,False,,2,,0.3,False,50,72,8,False,2,2PC_RETRY,5,0.0,6,0,80.0,1.0
ABORT,ABORT,ABORT,ABORT,ABORT,ABORT,ABORT,ABORT,False,False,False,False,False,,2,,0.3,False,54,74,8,False,2,2PC_RETRY,6,0.0,6,0,80.0,1.0
ABORT,ABORT,ABORT,ABORT,ABORT,ABORT,ABORT,ABORT,False,False,False,False,False,,2,,0.3,False,56,79,8,False,2,2PC_RETRY,7,0.0,6,0,80.0,1.0
ABORT,ABORT,ABORT,ABORT,ABORT,ABORT,ABORT,ABORT,True,False,True,True,True,ABORT,2,35.49581486806468,0.3,False,56,74,8,False,2,2PC_RETRY,8,0.0,6,0,80.0,1.0
ABORT,ABORT,ABORT,ABORT,ABORT,ABORT,ABORT,ABORT,False,False,False,False,False,,2,,0.3,False,47,74,8,False,2,2PC_RETRY,9,0.0,6,0,80.0,1.0
ABORT,ABORT,ABORT,ABORT,ABORT,ABORT,ABORT,ABORT,False,False,False,False,False,,2,,0.3,False,59,77,8,False,2,2PC_RETRY,10,0.0,6,0,80.0,1.0
ABORT,ABORT,ABORT,ABORT,ABORT,ABORT,ABORT,ABORT,False,False,False,False,False,,2,,0.3,False,41,72,8,False,2,2PC_RETRY,11,0.0,6,0,80.0,1.0
ABORT,ABORT,ABORT,ABORT,ABORT,ABORT,ABORT,ABORT,True,False,True,True,True,ABORT,2,37.40223434175632,0.3,False,55,75,8,False,2,2PC_RETRY,12,0.0,6,0,80.0,1.0
ABORT,ABORT,ABORT,ABORT,ABORT,ABORT,ABORT,ABORT,False,False,False,False,False,,2,,0.3,False,58,80,8,False,2,2PC_RETRY,13,0.0,6,0,80.0,1.0
ABORT,ABORT,ABORT,ABORT,ABORT,ABORT,ABORT,ABORT,False,False,False,False,False,,2,,0.3,False,42,70,8,False,2,2PC_RETRY,14,0.0,6,0,80.0,1.0
ABORT,ABORT,ABORT,ABORT,ABORT,ABORT,ABORT,ABORT,True,False,True,True,True,ABORT,2,31.551497947283664,0.3,False,45,70,8,False,2,2PC_RETRY,15,0.0,6,0,80.0,1.0
ABORT,ABORT,ABORT,ABORT,ABORT,ABORT,ABORT,ABORT,True,False,True,True,True,ABORT,2,29.860794067637208,0.3,False,52,78,8,False,2,2PC_RETRY,16,0.0,6,0,80.0,1.0
ABORT,ABORT,ABORT,ABORT,ABORT,ABORT,ABORT,ABORT,True,False,True,True,True,ABORT,2,31.459183869753677,0.3,False,48,68,8,False,2,2PC_RETRY,17,0.0,6,0,80.0,1.0
ABORT,ABORT,ABORT,ABORT,ABORT,ABORT,ABORT,ABORT,False,False,False,False,False,,2,,0.3,False,53,73,8,False,2,2PC_RETRY,18,0.0,6,0,80.0,1.0
ABORT,ABORT,ABORT,ABORT,ABORT,,ABORT,ABORT,False,False,False,False,False,,2,,0.3,False,50,69,8,False,2,2PC_RETRY,19,0.0,6,1,80.0,1.0
ABORT,ABORT,ABORT,ABORT,ABORT,ABORT,ABORT,ABORT,False,False,False,False,False,,2,,0.3,False,51,78,8,False,2,2PC_RETRY,20,0.0,6,0,80.0,1.0
ABORT,ABORT,ABORT,ABORT,ABORT,ABORT,ABORT,ABORT,True,False,True,True,True,ABORT,2,27.39952999544502,0.3,False,46,68,8,False,2,2PC_RETRY,21,0.0,6,0,80.0,1.0
ABORT,ABORT,ABORT,ABORT,ABORT,ABORT,ABORT,ABORT,False,False,False,False,False,,2,,0.3,False,49,74,8,False,2,2PC_RETRY,22,0.0,6,0,80.0,1.0
ABORT,ABORT,ABORT,ABORT,ABORT,ABORT,ABORT,ABORT,True,False,True,True,True,ABORT,2,33.051328231160156,0.3,False,49,71,8,False,2,2PC_RETRY,23,0.0,6,0,80.0,1.0
ABORT,ABORT,ABORT,ABORT,ABORT,ABORT,ABORT,ABORT,False,False,False,False,False,,2,,0.3,False,51,76,8,False,2,2PC_RETRY,24,0.0,6,0,80.0,1.0
ABORT,ABORT,ABORT,ABORT,ABORT,ABORT,ABORT,ABORT,True,False,True,True,True,ABORT,2,32.43974033460597,0.3,False,51,66,8,False,2,2PC_RETRY,25,0.0,6,0,80.0,1.0
ABORT,ABORT,ABORT,ABORT,ABORT,ABORT,ABORT,ABORT,False,False,False,False,False,,2,,0.3,False,49,79,8,False,2,2PC_RETRY,26,0.0,6,0,80.0,1.0
ABORT,ABORT,ABORT,ABORT,ABORT,,ABORT,ABORT,False,False,False,False,False,,2,,0.3,False,47,70,8,False,2,2PC_RETRY,27,0.0,6,1,80.0,1.0
ABORT,ABORT,ABORT,ABORT,ABORT,ABORT,ABORT,ABORT,True,False,True,True,True,ABORT,2,32.637405722428326,0.3,False,53,71,8,False,2,2PC_RETRY,28,0.0,6,0,80.0,1.0
ABORT,ABORT,ABORT,ABORT,,ABORT,ABORT,ABORT,False,False,False,False,False,,2,,0.3,False,43,68,8,False,2,2PC_RETRY,29,0.0,6,1,80.0,1.0
ABORT,ABORT,ABORT,ABORT,ABORT,ABORT,ABORT,ABORT,False,False,False,False,False,,2,,0.4,False,39,71,8,False,2,2PC_RETRY,0,0.0,6,0,80.0,1.0
ABORT,ABORT,ABORT,ABORT,ABORT,ABORT,ABORT,ABORT,True,False,True,True,True,ABORT,2,34.90322531414178,0.4,False,48,76,8,False,2,2PC_RETRY,1,0.0,6,0,80.0,1.0
ABORT,ABORT,ABORT,ABORT,ABORT,ABORT,ABORT,ABORT,False,False,False,False,False,,2,,0.4,False,44,73,8,False,2,2PC_RETRY,2,0.0,6,0,80.0,1.0
ABORT,ABORT,ABORT,ABORT,ABORT,ABORT,ABORT,ABORT,False,False,False,False,False,,2,,0.4,False,56,78,8,False,2,2PC_RETRY,3,0.0,6,0,80.0,1.0
ABORT,ABORT,ABORT,ABORT,ABORT,ABORT,ABORT,ABORT,False,False,False,False,False,,2,,0.4,False,36,72,8,False,2,2PC_RETRY,4,0.0,6,0,80.0,1.0
ABORT,ABORT,ABORT,ABORT,ABORT,ABORT,ABORT,ABORT,False,False,False,False,False,,2,,0.4,False,41,73,8,False,2,2PC_RETRY,5,0.0,6,0,80.0,1.0
ABORT,ABORT,ABORT,,ABORT,,ABORT,ABORT,False,False,False,False,False,,2,,0.4,False,40,67,8,False,2,2PC_RETRY,6,0.0,6,2,80.0,1.0
ABORT,ABORT,ABORT,ABORT,ABORT,ABORT,ABORT,ABORT,False,False,False,False,False,,2,,0.4,False,45,76,8,False,2,2PC_RETRY,7,0.0,6,0,80.0,1.0
ABORT,ABORT,ABORT,ABORT,ABORT,ABORT,ABORT,,False,False,False,False,False,,2,,0.4,False,49,70,8,False,2,2PC_RETRY,8,0.0,6,1,80.0,1.0
ABORT,ABORT,ABORT,ABORT,ABORT,ABORT,ABORT,ABORT,False,False,False,False,False,,2,,0.4,False,44,70,8,False,2,2PC_RETRY,9,0.0,6,0,80.0,1.0
ABORT,ABORT,ABORT,ABORT,ABORT,ABORT,ABORT,ABORT,True,False,True,True,True,ABORT,2,32.08468980675129,0.4,False,53,75,8,False,2,2PC_RETRY,10,0.0,6,0,80.0,1.0
ABORT,ABORT,ABORT,ABORT,ABORT,ABORT,ABORT,ABORT,False,False,False,False,False,,2,,0.4,False,40,72,8,False,2,2PC_RETRY,11,0.0,6,0,80.0,1.0
ABORT,ABORT,ABORT,ABORT,ABORT,ABORT,ABORT,ABORT,False,False,False,False,False,,2,,0.4,False,53,76,8,False,2,2PC_RETRY,12,0.0,6,0,80.0,1.0
ABORT,ABORT,ABORT,ABORT,ABORT,ABORT,ABORT,ABORT,False,False,False,False,False,,2,,0.4,False,43,68,8,False,2,2PC_RETRY,13,0.0,6,0,80.0,1.0
ABORT,ABORT,ABORT,ABORT,ABORT,ABORT,ABORT,ABORT,True,False,True,True,True,ABORT,2,32.07334593335045,0.4,False,46,67,8,False,2,2PC_RETRY,14,0.0,6,0,80.0,1.0
ABORT,ABORT,,ABORT,ABORT,ABORT,ABORT,ABORT,False,False,False,False,False,,2,,0.4,False,29,61,8,False,2,2PC_RETRY,15,0.0,6,1,80.0,1.0
ABORT,ABORT,ABORT,ABORT,ABORT,ABORT,ABORT,ABORT,False,False,False,False,False,,2,,0.4,False,41,77,8,False,2,2PC_RETRY,16,0.0,6,0,80.0,1.0
ABORT,ABORT,ABORT,ABORT,ABORT,ABORT,ABORT,ABORT,False,False,False,False,False,,2,,0.4,False,44,71,8,False,2,2PC_RETRY,17,0.0,6,0,80.0,1.0
ABORT,ABORT,ABORT,ABORT,ABORT,ABORT,ABORT,ABORT,False,False,False,False,False,,2,,0.4,False,49,74,8,False,2,2PC_RETRY,18,0.0,6,0,80.0,1.0
ABORT,,ABORT,ABORT,ABORT,ABORT,ABORT,ABORT,False,False,False,False,False,,2,,0.4,False,47,75,8,False,2,2PC_RETRY,19,0.0,6,1,80.0,1.0
ABORT,ABORT,ABORT,ABORT,ABORT,,ABORT,ABORT,False,False,False,False,False,,2,,0.4,False,38,73,8,False,2,2PC_RETRY,20,0.0,6,1,80.0,1.0
ABORT,ABORT,,ABORT,ABORT,ABORT,ABORT,ABORT,False,False,False,False,False,,2,,0.4,False,35,63,8,False,2,2PC_RETRY,21,0.0,6,1,80.0,1.0
ABORT,ABORT,ABORT,ABORT,ABORT,ABORT,ABORT,ABORT,False,False,False,False,False,,2,,0.4,False,44,69,8,False,2,2PC_RETRY,22,0.0,6,0,80.0,1.0
ABORT,ABORT,,ABORT,ABORT,ABORT,ABORT,ABORT,False,False,False,False,False,,2,,0.4,False,44,73,8,False,2,2PC_RETRY,23,0.0,6,1,80.0,1.0
ABORT,ABORT,ABORT,ABORT,ABORT,ABORT,ABORT,ABORT,False,False,False,False,False,,2,,0.4,False,40,70,8,False,2,2PC_RETRY,24,0.0,6,0,80.0,1.0
ABORT,ABORT,ABORT,ABORT,ABORT,ABORT,ABORT,ABORT,True,False,True,True,True,ABORT,2,30.86416471939089,0.4,False,48,71,8,False,2,2PC_RETRY,25,0.0,6,0,80.0,1.0
ABORT,ABORT,ABORT,ABORT,,ABORT,ABORT,ABORT,False,False,False,False,False,,2,,0.4,False,40,73,8,False,2,2PC_RETRY,26,0.0,6,1,80.0,1.0
ABORT,ABORT,,ABORT,ABORT,ABORT,ABORT,ABORT,False,False,False,False,False,,2,,0.4,False,34,66,8,False,2,2PC_RETRY,27,0.0,6,1,80.0,1.0
,ABORT,ABORT,ABORT,ABORT,ABORT,ABORT,ABORT,False,False,False,False,False,,2,,0.4,False,42,70,8,False,2,2PC_RETRY,28,0.0,6,1,80.0,1.0
ABORT,ABORT,,ABORT,ABORT,ABORT,ABORT,,False,False,False,False,False,,2,,0.4,False,30,66,8,False,2,2PC_RETRY,29,0.0,6,2,80.0,1.0
,COMMIT,COMMIT,,,,,,False,False,False,True,True,COMMIT,,,0.0,True,,3,3,True,,ONE_SHOT,0,0.8,,1,80.0,1.0
COMMIT,COMMIT,COMMIT,,,,,,True,False,True,True,True,COMMIT,,2.260557065159927,0.0,True,,3,3,False,,ONE_SHOT,1,0.8,,0,80.0,1.0
,,COMMIT,,,,,,False,False,False,True,True,COMMIT,,,0.0,True,,3,3,True,,ONE_SHOT,2,0.8,,2,80.0,1.0
COMMIT,,,,,,,,False,False,False,True,True,COMMIT,,,0.0,True,,3,3,True,,ONE_SHOT,3,0.8,,2,80.0,1.0
COMMIT,COMMIT,,,,,,,False,False,False,True,True,COMMIT,,,0.0,True,,3,3,True,,ONE_SHOT,4,0.8,,1,80.0,1.0
,,,,,,,,False,False,False,True,True,COMMIT,,,0.0,True,,3,3,False,,ONE_SHOT,5,0.8,,3,80.0,1.0
,COMMIT,,,,,,,False,False,False,True,True,COMMIT,,,0.0,True,,3,3,True,,ONE_SHOT,6,0.8,,2,80.0,1.0
COMMIT,COMMIT,COMMIT,,,,,,True,False,True,True,True,COMMIT,,2.2722385565381265,0.0,True,,3,3,False,,ONE_SHOT,7,0.8,,0,80.0,1.0
COMMIT,,,,,,,,False,False,False,True,True,COMMIT,,,0.0,True,,3,3,True,,ONE_SHOT,8,0.8,,2,80.0,1.0
COMMIT,,,,,,,,False,False,False,True,True,COMMIT,,,0.0,True,,3,3,True,,ONE_SHOT,9,0.8,,2,80.0,1.0
,COMMIT,COMMIT,,,,,,False,False,False,True,True,COMMIT,,,0.0,True,,3,3,True,,ONE_SHOT,10,0.8,,1,80.0,1.0
COMMIT,,COMMIT,,,,,,False,False,False,True,True,COMMIT,,,0.0,True,,3,3,True,,ONE_SHOT,11,0.8,,1,80.0,1.0
COMMIT,COMMIT,,,,,,,False,False,False,True,True,COMMIT,,,0.0,True,,3,3,True,,ONE_SHOT,12,0.8,,1,80.0,1.0
COMMIT,,,,,,,,False,False,False,True,True,COMMIT,,,0.0,True,,3,3,True,,ONE_SHOT,13,0.8,,2,80.0,1.0
COMMIT,,,,,,,,False,False,False,True,True,COMMIT,,,0.0,True,,3,3,True,,ONE_SHOT,14,0.8,,2,80.0,1.0
,COMMIT,,,,,,,False,False,False,True,True,COMMIT,,,0.0,True,,3,3,True,,ONE_SHOT,15,0.8,,2,80.0,1.0
COMMIT,COMMIT,,,,,,,False,False,False,True,True,COMMIT,,,0.0,True,,3,3,True,,ONE_SHOT,16,0.8,,1,80.0,1.0
,,COMMIT,,,,,,False,False,False,True,True,COMMIT,,,0.0,True,,3,3,True,,ONE_SHOT,17,0.8,,2,80.0,1.0
COMMIT,COMMIT,COMMIT,,,,,,True,False,True,True,True,COMMIT,,2.2582006424059817,0.0,True,,3,3,False,,ONE_SHOT,18,0.8,,0,80.0,1.0
,COMMIT,,,,,,,False,False,False,True,True,COMMIT,,,0.0,True,,3,3,True,,ONE_SHOT,19,0.8,,2,80.0,1.0
,,COMMIT,,,,,,False,False,False,True,True,COMMIT,,,0.0,True,,3,3,True,,ONE_SHOT,20,0.8,,2,80.0,1.0
COMMIT,COMMIT,,,,,,,False,False,False,True,True,COMMIT,,,0.0,True,,3,3,True,,ONE_SHOT,21,0.8,,1,80.0,1.0
,,,,,,,,False,False,False,True,True,COMMIT,,,0.0,True,,3,3,False,,ONE_SHOT,22,0.8,,3,80.0,1.0
,,COMMIT,,,,,,False,False,False,True,True,COMMIT,,,0.0,True,,3,3,True,,ONE_SHOT,23,0.8,,2,80.0,1.0
,,,,,,,,False,False,False,True,True,COMMIT,,,0.0,True,,3,3,False,,ONE_SHOT,24,0.8,,3,80.0,1.0
COMMIT,COMMIT,COMMIT,,,,,,True,False,True,True,True,COMMIT,,2.2831812787600527,0.0,True,,3,3,False,,ONE_SHOT,25,0.8,,0,80.0,1.0
,,,,,,,,False,False,False,True,True,COMMIT,,,0.0,True,,3,3,False,,ONE_SHOT,26,0.8,,3,80.0,1.0
,,,,,,,,False,False,False,True,True,COMMIT,,,0.0,True,,3,3,False,,ONE_SHOT,27,0.8,,3,80.0,1.0
COMMIT,COMMIT,,,,,,,False,False,False,True,True,COMMIT,,,0.0,True,,3,3,True,,ONE_SHOT,28,0.8,,1,80.0,1.0
COMMIT,COMMIT,COMMIT,,,,,,True,False,True,True,True,COMMIT,,2.327203984366678,0.0,True,,3,3,False,,ONE_SHOT,29,0.8,,0,80.0,1.0
,,COMMIT,,,,,,False,False,False,True,True,COMMIT,,,0.1,True,,3,3,True,,ONE_SHOT,0,0.8,,2,80.0,1.0
COMMIT,COMMIT,COMMIT,,,,,,True,False,True,True,True,COMMIT,,2.130610745314791,0.1,True,,3,3,False,,ONE_SHOT,1,0.8,,0,80.0,1.0
COMMIT,COMMIT,COMMIT,,,,,,True,False,True,True,True,COMMIT,,2.2826416235373967,0.1,True,,3,3,False,,ONE_SHOT,2,0.8,,0,80.0,1.0
,COMMIT,COMMIT,,,,,,False,False,False,True,True,COMMIT,,,0.1,True,,3,3,True,,ONE_SHOT,3,0.8,,1,80.0,1.0
COMMIT,COMMIT,COMMIT,,,,,,True,False,True,True,True,COMMIT,,2.3025270778815927,0.1,True,,3,3,False,,ONE_SHOT,4,0.8,,0,80.0,1.0
,COMMIT,COMMIT,,,,,,False,False,False,True,True,COMMIT,,,0.1,True,,3,3,True,,ONE_SHOT,5,0.8,,1,80.0,1.0
COMMIT,COMMIT,COMMIT,,,,,,True,False,True,True,True,COMMIT,,2.4269238304660155,0.1,True,,3,3,False,,ONE_SHOT,6,0.8,,0,80.0,1.0
COMMIT,COMMIT,COMMIT,,,,,,True,False,True,True,True,COMMIT,,2.300019724205427,0.1,True,,3,3,False,,ONE_SHOT,7,0.8,,0,80.0,1.0
COMMIT,COMMIT,,,,,,,False,False,False,True,True,COMMIT,,,0.1,True,,3,3,True,,ONE_SHOT,8,0.8,,1,80.0,1.0
COMMIT,COMMIT,COMMIT,,,,,,True,False,True,True,True,COMMIT,,2.5306198651377056,0.1,True,,3,3,False,,ONE_SHOT,9,0.8,,0,80.0,1.0
COMMIT,COMMIT,COMMIT,,,,,,True,False,True,True,True,COMMIT,,2.5609549557862685,0.1,True,,3,3,False,,ONE_SHOT,10,0.8,,0,80.0,1.0
COMMIT,COMMIT,,,,,,,False,False,False,True,True,COMMIT,,,0.1,True,,3,3,True,,ONE_SHOT,11,0.8,,1,80.0,1.0
COMMIT,COMMIT,COMMIT,,,,,,True,False,True,True,True,COMMIT,,2.2247305056312263,0.1,True,,3,3,False,,ONE_SHOT,12,0.8,,0,80.0,1.0
COMMIT,COMMIT,,,,,,,False,False,False,True,True,COMMIT,,,0.1,True,,3,3,True,,ONE_SHOT,13,0.8,,1,80.0,1.0
COMMIT,,COMMIT,,,,,,False,False,False,True,True,COMMIT,,,0.1,True,,3,3,True,,ONE_SHOT,14,0.8,,1,80.0,1.0
,COMMIT,COMMIT,,,,,,False,False,False,True,True,COMMIT,,,0.1,True,,3,3,True,,ONE_SHOT,15,0.8,,1,80.0,1.0
COMMIT,COMMIT,,,,,,,False,False,False,True,True,COMMIT,,,0.1,True,,3,3,True,,ONE_SHOT,16,0.8,,1,80.0,1.0
COMMIT,COMMIT,COMMIT,,,,,,True,False,True,True,True,COMMIT,,2.373752369583299,0.1,True,,3,3,False,,ONE_SHOT,17,0.8,,0,80.0,1.0
COMMIT,COMMIT,COMMIT,,,,,,True,False,True,True,True,COMMIT,,2.332118568199007,0.1,True,,3,3,False,,ONE_SHOT,18,0.8,,0,80.0,1.0
COMMIT,COMMIT,COMMIT,,,,,,True,False,True,True,True,COMMIT,,2.3734612497295133,0.1,True,,3,3,False,,ONE_SHOT,19,0.8,,0,80.0,1.0
COMMIT,COMMIT,COMMIT,,,,,,True,False,True,True,True,COMMIT,,2.4553020831425596,0.1,True,,3,3,False,,ONE_SHOT,20,0.8,,0,80.0,1.0
COMMIT,COMMIT,COMMIT,,,,,,True,False,True,True,True,COMMIT,,2.36367906900364,0.1,True,,3,3,False,,ONE_SHOT,21,0.8,,0,80.0,1.0
,,COMMIT,,,,,,False,False,False,True,True,COMMIT,,,0.1,True,,3,3,True,,ONE_SHOT,22,0.8,,2,80.0,1.0
COMMIT,COMMIT,COMMIT,,,,,,True,False,True,True,True,COMMIT,,2.1546672948164183,0.1,True,,3,3,False,,ONE_SHOT,23,0.8,,0,80.0,1.0
COMMIT,,COMMIT,,,,,,False,False,False,True,True,COMMIT,,,0.1,True,,3,3,True,,ONE_SHOT,24,0.8,,1,80.0,1.0
COMMIT,COMMIT,COMMIT,,,,,,True,False,True,True,True,COMMIT,,2.2763510894534367,0.1,True,,3,3,False,,ONE_SHOT,25,0.8,,0,80.0,1.0
COMMIT,COMMIT,,,,,,,False,False,False,True,True,COMMIT,,,0.1,True,,3,3,True,,ONE_SHOT,26,0.8,,1,80.0,1.0
COMMIT,COMMIT,COMMIT,,,,,,True,False,True,True,True,COMMIT,,2.1513573527446983,0.1,True,,3,3,False,,ONE_SHOT,27,0.8,,0,80.0,1.0
COMMIT,COMMIT,COMMIT,,,,,,True,False,True,True,True,COMMIT,,2.637251802099971,0.1,True,,3,3,False,,ONE_SHOT,28,0.8,,0,80.0,1.0
COMMIT,COMMIT,COMMIT,,,,,,True,False,True,True,True,COMMIT,,2.4304884728561493,0.1,True,,3,3,False,,ONE_SHOT,29,0.8,,0,80.0,1.0
,,COMMIT,,,,,,False,False,False,True,True,COMMIT,,,0.2,True,,3,3,True,,ONE_SHOT,0,0.8,,2,80.0,1.0
,COMMIT,COMMIT,,,,,,False,False,False,True,True,COMMIT,,,0.2,True,,3,3,True,,ONE_SHOT,1,0.8,,1,80.0,1.0
COMMIT,COMMIT,COMMIT,,,,,,True,False,True,True,True,COMMIT,,2.2826416235373967,0.2,True,,3,3,False,,ONE_SHOT,2,0.8,,0,80.0,1.0
,COMMIT,COMMIT,,,,,,False,False,False,True,True,COMMIT,,,0.2,True,,3,3,True,,ONE_SHOT,3,0.8,,1,80.0,1.0
COMMIT,COMMIT,COMMIT,,,,,,True,False,True,True,True,COMMIT,,2.3025270778815927,0.2,True,,3,3,False,,ONE_SHOT,4,0.8,,0,80.0,1.0
,COMMIT,COMMIT,,,,,,False,False,False,True,True,COMMIT,,,0.2,True,,3,3,True,,ONE_SHOT,5,0.8,,1,80.0,1.0
COMMIT,COMMIT,COMMIT,,,,,,True,False,True,True,True,COMMIT,,2.4269238304660155,0.2,True,,3,3,False,,ONE_SHOT,6,0.8,,0,80.0,1.0
COMMIT,COMMIT,COMMIT,,,,,,True,False,True,True,True,COMMIT,,2.300019724205427,0.2,True,,3,3,False,,ONE_SHOT,7,0.8,,0,80.0,1.0
COMMIT,COMMIT,,,,,,,False,False,False,True,True,COMMIT,,,0.2,True,,3,3,True,,ONE_SHOT,8,0.8,,1,80.0,1.0
COMMIT,COMMIT,COMMIT,,,,,,True,False,True,True,True,COMMIT,,2.5306198651377056,0.2,True,,3,3,False,,ONE_SHOT,9,0.8,,0,80.0,1.0
COMMIT,COMMIT,COMMIT,,,,,,True,False,True,True,True,COMMIT,,2.5609549557862685,0.2,True,,3,3,False,,ONE_SHOT,10,0.8,,0,80.0,1.0
COMMIT,COMMIT,,,,,,,False,False,False,True,True,COMMIT,,,0.2,True,,3,3,True,,ONE_SHOT,11,0.8,,1,80.0,1.0
COMMIT,COMMIT,COMMIT,,,,,,True,False,True,True,True,COMMIT,,2.2247305056312263,0.2,True,,3,3,False,,ONE_SHOT,12,0.8,,0,80.0,1.0
COMMIT,COMMIT,,,,,,,False,False,False,True,True,COMMIT,,,0.2,True,,3,3,True,,ONE_SHOT,13,0.8,,1,80.0,1.0
COMMIT,,COMMIT,,,,,,False,False,False,True,True,COMMIT,,,0.2,True,,3,3,True,,ONE_SHOT,14,0.8,,1,80.0,1.0
,COMMIT,COMMIT,,,,,,False,False,False,True,True,COMMIT,,,0.2,True,,3,3,True,,ONE_SHOT,15,0.8,,1,80.0,1.0
COMMIT,COMMIT,,,,,,,False,False,False,True,True,COMMIT,,,0.2,True,,3,3,True,,ONE_SHOT,16,0.8,,1,80.0,1.0
COMMIT,COMMIT,COMMIT,,,,,,True,False,True,True,True,COMMIT,,2.373752369583299,0.2,True,,3,3,False,,ONE_SHOT,17,0.8,,0,80.0,1.0
COMMIT,COMMIT,COMMIT,,,,,,True,False,True,True,True,COMMIT,,2.332118568199007,0.2,True,,3,3,False,,ONE_SHOT,18,0.8,,0,80.0,1.0
COMMIT,COMMIT,COMMIT,,,,,,True,False,True,True,True,COMMIT,,2.3734612497295133,0.2,True,,3,3,False,,ONE_SHOT,19,0.8,,0,80.0,1.0
COMMIT,COMMIT,COMMIT,,,,,,True,False,True,True,True,COMMIT,,2.4553020831425596,0.2,True,,3,3,False,,ONE_SHOT,20,0.8,,0,80.0,1.0
COMMIT,COMMIT,COMMIT,,,,,,True,False,True,True,True,COMMIT,,2.36367906900364,0.2,True,,3,3,False,,ONE_SHOT,21,0.8,,0,80.0,1.0
,,COMMIT,,,,,,False,False,False,True,True,COMMIT,,,0.2,True,,3,3,True,,ONE_SHOT,22,0.8,,2,80.0,1.0
COMMIT,COMMIT,COMMIT,,,,,,True,False,True,True,True,COMMIT,,2.1546672948164183,0.2,True,,3,3,False,,ONE_SHOT,23,0.8,,0,80.0,1.0
COMMIT,,,,,,,,False,False,False,True,True,COMMIT,,,0.2,True,,3,3,True,,ONE_SHOT,24,0.8,,2,80.0,1.0
COMMIT,COMMIT,COMMIT,,,,,,True,False,True,True,True,COMMIT,,2.2763510894534367,0.2,True,,3,3,False,,ONE_SHOT,25,0.8,,0,80.0,1.0
COMMIT,COMMIT,,,,,,,False,False,False,True,True,COMMIT,,,0.2,True,,3,3,True,,ONE_SHOT,26,0.8,,1,80.0,1.0
,COMMIT,COMMIT,,,,,,False,False,False,True,True,COMMIT,,,0.2,True,,3,3,True,,ONE_SHOT,27,0.8,,1,80.0,1.0
COMMIT,COMMIT,COMMIT,,,,,,True,False,True,True,True,COMMIT,,2.637251802099971,0.2,True,,3,3,False,,ONE_SHOT,28,0.8,,0,80.0,1.0
COMMIT,COMMIT,COMMIT,,,,,,True,False,True,True,True,COMMIT,,2.4304884728561493,0.2,True,,3,3,False,,ONE_SHOT,29,0.8,,0,80.0,1.0
,,,,,,,,False,False,False,True,True,COMMIT,,,0.3,True,,3,3,False,,ONE_SHOT,0,0.8,,3,80.0,1.0
,,COMMIT,,,,,,False,False,False,True,True,COMMIT,,,0.3,True,,3,3,True,,ONE_SHOT,1,0.8,,2,80.0,1.0
,COMMIT,COMMIT,,,,,,False,False,False,True,True,COMMIT,,,0.3,True,,3,3,True,,ONE_SHOT,2,0.8,,1,80.0,1.0
,COMMIT,COMMIT,,,,,,False,False,False,True,True,COMMIT,,,0.3,True,,3,3,True,,ONE_SHOT,3,0.8,,1,80.0,1.0
,COMMIT,COMMIT,,,,,,False,False,False,True,True,COMMIT,,,0.3,True,,3,3,True,,ONE_SHOT,4,0.8,,1,80.0,1.0
,COMMIT,COMMIT,,,,,,False,False,False,True,True,COMMIT,,,0.3,True,,3,3,True,,ONE_SHOT,5,0.8,,1,80.0,1.0
COMMIT,,COMMIT,,,,,,False,False,False,True,True,COMMIT,,,0.3,True,,3,3,True,,ONE_SHOT,6,0.8,,1,80.0,1.0
COMMIT,COMMIT,COMMIT,,,,,,True,False,True,True,True,COMMIT,,2.300019724205427,0.3,True,,3,3,False,,ONE_SHOT,7,0.8,,0,80.0,1.0
COMMIT,COMMIT,,,,,,,False,False,False,True,True,COMMIT,,,0.3,True,,3,3,True,,ONE_SHOT,8,0.8,,1,80.0,1.0
COMMIT,COMMIT,COMMIT,,,,,,True,False,True,True,True,COMMIT,,2.5306198651377056,0.3,True,,3,3,False,,ONE_SHOT,9,0.8,,0,80.0,1.0
COMMIT,COMMIT,COMMIT,,,,,,True,False,True,True,True,COMMIT,,2.5609549557862685,0.3,True,,3,3,False,,ONE_SHOT,10,0.8,,0,80.0,1.0
COMMIT,COMMIT,,,,,,,False,False,False,True,True,COMMIT,,,0.3,True,,3,3,True,,ONE_SHOT,11,0.8,,1,80.0,1.0
COMMIT,COMMIT,,,,,,,False,False,False,True,True,COMMIT,,,0.3,True,,3,3,True,,ONE_SHOT,12,0.8,,1,80.0,1.0
,COMMIT,,,,,,,False,False,False,True,True,COMMIT,,,0.3,True,,3,3,True,,ONE_SHOT,13,0.8,,2,80.0,1.0
COMMIT,,COMMIT,,,,,,False,False,False,True,True,COMMIT,,,0.3,True,,3,3,True,,ONE_SHOT,14,0.8,,1,80.0,1.0
,COMMIT,COMMIT,,,,,,False,False,False,True,True,COMMIT,,,0.3,True,,3,3,True,,ONE_SHOT,15,0.8,,1,80.0,1.0
,,,,,,,,False,False,False,True,True,COMMIT,,,0.3,True,,3,3,False,,ONE_SHOT,16,0.8,,3,80.0,1.0
COMMIT,COMMIT,COMMIT,,,,,,True,False,True,True,True,COMMIT,,2.373752369583299,0.3,True,,3,3,False,,ONE_SHOT,17,0.8,,0,80.0,1.0
COMMIT,COMMIT,,,,,,,False,False,False,True,True,COMMIT,,,0.3,True,,3,3,True,,ONE_SHOT,18,0.8,,1,80.0,1.0
COMMIT,COMMIT,COMMIT,,,,,,True,False,True,True,True,COMMIT,,2.3734612497295133,0.3,True,,3,3,False,,ONE_SHOT,19,0.8,,0,80.0,1.0
COMMIT,COMMIT,COMMIT,,,,,,True,False,True,True,True,COMMIT,,2.4553020831425596,0.3,True,,3,3,False,,ONE_SHOT,20,0.8,,0,80.0,1.0
COMMIT,COMMIT,COMMIT,,,,,,True,False,True,True,True,COMMIT,,2.36367906900364,0.3,True,,3,3,False,,ONE_SHOT,21,0.8,,0,80.0,1.0
,,COMMIT,,,,,,False,False,False,True,True,COMMIT,,,0.3,True,,3,3,True,,ONE_SHOT,22,0.8,,2,80.0,1.0
COMMIT,COMMIT,COMMIT,,,,,,True,False,True,True,True,COMMIT,,2.1546672948164183,0.3,True,,3,3,False,,ONE_SHOT,23,0.8,,0,80.0,1.0
COMMIT,,,,,,,,False,False,False,True,True,COMMIT,,,0.3,True,,3,3,True,,ONE_SHOT,24,0.8,,2,80.0,1.0
COMMIT,COMMIT,COMMIT,,,,,,True,False,True,True,True,COMMIT,,2.2763510894534367,0.3,True,,3,3,False,,ONE_SHOT,25,0.8,,0,80.0,1.0
,COMMIT,,,,,,,False,False,False,True,True,COMMIT,,,0.3,True,,3,3,True,,ONE_SHOT,26,0.8,,2,80.0,1.0
,COMMIT,COMMIT,,,,,,False,False,False,True,True,COMMIT,,,0.3,True,,3,3,True,,ONE_SHOT,27,0.8,,1,80.0,1.0
COMMIT,COMMIT,COMMIT,,,,,,True,False,True,True,True,COMMIT,,2.637251802099971,0.3,True,,3,3,False,,ONE_SHOT,28,0.8,,0,80.0,1.0
COMMIT,COMMIT,COMMIT,,,,,,True,False,True,True,True,COMMIT,,2.4304884728561493,0.3,True,,3,3,False,,ONE_SHOT,29,0.8,,0,80.0,1.0
,,,,,,,,False,False,False,True,True,COMMIT,,,0.4,True,,3,3,False,,ONE_SHOT,0,0.8,,3,80.0,1.0
,,COMMIT,,,,,,False,False,False,True,True,COMMIT,,,0.4,True,,3,3,True,,ONE_SHOT,1,0.8,,2,80.0,1.0
,COMMIT,COMMIT,,,,,,False,False,False,True,True,COMMIT,,,0.4,True,,3,3,True,,ONE_SHOT,2,0.8,,1,80.0,1.0
,COMMIT,COMMIT,,,,,,False,False,False,True,True,COMMIT,,,0.4,True,,3,3,True,,ONE_SHOT,3,0.8,,1,80.0,1.0
,COMMIT,COMMIT,,,,,,False,False,False,True,True,COMMIT,,,0.4,True,,3,3,True,,ONE_SHOT,4,0.8,,1,80.0,1.0
,COMMIT,,,,,,,False,False,False,True,True,COMMIT,,,0.4,True,,3,3,True,,ONE_SHOT,5,0.8,,2,80.0,1.0
COMMIT,,COMMIT,,,,,,False,False,False,True,True,COMMIT,,,0.4,True,,3,3,True,,ONE_SHOT,6,0.8,,1,80.0,1.0
COMMIT,COMMIT,,,,,,,False,False,False,True,True,COMMIT,,,0.4,True,,3,3,True,,ONE_SHOT,7,0.8,,1,80.0,1.0
,COMMIT,,,,,,,False,False,False,True,True,COMMIT,,,0.4,True,,3,3,True,,ONE_SHOT,8,0.8,,2,80.0,1.0
COMMIT,COMMIT,,,,,,,False,False,False,True,True,COMMIT,,,0.4,True,,3,3,True,,ONE_SHOT,9,0.8,,1,80.0,1.0
COMMIT,,COMMIT,,,,,,False,False,False,True,True,COMMIT,,,0.4,True,,3,3,True,,ONE_SHOT,10,0.8,,1,80.0,1.0
COMMIT,COMMIT,,,,,,,False,False,False,True,True,COMMIT,,,0.4,True,,3,3,True,,ONE_SHOT,11,0.8,,1,80.0,1.0
,COMMIT,,,,,,,False,False,False,True,True,COMMIT,,,0.4,True,,3,3,True,,ONE_SHOT,12,0.8,,2,80.0,1.0
,COMMIT,,,,,,,False,False,False,True,True,COMMIT,,,0.4,True,,3,3,True,,ONE_SHOT,13,0.8,,2,80.0,1.0
COMMIT,,COMMIT,,,,,,False,False,False,True,True,COMMIT,,,0.4,True,,3,3,True,,ONE_SHOT,14,0.8,,1,80.0,1.0
,COMMIT,COMMIT,,,,,,False,False,False,True,True,COMMIT,,,0.4,True,,3,3,True,,ONE_SHOT,15,0.8,,1,80.0,1.0
,,,,,,,,False,False,False,True,True,COMMIT,,,0.4,True,,3,3,False,,ONE_SHOT,16,0.8,,3,80.0,1.0
COMMIT,COMMIT,COMMIT,,,,,,True,False,True,True,True,COMMIT,,2.373752369583299,0.4,True,,3,3,False,,ONE_SHOT,17,0.8,,0,80.0,1.0
,COMMIT,,,,,,,False,False,False,True,True,COMMIT,,,0.4,True,,3,3,True,,ONE_SHOT,18,0.8,,2,80.0,1.0
COMMIT,COMMIT,COMMIT,,,,,,True,False,True,True,True,COMMIT,,2.3734612497295133,0.4,True,,3,3,False,,ONE_SHOT,19,0.8,,0,80.0,1.0
COMMIT,COMMIT,COMMIT,,,,,,True,False,True,True,True,COMMIT,,2.4553020831425596,0.4,True,,3,3,False,,ONE_SHOT,20,0.8,,0,80.0,1.0
COMMIT,COMMIT,COMMIT,,,,,,True,False,True,True,True,COMMIT,,2.36367906900364,0.4,True,,3,3,False,,ONE_SHOT,21,0.8,,0,80.0,1.0
,,COMMIT,,,,,,False,False,False,True,True,COMMIT,,,0.4,True,,3,3,True,,ONE_SHOT,22,0.8,,2,80.0,1.0
COMMIT,COMMIT,COMMIT,,,,,,True,False,True,True,True,COMMIT,,2.1546672948164183,0.4,True,,3,3,False,,ONE_SHOT,23,0.8,,0,80.0,1.0
COMMIT,,,,,,,,False,False,False,True,True,COMMIT,,,0.4,True,,3,3,True,,ONE_SHOT,24,0.8,,2,80.0,1.0
COMMIT,COMMIT,,,,,,,False,False,False,True,True,COMMIT,,,0.4,True,,3,3,True,,ONE_SHOT,25,0.8,,1,80.0,1.0
,,,,,,,,False,False,False,True,True,COMMIT,,,0.4,True,,3,3,False,,ONE_SHOT,26,0.8,,3,80.0,1.0
,COMMIT,COMMIT,,,,,,False,False,False,True,True,COMMIT,,,0.4,True,,3,3,True,,ONE_SHOT,27,0.8,,1,80.0,1.0
COMMIT,COMMIT,COMMIT,,,,,,True,False,True,True,True,COMMIT,,2.637251802099971,0.4,True,,3,3,False,,ONE_SHOT,28,0.8,,0,80.0,1.0
COMMIT,COMMIT,COMMIT,,,,,,True,False,True,True,True,COMMIT,,2.4304884728561493,0.4,True,,3,3,False,,ONE_SHOT,29,0.8,,0,80.0,1.0
,COMMIT,,,,,,,False,False,False,True,True,COMMIT,,,0.0,True,,5,5,True,,ONE_SHOT,0,0.8,,4,80.0,1.0
COMMIT,COMMIT,COMMIT,,COMMIT,,,,False,False,False,True,True,COMMIT,,,0.0,True,,5,5,True,,ONE_SHOT,1,0.8,,1,80.0,1.0
,,,,COMMIT,,,,False,False,False,True,True,COMMIT,,,0.0,True,,5,5,True,,ONE_SHOT,2,0.8,,4,80.0,1.0
COMMIT,COMMIT,,,COMMIT,,,,False,False,False,True,True,COMMIT,,,0.0,True,,5,5,True,,ONE_SHOT,3,0.8,,2,80.0,1.0
COMMIT,COMMIT,,,,,,,False,False,False,True,True,COMMIT,,,0.0,True,,5,5,True,,ONE_SHOT,4,0.8,,3,80.0,1.0
,,,,,,,,False,False,False,True,True,COMMIT,,,0.0,True,,5,5,False,,ONE_SHOT,5,0.8,,5,80.0,1.0
,COMMIT,,COMMIT,,,,,False,False,False,True,True,COMMIT,,,0.0,True,,5,5,True,,ONE_SHOT,6,0.8,,3,80.0,1.0
COMMIT,COMMIT,COMMIT,,,,,,False,False,False,True,True,COMMIT,,,0.0,True,,5,5,True,,ONE_SHOT,7,0.8,,2,80.0,1.0
COMMIT,,,,COMMIT,,,,False,False,False,True,True,COMMIT,,,0.0,True,,5,5,True,,ONE_SHOT,8,0.8,,3,80.0,1.0
COMMIT,,,,COMMIT,,,,False,False,False,True,True,COMMIT,,,0.0,True,,5,5,True,,ONE_SHOT,9,0.8,,3,80.0,1.0
COMMIT,,,,COMMIT,,,,False,False,False,True,True,COMMIT,,,0.0,True,,5,5,True,,ONE_SHOT,10,0.8,,3,80.0,1.0
COMMIT,,COMMIT,,COMMIT,,,,False,False,False,True,True,COMMIT,,,0.0,True,,5,5,True,,ONE_SHOT,11,0.8,,2,80.0,1.0
COMMIT,COMMIT,,,COMMIT,,,,False,False,False,True,True,COMMIT,,,0.0,True,,5,5,True,,ONE_SHOT,12,0.8,,2,80.0,1.0
COMMIT,,,,COMMIT,,,,False,False,False,True,True,COMMIT,,,0.0,True,,5,5,True,,ONE_SHOT,13,0.8,,3,80.0,1.0
COMMIT,,,,,,,,False,False,False,True,True,COMMIT,,,0.0,True,,5,5,True,,ONE_SHOT,14,0.8,,4,80.0,1.0
,COMMIT,,,,,,,False,False,False,True,True,COMMIT,,,0.0,True,,5,5,True,,ONE_SHOT,15,0.8,,4,80.0,1.0
COMMIT,COMMIT,COMMIT,,COMMIT,,,,False,False,False,True,True,COMMIT,,,0.0,True,,5,5,True,,ONE_SHOT,16,0.8,,1,80.0,1.0
,,,,COMMIT,,,,False,False,False,True,True,COMMIT,,,0.0,True,,5,5,True,,ONE_SHOT,17,0.8,,4,80.0,1.0
COMMIT,COMMIT,COMMIT,,COMMIT,,,,False,False,False,True,True,COMMIT,,,0.0,True,,5,5,True,,ONE_SHOT,18,0.8,,1,80.0,1.0
,COMMIT,,,COMMIT,,,,False,False,False,True,True,COMMIT,,,0.0,True,,5,5,True,,ONE_SHOT,19,0.8,,3,80.0,1.0
,,,,,,,,False,False,False,True,True,COMMIT,,,0.0,True,,5,5,False,,ONE_SHOT,20,0.8,,5,80.0,1.0
COMMIT,,,,COMMIT,,,,False,False,False,True,True,COMMIT,,,0.0,True,,5,5,True,,ONE_SHOT,21,0.8,,3,80.0,1.0
,,,,,,,,False,False,False,True,True,COMMIT,,,0.0,True,,5,5,False,,ONE_SHOT,22,0.8,,5,80.0,1.0
,,,,COMMIT,,,,False,False,False,True,True,COMMIT,,,0.0,True,,5,5,True,,ONE_SHOT,23,0.8,,4,80.0,1.0
,,,,,,,,False,False,False,True,True,COMMIT,,,0.0,True,,5,5,False,,ONE_SHOT,24,0.8,,5,80.0,1.0
COMMIT,COMMIT,COMMIT,,,,,,False,False,False,True,True,COMMIT,,,0.0,True,,5,5,True,,ONE_SHOT,25,0.8,,2,80.0,1.0
,,,,,,,,False,False,False,True,True,COMMIT,,,0.0,True,,5,5,False,,ONE_SHOT,26,0.8,,5,80.0,1.0
,,,COMMIT,,,,,False,False,False,True,True,COMMIT,,,0.0,True,,5,5,True,,ONE_SHOT,27,0.8,,4,80.0,1.0
COMMIT,COMMIT,,,,,,,False,False,False,True,True,COMMIT,,,0.0,True,,5,5,True,,ONE_SHOT,28,0.8,,3,80.0,1.0
COMMIT,COMMIT,,,COMMIT,,,,False,False,False,True,True,COMMIT,,,0.0,True,,5,5,True,,ONE_SHOT,29,0.8,,2,80.0,1.0
,COMMIT,COMMIT,COMMIT,COMMIT,,,,False,False,False,True,True,COMMIT,,,0.1,True,,5,5,True,,ONE_SHOT,0,0.8,,1,80.0,1.0
COMMIT,COMMIT,COMMIT,COMMIT,COMMIT,,,,True,False,True,True,True,COMMIT,,3.2632282427653188,0.1,True,,5,5,False,,ONE_SHOT,1,0.8,,0,80.0,1.0
COMMIT,,COMMIT,COMMIT,COMMIT,,,,False,False,False,True,True,COMMIT,,,0.1,True,,5,5,True,,ONE_SHOT,2,0.8,,1,80.0,1.0
COMMIT,COMMIT,,,COMMIT,,,,False,False,False,True,True,COMMIT,,,0.1,True,,5,5,True,,ONE_SHOT,3,0.8,,2,80.0,1.0
COMMIT,COMMIT,COMMIT,COMMIT,COMMIT,,,,True,False,True,True,True,COMMIT,,4.12439894863995,0.1,True,,5,5,False,,ONE_SHOT,4,0.8,,0,80.0,1.0
COMMIT,COMMIT,COMMIT,,COMMIT,,,,False,False,False,True,True,COMMIT,,,0.1,True,,5,5,True,,ONE_SHOT,5,0.8,,1,80.0,1.0
COMMIT,COMMIT,,,COMMIT,,,,False,False,False,True,True,COMMIT,,,0.1,True,,5,5,True,,ONE_SHOT,6,0.8,,2,80.0,1.0
COMMIT,COMMIT,COMMIT,COMMIT,COMMIT,,,,True,False,True,True,True,COMMIT,,3.4842945674777654,0.1,True,,5,5,False,,ONE_SHOT,7,0.8,,0,80.0,1.0
COMMIT,,COMMIT,,COMMIT,,,,False,False,False,True,True,COMMIT,,,0.1,True,,5,5,True,,ONE_SHOT,8,0.8,,2,80.0,1.0
COMMIT,,COMMIT,,COMMIT,,,,False,False,False,True,True,COMMIT,,,0.1,True,,5,5,True,,ONE_SHOT,9,0.8,,2,80.0,1.0
COMMIT,COMMIT,COMMIT,,COMMIT,,,,False,False,False,True,True,COMMIT,,,0.1,True,,5,5,True,,ONE_SHOT,10,0.8,,1,80.0,1.0
COMMIT,,COMMIT,COMMIT,COMMIT,,,,False,False,False,True,True,COMMIT,,,0.1,True,,5,5,True,,ONE_SHOT,11,0.8,,1,80.0,1.0
COMMIT,COMMIT,COMMIT,COMMIT,COMMIT,,,,True,False,True,True,True,COMMIT,,3.505643234264701,0.1,True,,5,5,False,,ONE_SHOT,12,0.8,,0,80.0,1.0
COMMIT,,,,COMMIT,,,,False,False,False,True,True,COMMIT,,,0.1,True,,5,5,True,,ONE_SHOT,13,0.8,,3,80.0,1.0
,COMMIT,COMMIT,COMMIT,COMMIT,,,,False,False,False,True,True,COMMIT,,,0.1,True,,5,5,True,,ONE_SHOT,14,0.8,,1,80.0,1.0
COMMIT,COMMIT,COMMIT,COMMIT,,,,,False,False,False,True,True,COMMIT,,,0.1,True,,5,5,True,,ONE_SHOT,15,0.8,,1,80.0,1.0
COMMIT,COMMIT,COMMIT,,,,,,False,False,False,True,True,COMMIT,,,0.1,True,,5,5,True,,ONE_SHOT,16,0.8,,2,80.0,1.0
COMMIT,,COMMIT,COMMIT,COMMIT,,,,False,False,False,True,True,COMMIT,,,0.1,True,,5,5,True,,ONE_SHOT,17,0.8,,1,80.0,1.0
COMMIT,COMMIT,COMMIT,COMMIT,COMMIT,,,,True,False,True,True,True,COMMIT,,3.14043736373827,0.1,True,,5,5,False,,ONE_SHOT,18,0.8,,0,80.0,1.0
COMMIT,COMMIT,COMMIT,,COMMIT,,,,False,False,False,True,True,COMMIT,,,0.1,True,,5,5,True,,ONE_SHOT,19,0.8,,1,80.0,1.0
COMMIT,COMMIT,,COMMIT,COMMIT,,,,False,False,False,True,True,COMMIT,,,0.1,True,,5,5,True,,ONE_SHOT,20,0.8,,1,80.0,1.0
COMMIT,COMMIT,COMMIT,COMMIT,COMMIT,,,,True,False,True,True,True,COMMIT,,3.378981262342383,0.1,True,,5,5,False,,ONE_SHOT,21,0.8,,0,80.0,1.0
COMMIT,,,,COMMIT,,,,False,False,False,True,True,COMMIT,,,0.1,True,,5,5,True,,ONE_SHOT,22,0.8,,3,80.0,1.0
COMMIT,COMMIT,COMMIT,COMMIT,COMMIT,,,,True,False,True,True,True,COMMIT,,3.2341176598093413,0.1,True,,5,5,False,,ONE_SHOT,23,0.8,,0,80.0,1.0
,,,,COMMIT,,,,False,False,False,True,True,COMMIT,,,0.1,True,,5,5,True,,ONE_SHOT,24,0.8,,4,80.0,1.0
COMMIT,COMMIT,,COMMIT,COMMIT,,,,False,False,False,True,True,COMMIT,,,0.1,True,,5,5,True,,ONE_SHOT,25,0.8,,1,80.0,1.0
,COMMIT,,,,,,,False,False,False,True,True,COMMIT,,,0.1,True,,5,5,True,,ONE_SHOT,26,0.8,,4,80.0,1.0
COMMIT,,,COMMIT,COMMIT,,,,False,False,False,True,True,COMMIT,,,0.1,True,,5,5,True,,ONE_SHOT,27,0.8,,2,80.0,1.0
COMMIT,COMMIT,COMMIT,COMMIT,COMMIT,,,,True,False,True,True,True,COMMIT,,3.392489647909215,0.1,True,,5,5,False,,ONE_SHOT,28,0.8,,0,80.0,1.0
COMMIT,COMMIT,COMMIT,COMMIT,COMMIT,,,,True,False,True,True,True,COMMIT,,3.482502418054389,0.1,True,,5,5,False,,ONE_SHOT,29,0.8,,0,80.0,1.0
,COMMIT,,COMMIT,COMMIT,,,,False,False,False,True,True,COMMIT,,,0.2,True,,5,5,True,,ONE_SHOT,0,0.8,,2,80.0,1.0
COMMIT,COMMIT,COMMIT,COMMIT,COMMIT,,,,True,False,True,True,True,COMMIT,,3.2632282427653188,0.2,True,,5,5,False,,ONE_SHOT,1,0.8,,0,80.0,1.0
COMMIT,,COMMIT,COMMIT,COMMIT,,,,False,False,False,True,True,COMMIT,,,0.2,True,,5,5,True,,ONE_SHOT,2,0.8,,1,80.0,1.0
COMMIT,COMMIT,,,COMMIT,,,,False,False,False,True,True,COMMIT,,,0.2,True,,5,5,True,,ONE_SHOT,3,0.8,,2,80.0,1.0
COMMIT,COMMIT,COMMIT,COMMIT,,,,,False,False,False,True,True,COMMIT,,,0.2,True,,5,5,True,,ONE_SHOT,4,0.8,,1,80.0,1.0
COMMIT,COMMIT,COMMIT,,COMMIT,,,,False,False,False,True,True,COMMIT,,,0.2,True,,5,5,True,,ONE_SHOT,5,0.8,,1,80.0,1.0
COMMIT,,,,COMMIT,,,,False,False,False,True,True,COMMIT,,,0.2,True,,5,5,True,,ONE_SHOT,6,0.8,,3,80.0,1.0
COMMIT,COMMIT,COMMIT,,COMMIT,,,,False,False,False,True,True,COMMIT,,,0.2,True,,5,5,True,,ONE_SHOT,7,0.8,,1,80.0,1.0
COMMIT,,COMMIT,,COMMIT,,,,False,False,False,True,True,COMMIT,,,0.2,True,,5,5,True,,ONE_SHOT,8,0.8,,2,80.0,1.0
COMMIT,,COMMIT,,COMMIT,,,,False,False,False,True,True,COMMIT,,,0.2,True,,5,5,True,,ONE_SHOT,9,0.8,,2,80.0,1.0
COMMIT,COMMIT,COMMIT,,COMMIT,,,,False,False,False,True,True,COMMIT,,,0.2,True,,5,5,True,,ONE_SHOT,10,0.8,,1,80.0,1.0
COMMIT,,COMMIT,COMMIT,COMMIT,,,,False,False,False,True,True,COMMIT,,,0.2,True,,5,5,True,,ONE_SHOT,11,0.8,,1,80.0,1.0
COMMIT,COMMIT,COMMIT,COMMIT,COMMIT,,,,True,False,True,True,True,COMMIT,,3.505643234264701,0.2,True,,5,5,False,,ONE_SHOT,12,0.8,,0,80.0,1.0
,,,,COMMIT,,,,False,False,False,True,True,COMMIT,,,0.2,True,,5,5,True,,ONE_SHOT,13,0.8,,4,80.0,1.0
,,COMMIT,COMMIT,COMMIT,,,,False,False,False,True,True,COMMIT,,,0.2,True,,5,5,True,,ONE_SHOT,14,0.8,,2,80.0,1.0
COMMIT,COMMIT,COMMIT,,,,,,False,False,False,True,True,COMMIT,,,0.2,True,,5,5,True,,ONE_SHOT,15,0.8,,2,80.0,1.0
,COMMIT,COMMIT,,,,,,False,False,False,True,True,COMMIT,,,0.2,True,,5,5,True,,ONE_SHOT,16,0.8,,3,80.0,1.0
,,COMMIT,COMMIT,,,,,False,False,False,True,True,COMMIT,,,0.2,True,,5,5,True,,ONE_SHOT,17,0.8,,3,80.0,1.0
COMMIT,COMMIT,COMMIT,COMMIT,,,,,False,False,False,True,True,COMMIT,,,0.2,True,,5,5,True,,ONE_SHOT,18,0.8,,1,80.0,1.0
COMMIT,,COMMIT,,COMMIT,,,,False,False,False,True,True,COMMIT,,,0.2,True,,5,5,True,,ONE_SHOT,19,0.8,,2,80.0,1.0
COMMIT,COMMIT,,COMMIT,COMMIT,,,,False,False,False,True,True,COMMIT,,,0.2,True,,5,5,True,,ONE_SHOT,20,0.8,,1,80.0,1.0
COMMIT,COMMIT,COMMIT,COMMIT,COMMIT,,,,True,False,True,True,True,COMMIT,,3.378981262342383,0.2,True,,5,5,False,,ONE_SHOT,21,0.8,,0,80.0,1.0
,,,,COMMIT,,,,False,False,False,True,True,COMMIT,,,0.2,True,,5,5,True,,ONE_SHOT,22,0.8,,4,80.0,1.0
,COMMIT,COMMIT,COMMIT,COMMIT,,,,False,False,False,True,True,COMMIT,,,0.2,True,,5,5,True,,ONE_SHOT,23,0.8,,1,80.0,1.0
,,,,,,,,False,False,False,True,True,COMMIT,,,0.2,True,,5,5,False,,ONE_SHOT,24,0.8,,5,80.0,1.0
,COMMIT,,COMMIT,COMMIT,,,,False,False,False,True,True,COMMIT,,,0.2,True,,5,5,True,,ONE_SHOT,25,0.8,,2,80.0,1.0
,COMMIT,,,,,,,False,False,False,True,True,COMMIT,,,0.2,True,,5,5,True,,ONE_SHOT,26,0.8,,4,80.0,1.0
,,,COMMIT,COMMIT,,,,False,False,False,True,True,COMMIT,,,0.2,True,,5,5,True,,ONE_SHOT,27,0.8,,3,80.0,1.0
COMMIT,COMMIT,COMMIT,COMMIT,COMMIT,,,,True,False,True,True,True,COMMIT,,3.392489647909215,0.2,True,,5,5,False,,ONE_SHOT,28,0.8,,0,80.0,1.0
COMMIT,COMMIT,COMMIT,COMMIT,COMMIT,,,,True,False,True,True,True,COMMIT,,3.482502418054389,0.2,True,,5,5,False,,ONE_SHOT,29,0.8,,0,80.0,1.0
,COMMIT,,,COMMIT,,,,False,False,False,True,True,COMMIT,,,0.3,True,,5,5,True,,ONE_SHOT,0,0.8,,3,80.0,1.0
COMMIT,COMMIT,COMMIT,COMMIT,COMMIT,,,,True,False,True,True,True,COMMIT,,3.2632282427653188,0.3,True,,5,5,False,,ONE_SHOT,1,0.8,,0,80.0,1.0
COMMIT,,COMMIT,COMMIT,COMMIT,,,,False,False,False,True,True,COMMIT,,,0.3,True,,5,5,True,,ONE_SHOT,2,0.8,,1,80.0,1.0
COMMIT,COMMIT,,,COMMIT,,,,False,False,False,True,True,COMMIT,,,0.3,True,,5,5,True,,ONE_SHOT,3,0.8,,2,80.0,1.0
COMMIT,COMMIT,COMMIT,COMMIT,,,,,False,False,False,True,True,COMMIT,,,0.3,True,,5,5,True,,ONE_SHOT,4,0.8,,1,80.0,1.0
COMMIT,COMMIT,COMMIT,,COMMIT,,,,False,False,False,True,True,COMMIT,,,0.3,True,,5,5,True,,ONE_SHOT,5,0.8,,1,80.0,1.0
COMMIT,,,,COMMIT,,,,False,False,False,True,True,COMMIT,,,0.3,True,,5,5,True,,ONE_SHOT,6,0.8,,3,80.0,1.0
COMMIT,COMMIT,COMMIT,,COMMIT,,,,False,False,False,True,True,COMMIT,,,0.3,True,,5,5,True,,ONE_SHOT,7,0.8,,1,80.0,1.0
COMMIT,,COMMIT,,COMMIT,,,,False,False,False,True,True,COMMIT,,,0.3,True,,5,5,True,,ONE_SHOT,8,0.8,,2,80.0,1.0
COMMIT,,COMMIT,,,,,,False,False,False,True,True,COMMIT,,,0.3,True,,5,5,True,,ONE_SHOT,9,0.8,,3,80.0,1.0
COMMIT,COMMIT,COMMIT,,COMMIT,,,,False,False,False,True,True,COMMIT,,,0.3,True,,5,5,True,,ONE_SHOT,10,0.8,,1,80.0,1.0
COMMIT,,COMMIT,COMMIT,COMMIT,,,,False,False,False,True,True,COMMIT,,,0.3,True,,5,5,True,,ONE_SHOT,11,0.8,,1,80.0,1.0
COMMIT,COMMIT,COMMIT,COMMIT,COMMIT,,,,True,False,True,True,True,COMMIT,,3.505643234264701,0.3,True,,5,5,False,,ONE_SHOT,12,0.8,,0,80.0,1.0
,,,,COMMIT,,,,False,False,False,True,True,COMMIT,,,0.3,True,,5,5,True,,ONE_SHOT,13,0.8,,4,80.0,1.0
,,,COMMIT,COMMIT,,,,False,False,False,True,True,COMMIT,,,0.3,True,,5,5,True,,ONE_SHOT,14,0.8,,3,80.0,1.0
COMMIT,COMMIT,COMMIT,,,,,,False,False,False,True,True,COMMIT,,,0.3,True,,5,5,True,,ONE_SHOT,15,0.8,,2,80.0,1.0
,COMMIT,,,,,,,False,False,False,True,True,COMMIT,,,0.3,True,,5,5,True,,ONE_SHOT,16,0.8,,4,80.0,1.0
,,COMMIT,COMMIT,,,,,False,False,False,True,True,COMMIT,,,0.3,True,,5,5,True,,ONE_SHOT,17,0.8,,3,80.0,1.0
,COMMIT,COMMIT,,,,,,False,False,False,True,True,COMMIT,,,0.3,True,,5,5,True,,ONE_SHOT,18,0.8,,3,80.0,1.0
COMMIT,,COMMIT,,COMMIT,,,,False,False,False,True,True,COMMIT,,,0.3,True,,5,5,True,,ONE_SHOT,19,0.8,,2,80.0,1.0
COMMIT,COMMIT,,COMMIT,COMMIT,,,,False,False,False,True,True,COMMIT,,,0.3,True,,5,5,True,,ONE_SHOT,20,0.8,,1,80.0,1.0
COMMIT,COMMIT,COMMIT,COMMIT,COMMIT,,,,True,False,True,True,True,COMMIT,,3.378981262342383,0.3,True,,5,5,False,,ONE_SHOT,21,0.8,,0,80.0,1.0
,,,,COMMIT,,,,False,False,False,True,True,COMMIT,,,0.3,True,,5,5,True,,ONE_SHOT,22,0.8,,4,80.0,1.0
,COMMIT,,COMMIT,COMMIT,,,,False,False,False,True,True,COMMIT,,,0.3,True,,5,5,True,,ONE_SHOT,23,0.8,,2,80.0,1.0
,,,,,,,,False,False,False,True,True,COMMIT,,,0.3,True,,5,5,False,,ONE_SHOT,24,0.8,,5,80.0,1.0
,COMMIT,,COMMIT,COMMIT,,,,False,False,False,True,True,COMMIT,,,0.3,True,,5,5,True,,ONE_SHOT,25,0.8,,2,80.0,1.0
,COMMIT,,,,,,,False,False,False,True,True,COMMIT,,,0.3,True,,5,5,True,,ONE_SHOT,26,0.8,,4,80.0,1.0
,,,COMMIT,,,,,False,False,False,True,True,COMMIT,,,0.3,True,,5,5,True,,ONE_SHOT,27,0.8,,4,80.0,1.0
COMMIT,COMMIT,COMMIT,COMMIT,,,,,False,False,False,True,True,COMMIT,,,0.3,True,,5,5,True,,ONE_SHOT,28,0.8,,1,80.0,1.0
,COMMIT,COMMIT,COMMIT,,,,,False,False,False,True,True,COMMIT,,,0.3,True,,5,5,True,,ONE_SHOT,29,0.8,,2,80.0,1.0
,COMMIT,,,,,,,False,False,False,True,True,COMMIT,,,0.4,True,,5,5,True,,ONE_SHOT,0,0.8,,4,80.0,1.0
COMMIT,COMMIT,COMMIT,COMMIT,COMMIT,,,,True,False,True,True,True,COMMIT,,3.2632282427653188,0.4,True,,5,5,False,,ONE_SHOT,1,0.8,,0,80.0,1.0
COMMIT,,,COMMIT,COMMIT,,,,False,False,False,True,True,COMMIT,,,0.4,True,,5,5,True,,ONE_SHOT,2,0.8,,2,80.0,1.0
,,,,COMMIT,,,,False,False,False,True,True,COMMIT,,,0.4,True,,5,5,True,,ONE_SHOT,3,0.8,,4,80.0,1.0
COMMIT,COMMIT,,COMMIT,,,,,False,False,False,True,True,COMMIT,,,0.4,True,,5,5,True,,ONE_SHOT,4,0.8,,2,80.0,1.0
COMMIT,COMMIT,COMMIT,,COMMIT,,,,False,False,False,True,True,COMMIT,,,0.4,True,,5,5,True,,ONE_SHOT,5,0.8,,1,80.0,1.0
,,,,COMMIT,,,,False,False,False,True,True,COMMIT,,,0.4,True,,5,5,True,,ONE_SHOT,6,0.8,,4,80.0,1.0
COMMIT,COMMIT,COMMIT,,COMMIT,,,,False,False,False,True,True,COMMIT,,,0.4,True,,5,5,True,,ONE_SHOT,7,0.8,,1,80.0,1.0
COMMIT,,COMMIT,,COMMIT,,,,False,False,False,True,True,COMMIT,,,0.4,True,,5,5,True,,ONE_SHOT,8,0.8,,2,80.0,1.0
COMMIT,,COMMIT,,,,,,False,False,False,True,True,COMMIT,,,0.4,True,,5,5,True,,ONE_SHOT,9,0.8,,3,80.0,1.0
COMMIT,,COMMIT,,COMMIT,,,,False,False,False,True,True,COMMIT,,,0.4,True,,5,5,True,,ONE_SHOT,10,0.8,,2,80.0,1.0
COMMIT,,COMMIT,COMMIT,,,,,False,False,False,True,True,COMMIT,,,0.4,True,,5,5,True,,ONE_SHOT,11,0.8,,2,80.0,1.0
COMMIT,COMMIT,COMMIT,COMMIT,COMMIT,,,,True,False,True,True,True,COMMIT,,3.505643234264701,0.4,True,,5,5,False,,ONE_SHOT,12,0.8,,0,80.0,1.0
,,,,COMMIT,,,,False,False,False,True,True,COMMIT,,,0.4,True,,5,5,True,,ONE_SHOT,13,0.8,,4,80.0,1.0
,,,COMMIT,COMMIT,,,,False,False,False,True,True,COMMIT,,,0.4,True,,5,5,True,,ONE_SHOT,14,0.8,,3,80.0,1.0
COMMIT,COMMIT,COMMIT,,,,,,False,False,False,True,True,COMMIT,,,0.4,True,,5,5,True,,ONE_SHOT,15,0.8,,2,80.0,1.0
,COMMIT,,,,,,,False,False,False,True,True,COMMIT,,,0.4,True,,5,5,True,,ONE_SHOT,16,0.8,,4,80.0,1.0
,,,COMMIT,,,,,False,False,False,True,True,COMMIT,,,0.4,True,,5,5,True,,ONE_SHOT,17,0.8,,4,80.0,1.0
,,COMMIT,,,,,,False,False,False,True,True,COMMIT,,,0.4,True,,5,5,True,,ONE_SHOT,18,0.8,,4,80.0,1.0
COMMIT,,COMMIT,,COMMIT,,,,False,False,False,True,True,COMMIT,,,0.4,True,,5,5,True,,ONE_SHOT,19,0.8,,2,80.0,1.0
COMMIT,COMMIT,,COMMIT,COMMIT,,,,False,False,False,True,True,COMMIT,,,0.4,True,,5,5,True,,ONE_SHOT,20,0.8,,1,80.0,1.0
COMMIT,COMMIT,COMMIT,,COMMIT,,,,False,False,False,True,True,COMMIT,,,0.4,True,,5,5,True,,ONE_SHOT,21,0.8,,1,80.0,1.0
,,,,COMMIT,,,,False,False,False,True,True,COMMIT,,,0.4,True,,5,5,True,,ONE_SHOT,22,0.8,,4,80.0,1.0
,COMMIT,,COMMIT,COMMIT,,,,False,False,False,True,True,COMMIT,,,0.4,True,,5,5,True,,ONE_SHOT,23,0.8,,2,80.0,1.0
,,,,,,,,False,False,False,True,True,COMMIT,,,0.4,True,,5,5,False,,ONE_SHOT,24,0.8,,5,80.0,1.0
,COMMIT,,COMMIT,COMMIT,,,,False,False,False,True,True,COMMIT,,,0.4,True,,5,5,True,,ONE_SHOT,25,0.8,,2,80.0,1.0
,COMMIT,,,,,,,False,False,False,True,True,COMMIT,,,0.4,True,,5,5,True,,ONE_SHOT,26,0.8,,4,80.0,1.0
,,,COMMIT,,,,,False,False,False,True,True,COMMIT,,,0.4,True,,5,5,True,,ONE_SHOT,27,0.8,,4,80.0,1.0
COMMIT,COMMIT,COMMIT,COMMIT,,,,,False,False,False,True,True,COMMIT,,,0.4,True,,5,5,True,,ONE_SHOT,28,0.8,,1,80.0,1.0
,COMMIT,COMMIT,COMMIT,,,,,False,False,False,True,True,COMMIT,,,0.4,True,,5,5,True,,ONE_SHOT,29,0.8,,2,80.0,1.0
,COMMIT,,,,,,COMMIT,False,False,False,True,True,COMMIT,,,0.0,True,,8,8,True,,ONE_SHOT,0,0.8,,6,80.0,1.0
COMMIT,COMMIT,,,COMMIT,,,COMMIT,False,False,False,True,True,COMMIT,,,0.0,True,,8,8,True,,ONE_SHOT,1,0.8,,4,80.0,1.0
,,,,,COMMIT,,COMMIT,False,False,False,True,True,COMMIT,,,0.0,True,,8,8,True,,ONE_SHOT,2,0.8,,6,80.0,1.0
COMMIT,,,,,COMMIT,,,False,False,False,True,True,COMMIT,,,0.0,True,,8,8,True,,ONE_SHOT,3,0.8,,6,80.0,1.0
COMMIT,,,COMMIT,,COMMIT,,,False,False,False,True,True,COMMIT,,,0.0,True,,8,8,True,,ONE_SHOT,4,0.8,,5,80.0,1.0
,,,,,COMMIT,,COMMIT,False,False,False,True,True,COMMIT,,,0.0,True,,8,8,True,,ONE_SHOT,5,0.8,,6,80.0,1.0
,COMMIT,,COMMIT,,,,,False,False,False,True,True,COMMIT,,,0.0,True,,8,8,True,,ONE_SHOT,6,0.8,,6,80.0,1.0
COMMIT,COMMIT,,,,,COMMIT,,False,False,False,True,True,COMMIT,,,0.0,True,,8,8,True,,ONE_SHOT,7,0.8,,5,80.0,1.0
COMMIT,,,,,,,,False,False,False,True,True,COMMIT,,,0.0,True,,8,8,True,,ONE_SHOT,8,0.8,,7,80.0,1.0
COMMIT,,,,COMMIT,,COMMIT,,False,False,False,True,True,COMMIT,,,0.0,True,,8,8,True,,ONE_SHOT,9,0.8,,5,80.0,1.0
COMMIT,,,COMMIT,COMMIT,,,COMMIT,False,False,False,True,True,COMMIT,,,0.0,True,,8,8,True,,ONE_SHOT,10,0.8,,4,80.0,1.0
COMMIT,,COMMIT,,COMMIT,,,,False,False,False,True,True,COMMIT,,,0.0,True,,8,8,True,,ONE_SHOT,11,0.8,,5,80.0,1.0
COMMIT,,,COMMIT,,,,,False,False,False,True,True,COMMIT,,,0.0,True,,8,8,True,,ONE_SHOT,12,0.8,,6,80.0,1.0
COMMIT,COMMIT,,,COMMIT,,,COMMIT,False,False,False,True,True,COMMIT,,,0.0,True,,8,8,True,,ONE_SHOT,13,0.8,,4,80.0,1.0
COMMIT,,,COMMIT,,,,,False,False,False,True,True,COMMIT,,,0.0,True,,8,8,True,,ONE_SHOT,14,0.8,,6,80.0,1.0
,,,COMMIT,,,,,False,False,False,True,True,COMMIT,,,0.0,True,,8,8,True,,ONE_SHOT,15,0.8,,7,80.0,1.0
COMMIT,,,,,COMMIT,,,False,False,False,True,True,COMMIT,,,0.0,True,,8,8,True,,ONE_SHOT,16,0.8,,6,80.0,1.0
,COMMIT,,,COMMIT,,,,False,False,False,True,True,COMMIT,,,0.0,True,,8,8,True,,ONE_SHOT,17,0.8,,6,80.0,1.0
COMMIT,,,,COMMIT,,,,False,False,False,True,True,COMMIT,,,0.0,True,,8,8,True,,ONE_SHOT,18,0.8,,6,80.0,1.0
,,,,COMMIT,COMMIT,,,False,False,False,True,True,COMMIT,,,0.0,True,,8,8,True,,ONE_SHOT,19,0.8,,6,80.0,1.0
,,,,,,,,False,False,False,True,True,COMMIT,,,0.0,True,,8,8,False,,ONE_SHOT,20,0.8,,8,80.0,1.0
COMMIT,,,,,,,,False,False,False,True,True,COMMIT,,,0.0,True,,8,8,True,,ONE_SHOT,21,0.8,,7,80.0,1.0
,,,,,COMMIT,COMMIT,,False,False,False,True,True,COMMIT,,,0.0,True,,8,8,True,,ONE_SHOT,22,0.8,,6,80.0,1.0
,,COMMIT,,COMMIT,,,COMMIT,False,False,False,True,True,COMMIT,,,0.0,True,,8,8,True,,ONE_SHOT,23,0.8,,5,80.0,1.0
,,,,,,COMMIT,,False,False,False,True,True,COMMIT,,,0.0,True,,8,8,True,,ONE_SHOT,24,0.8,,7,80.0,1.0
COMMIT,COMMIT,,,,,,,False,False,False,True,True,COMMIT,,,0.0,True,,8,8,True,,ONE_SHOT,25,0.8,,6,80.0,1.0
,,,,,,,,False,False,False,True,True,COMMIT,,,0.0,True,,8,8,False,,ONE_SHOT,26,0.8,,8,80.0,1.0
,,,,,COMMIT,,,False,False,False,True,True,COMMIT,,,0.0,True,,8,8,True,,ONE_SHOT,27,0.8,,7,80.0,1.0
COMMIT,,,COMMIT,,,,,False,False,False,True,True,COMMIT,,,0.0,True,,8,8,True,,ONE_SHOT,28,0.8,,6,80.0,1.0
,,COMMIT,,,COMMIT,,,False,False,False,True,True,COMMIT,,,0.0,True,,8,8,True,,ONE_SHOT,29,0.8,,6,80.0,1.0
,COMMIT,COMMIT,COMMIT,,COMMIT,COMMIT,COMMIT,False,False,False,True,True,COMMIT,,,0.1,True,,8,8,True,,ONE_SHOT,0,0.8,,2,80.0,1.0
COMMIT,COMMIT,COMMIT,COMMIT,COMMIT,COMMIT,,COMMIT,False,False,False,True,True,COMMIT,,,0.1,True,,8,8,True,,ONE_SHOT,1,0.8,,1,80.0,1.0
COMMIT,,,,COMMIT,,,COMMIT,False,False,False,True,True,COMMIT,,,0.1,True,,8,8,True,,ONE_SHOT,2,0.8,,5,80.0,1.0
COMMIT,COMMIT,,COMMIT,COMMIT,COMMIT,COMMIT,COMMIT,False,False,False,True,True,COMMIT,,,0.1,True,,8,8,True,,ONE_SHOT,3,0.8,,1,80.0,1.0
COMMIT,COMMIT,,COMMIT,COMMIT,COMMIT,COMMIT,COMMIT,False,False,False,True,True,COMMIT,,,0.1,True,,8,8,True,,ONE_SHOT,4,0.8,,1,80.0,1.0
COMMIT,,COMMIT,,COMMIT,COMMIT,,COMMIT,False,False,False,True,True,COMMIT,,,0.1,True,,8,8,True,,ONE_SHOT,5,0.8,,3,80.0,1.0
COMMIT,COMMIT,,COMMIT,COMMIT,,COMMIT,COMMIT,False,False,False,True,True,COMMIT,,,0.1,True,,8,8,True,,ONE_SHOT,6,0.8,,2,80.0,1.0
COMMIT,,COMMIT,,,COMMIT,COMMIT,COMMIT,False,False,False,True,True,COMMIT,,,0.1,True,,8,8,True,,ONE_SHOT,7,0.8,,3,80.0,1.0
COMMIT,COMMIT,COMMIT,,COMMIT,COMMIT,COMMIT,,False,False,False,True,True,COMMIT,,,0.1,True,,8,8,True,,ONE_SHOT,8,0.8,,2,80.0,1.0
COMMIT,COMMIT,,,COMMIT,,COMMIT,,False,False,False,True,True,COMMIT,,,0.1,True,,8,8,True,,ONE_SHOT,9,0.8,,4,80.0,1.0
,COMMIT,COMMIT,COMMIT,COMMIT,,COMMIT,COMMIT,False,False,False,True,True,COMMIT,,,0.1,True,,8,8,True,,ONE_SHOT,10,0.8,,2,80.0,1.0
COMMIT,,COMMIT,COMMIT,COMMIT,,COMMIT,COMMIT,False,False,False,True,True,COMMIT,,,0.1,True,,8,8,True,,ONE_SHOT,11,0.8,,2,80.0,1.0
COMMIT,COMMIT,COMMIT,COMMIT,,,COMMIT,,False,False,False,True,True,COMMIT,,,0.1,True,,8,8,True,,ONE_SHOT,12,0.8,,3,80.0,1.0
COMMIT,COMMIT,COMMIT,,COMMIT,COMMIT,,COMMIT,False,False,False,True,True,COMMIT,,,0.1,True,,8,8,True,,ONE_SHOT,13,0.8,,2,80.0,1.0
COMMIT,COMMIT,COMMIT,COMMIT,COMMIT,COMMIT,COMMIT,COMMIT,True,False,True,True,True,COMMIT,,4.979210656907686,0.1,True,,8,8,False,,ONE_SHOT,14,0.8,,0,80.0,1.0
COMMIT,COMMIT,,COMMIT,,,COMMIT,,False,False,False,True,True,COMMIT,,,0.1,True,,8,8,True,,ONE_SHOT,15,0.8,,4,80.0,1.0
COMMIT,COMMIT,,COMMIT,COMMIT,,COMMIT,COMMIT,False,False,False,True,True,COMMIT,,,0.1,True,,8,8,True,,ONE_SHOT,16,0.8,,2,80.0,1.0
COMMIT,COMMIT,COMMIT,COMMIT,COMMIT,COMMIT,COMMIT,,False,False,False,True,True,COMMIT,,,0.1,True,,8,8,True,,ONE_SHOT,17,0.8,,1,80.0,1.0
,COMMIT,COMMIT,COMMIT,COMMIT,COMMIT,COMMIT,,False,False,False,True,True,COMMIT,,,0.1,True,,8,8,True,,ONE_SHOT,18,0.8,,2,80.0,1.0
COMMIT,,,COMMIT,COMMIT,COMMIT,COMMIT,COMMIT,False,False,False,True,True,COMMIT,,,0.1,True,,8,8,True,,ONE_SHOT,19,0.8,,2,80.0,1.0
COMMIT,,COMMIT,COMMIT,COMMIT,COMMIT,,,False,False,False,True,True,COMMIT,,,0.1,True,,8,8,True,,ONE_SHOT,20,0.8,,3,80.0,1.0
COMMIT,COMMIT,COMMIT,,COMMIT,,COMMIT,COMMIT,False,False,False,True,True,COMMIT,,,0.1,True,,8,8,True,,ONE_SHOT,21,0.8,,2,80.0,1.0
,,,,,COMMIT,,COMMIT,False,False,False,True,True,COMMIT,,,0.1,True,,8,8,True,,ONE_SHOT,22,0.8,,6,80.0,1.0
COMMIT,COMMIT,COMMIT,COMMIT,COMMIT,,,COMMIT,False,False,False,True,True,COMMIT,,,0.1,True,,8,8,True,,ONE_SHOT,23,0.8,,2,80.0,1.0
COMMIT,COMMIT,COMMIT,COMMIT,COMMIT,COMMIT,,,False,False,False,True,True,COMMIT,,,0.1,True,,8,8,True,,ONE_SHOT,24,0.8,,2,80.0,1.0
COMMIT,COMMIT,COMMIT,COMMIT,COMMIT,COMMIT,COMMIT,COMMIT,True,False,True,True,True,COMMIT,,5.194669425704677,0.1,True,,8,8,False,,ONE_SHOT,25,0.8,,0,80.0,1.0
,,,COMMIT,,COMMIT,,,False,False,False,True,True,COMMIT,,,0.1,True,,8,8,True,,ONE_SHOT,26,0.8,,6,80.0,1.0
COMMIT,COMMIT,,COMMIT,COMMIT,,COMMIT,,False,False,False,True,True,COMMIT,,,0.1,True,,8,8,True,,ONE_SHOT,27,0.8,,3,80.0,1.0
COMMIT,COMMIT,COMMIT,COMMIT,,,,COMMIT,False,False,False,True,True,COMMIT,,,0.1,True,,8,8,True,,ONE_SHOT,28,0.8,,3,80.0,1.0
COMMIT,COMMIT,COMMIT,COMMIT,COMMIT,COMMIT,COMMIT,COMMIT,True,False,True,True,True,COMMIT,,5.158203452248578,0.1,True,,8,8,False,,ONE_SHOT,29,0.8,,0,80.0,1.0
,COMMIT,COMMIT,COMMIT,,COMMIT,COMMIT,COMMIT,False,False,False,True,True,COMMIT,,,0.2,True,,8,8,True,,ONE_SHOT,0,0.8,,2,80.0,1.0
COMMIT,COMMIT,COMMIT,COMMIT,COMMIT,COMMIT,,COMMIT,False,False,False,True,True,COMMIT,,,0.2,True,,8,8,True,,ONE_SHOT,1,0.8,,1,80.0,1.0
COMMIT,,,,,,,COMMIT,False,False,False,True,True,COMMIT,,,0.2,True,,8,8,True,,ONE_SHOT,2,0.8,,6,80.0,1.0
COMMIT,COMMIT,,COMMIT,COMMIT,COMMIT,COMMIT,COMMIT,False,False,False,True,True,COMMIT,,,0.2,True,,8,8,True,,ONE_SHOT,3,0.8,,1,80.0,1.0
,,,COMMIT,COMMIT,COMMIT,COMMIT,COMMIT,False,False,False,True,True,COMMIT,,,0.2,True,,8,8,True,,ONE_SHOT,4,0.8,,3,80.0,1.0
COMMIT,,COMMIT,,COMMIT,COMMIT,,COMMIT,False,False,False,True,True,COMMIT,,,0.2,True,,8,8,True,,ONE_SHOT,5,0.8,,3,80.0,1.0
COMMIT,COMMIT,,COMMIT,,,COMMIT,COMMIT,False,False,False,True,True,COMMIT,,,0.2,True,,8,8,True,,ONE_SHOT,6,0.8,,3,80.0,1.0
COMMIT,,COMMIT,,,,COMMIT,COMMIT,False,False,False,True,True,COMMIT,,,0.2,True,,8,8,True,,ONE_SHOT,7,0.8,,4,80.0,1.0
COMMIT,COMMIT,COMMIT,,COMMIT,COMMIT,COMMIT,,False,False,False,True,True,COMMIT,,,0.2,True,,8,8,True,,ONE_SHOT,8,0.8,,2,80.0,1.0
COMMIT,COMMIT,,,COMMIT,,COMMIT,,False,False,False,True,True,COMMIT,,,0.2,True,,8,8,True,,ONE_SHOT,9,0.8,,4,80.0,1.0
,COMMIT,COMMIT,COMMIT,,,COMMIT,COMMIT,False,False,False,True,True,COMMIT,,,0.2,True,,8,8,True,,ONE_SHOT,10,0.8,,3,80.0,1.0
,,COMMIT,COMMIT,COMMIT,,COMMIT,COMMIT,False,False,False,True,True,COMMIT,,,0.2,True,,8,8,True,,ONE_SHOT,11,0.8,,3,80.0,1.0
COMMIT,COMMIT,COMMIT,COMMIT,,,COMMIT,,False,False,False,True,True,COMMIT,,,0.2,True,,8,8,True,,ONE_SHOT,12,0.8,,3,80.0,1.0
COMMIT,COMMIT,COMMIT,,COMMIT,COMMIT,,COMMIT,False,False,False,True,True,COMMIT,,,0.2,True,,8,8,True,,ONE_SHOT,13,0.8,,2,80.0,1.0
COMMIT,COMMIT,COMMIT,COMMIT,COMMIT,COMMIT,COMMIT,COMMIT,True,False,True,True,True,COMMIT,,4.979210656907686,0.2,True,,8,8,False,,ONE_SHOT,14,0.8,,0,80.0,1.0
COMMIT,COMMIT,,COMMIT,,,,,False,False,False,True,True,COMMIT,,,0.2,True,,8,8,True,,ONE_SHOT,15,0.8,,5,80.0,1.0
COMMIT,,,COMMIT,COMMIT,,,COMMIT,False,False,False,True,True,COMMIT,,,0.2,True,,8,8,True,,ONE_SHOT,16,0.8,,4,80.0,1.0
COMMIT,COMMIT,COMMIT,,COMMIT,COMMIT,,,False,False,False,True,True,COMMIT,,,0.2,True,,8,8,True,,ONE_SHOT,17,0.8,,3,80.0,1.0
,COMMIT,,COMMIT,COMMIT,COMMIT,COMMIT,,False,False,False,True,True,COMMIT,,,0.2,True,,8,8,True,,ONE_SHOT,18,0.8,,3,80.0,1.0
COMMIT,,,COMMIT,COMMIT,,COMMIT,COMMIT,False,False,False,True,True,COMMIT,,,0.2,True,,8,8,True,,ONE_SHOT,19,0.8,,3,80.0,1.0
COMMIT,,COMMIT,COMMIT,COMMIT,COMMIT,,,False,False,False,True,True,COMMIT,,,0.2,True,,8,8,True,,ONE_SHOT,20,0.8,,3,80.0,1.0
COMMIT,COMMIT,,,COMMIT,,COMMIT,COMMIT,False,False,False,True,True,COMMIT,,,0.2,True,,8,8,True,,ONE_SHOT,21,0.8,,3,80.0,1.0
,,,,,COMMIT,,COMMIT,False,False,False,True,True,COMMIT,,,0.2,True,,8,8,True,,ONE_SHOT,22,0.8,,6,80.0,1.0
COMMIT,COMMIT,COMMIT,COMMIT,COMMIT,,,,False,False,False,True,True,COMMIT,,,0.2,True,,8,8,True,,ONE_SHOT,23,0.8,,3,80.0,1.0
,COMMIT,COMMIT,,COMMIT,,,,False,False,False,True,True,COMMIT,,,0.2,True,,8,8,True,,ONE_SHOT,24,0.8,,5,80.0,1.0
COMMIT,COMMIT,COMMIT,COMMIT,COMMIT,COMMIT,,COMMIT,False,False,False,True,True,COMMIT,,,0.2,True,,8,8,True,,ONE_SHOT,25,0.8,,1,80.0,1.0
,,,COMMIT,,COMMIT,,,False,False,False,True,True,COMMIT,,,0.2,True,,8,8,True,,ONE_SHOT,26,0.8,,6,80.0,1.0
COMMIT,COMMIT,,COMMIT,COMMIT,,,,False,False,False,True,True,COMMIT,,,0.2,True,,8,8,True,,ONE_SHOT,27,0.8,,4,80.0,1.0
COMMIT,COMMIT,COMMIT,COMMIT,,,,COMMIT,False,False,False,True,True,COMMIT,,,0.2,True,,8,8,True,,ONE_SHOT,28,0.8,,3,80.0,1.0
COMMIT,COMMIT,COMMIT,,COMMIT,COMMIT,COMMIT,COMMIT,False,False,False,True,True,COMMIT,,,0.2,True,,8,8,True,,ONE_SHOT,29,0.8,,1,80.0,1.0
,,COMMIT,COMMIT,,COMMIT,COMMIT,COMMIT,False,False,False,True,True,COMMIT,,,0.3,True,,8,8,True,,ONE_SHOT,0,0.8,,3,80.0,1.0
COMMIT,,COMMIT,COMMIT,COMMIT,COMMIT,,COMMIT,False,False,False,True,True,COMMIT,,,0.3,True,,8,8,True,,ONE_SHOT,1,0.8,,2,80.0,1.0
COMMIT,,,,,,,COMMIT,False,False,False,True,True,COMMIT,,,0.3,True,,8,8,True,,ONE_SHOT,2,0.8,,6,80.0,1.0
COMMIT,COMMIT,,,COMMIT,COMMIT,COMMIT,COMMIT,False,False,False,True,True,COMMIT,,,0.3,True,,8,8,True,,ONE_SHOT,3,0.8,,2,80.0,1.0
,,,COMMIT,COMMIT,COMMIT,COMMIT,COMMIT,False,False,False,True,True,COMMIT,,,0.3,True,,8,8,True,,ONE_SHOT,4,0.8,,3,80.0,1.0
COMMIT,,COMMIT,,COMMIT,COMMIT,,COMMIT,False,False,False,True,True,COMMIT,,,0.3,True,,8,8,True,,ONE_SHOT,5,0.8,,3,80.0,1.0
COMMIT,COMMIT,,COMMIT,,,COMMIT,COMMIT,False,False,False,True,True,COMMIT,,,0.3,True,,8,8,True,,ONE_SHOT,6,0.8,,3,80.0,1.0
COMMIT,,COMMIT,,,,COMMIT,COMMIT,False,False,False,True,True,COMMIT,,,0.3,True,,8,8,True,,ONE_SHOT,7,0.8,,4,80.0,1.0
COMMIT,COMMIT,COMMIT,,COMMIT,COMMIT,COMMIT,,False,False,False,True,True,COMMIT,,,0.3,True,,8,8,True,,ONE_SHOT,8,0.8,,2,80.0,1.0
COMMIT,COMMIT,,,COMMIT,,COMMIT,,False,False,False,True,True,COMMIT,,,0.3,True,,8,8,True,,ONE_SHOT,9,0.8,,4,80.0,1.0
,COMMIT,COMMIT,COMMIT,,,COMMIT,COMMIT,False,False,False,True,True,COMMIT,,,0.3,True,,8,8,True,,ONE_SHOT,10,0.8,,3,80.0,1.0
,,COMMIT,COMMIT,,,COMMIT,COMMIT,False,False,False,True,True,COMMIT,,,0.3,True,,8,8,True,,ONE_SHOT,11,0.8,,4,80.0,1.0
COMMIT,COMMIT,COMMIT,COMMIT,,,COMMIT,,False,False,False,True,True,COMMIT,,,0.3,True,,8,8,True,,ONE_SHOT,12,0.8,,3,80.0,1.0
,COMMIT,COMMIT,,COMMIT,,,,False,False,False,True,True,COMMIT,,,0.3,True,,8,8,True,,ONE_SHOT,13,0.8,,5,80.0,1.0
COMMIT,COMMIT,,COMMIT,COMMIT,,COMMIT,COMMIT,False,False,False,True,True,COMMIT,,,0.3,True,,8,8,True,,ONE_SHOT,14,0.8,,2,80.0,1.0
COMMIT,COMMIT,,COMMIT,,,,,False,False,False,True,True,COMMIT,,,0.3,True,,8,8,True,,ONE_SHOT,15,0.8,,5,80.0,1.0
,,,COMMIT,COMMIT,,,COMMIT,False,False,False,True,True,COMMIT,,,0.3,True,,8,8,True,,ONE_SHOT,16,0.8,,5,80.0,1.0
COMMIT,COMMIT,COMMIT,,COMMIT,COMMIT,,,False,False,False,True,True,COMMIT,,,0.3,True,,8,8,True,,ONE_SHOT,17,0.8,,3,80.0,1.0
,COMMIT,,COMMIT,COMMIT,COMMIT,COMMIT,,False,False,False,True,True,COMMIT,,,0.3,True,,8,8,True,,ONE_SHOT,18,0.8,,3,80.0,1.0
,,,,COMMIT,,COMMIT,COMMIT,False,False,False,True,True,COMMIT,,,0.3,True,,8,8,True,,ONE_SHOT,19,0.8,,5,80.0,1.0
,,,COMMIT,COMMIT,COMMIT,,,False,False,False,True,True,COMMIT,,,0.3,True,,8,8,True,,ONE_SHOT,20,0.8,,5,80.0,1.0
COMMIT,,,,,,COMMIT,COMMIT,False,False,False,True,True,COMMIT,,,0.3,True,,8,8,True,,ONE_SHOT,21,0.8,,5,80.0,1.0
,,,,,COMMIT,,COMMIT,False,False,False,True,True,COMMIT,,,0.3,True,,8,8,True,,ONE_SHOT,22,0.8,,6,80.0,1.0
COMMIT,COMMIT,COMMIT,COMMIT,COMMIT,,,,False,False,False,True,True,COMMIT,,,0.3,True,,8,8,True,,ONE_SHOT,23,0.8,,3,80.0,1.0
,COMMIT,COMMIT,,COMMIT,,,,False,False,False,True,True,COMMIT,,,0.3,True,,8,8,True,,ONE_SHOT,24,0.8,,5,80.0,1.0
COMMIT,COMMIT,COMMIT,COMMIT,COMMIT,COMMIT,,COMMIT,False,False,False,True,True,COMMIT,,,0.3,True,,8,8,True,,ONE_SHOT,25,0.8,,1,80.0,1.0
,,,COMMIT,,COMMIT,,,False,False,False,True,True,COMMIT,,,0.3,True,,8,8,True,,ONE_SHOT,26,0.8,,6,80.0,1.0
COMMIT,COMMIT,,COMMIT,COMMIT,,,,False,False,False,True,True,COMMIT,,,0.3,True,,8,8,True,,ONE_SHOT,27,0.8,,4,80.0,1.0
COMMIT,COMMIT,COMMIT,COMMIT,,,,COMMIT,False,False,False,True,True,COMMIT,,,0.3,True,,8,8,True,,ONE_SHOT,28,0.8,,3,80.0,1.0
COMMIT,,COMMIT,,COMMIT,COMMIT,COMMIT,COMMIT,False,False,False,True,True,COMMIT,,,0.3,True,,8,8,True,,ONE_SHOT,29,0.8,,2,80.0,1.0
,,COMMIT,COMMIT,,COMMIT,COMMIT,COMMIT,False,False,False,True,True,COMMIT,,,0.4,True,,8,8,True,,ONE_SHOT,0,0.8,,3,80.0,1.0
COMMIT,,COMMIT,COMMIT,COMMIT,COMMIT,,COMMIT,False,False,False,True,True,COMMIT,,,0.4,True,,8,8,True,,ONE_SHOT,1,0.8,,2,80.0,1.0
COMMIT,,,,,,,COMMIT,False,False,False,True,True,COMMIT,,,0.4,True,,8,8,True,,ONE_SHOT,2,0.8,,6,80.0,1.0
COMMIT,,,,COMMIT,COMMIT,COMMIT,COMMIT,False,False,False,True,True,COMMIT,,,0.4,True,,8,8,True,,ONE_SHOT,3,0.8,,3,80.0,1.0
,,,COMMIT,COMMIT,COMMIT,,COMMIT,False,False,False,True,True,COMMIT,,,0.4,True,,8,8,True,,ONE_SHOT,4,0.8,,4,80.0,1.0
COMMIT,,COMMIT,,COMMIT,COMMIT,,COMMIT,False,False,False,True,True,COMMIT,,,0.4,True,,8,8,True,,ONE_SHOT,5,0.8,,3,80.0,1.0
COMMIT,,,COMMIT,,,COMMIT,COMMIT,False,False,False,True,True,COMMIT,,,0.4,True,,8,8,True,,ONE_SHOT,6,0.8,,4,80.0,1.0
COMMIT,,COMMIT,,,,COMMIT,COMMIT,False,False,False,True,True,COMMIT,,,0.4,True,,8,8,True,,ONE_SHOT,7,0.8,,4,80.0,1.0
,COMMIT,COMMIT,,COMMIT,COMMIT,COMMIT,,False,False,False,True,True,COMMIT,,,0.4,True,,8,8,True,,ONE_SHOT,8,0.8,,3,80.0,1.0
COMMIT,COMMIT,,,COMMIT,,COMMIT,,False,False,False,True,True,COMMIT,,,0.4,True,,8,8,True,,ONE_SHOT,9,0.8,,4,80.0,1.0
,COMMIT,COMMIT,COMMIT,,,COMMIT,COMMIT,False,False,False,True,True,COMMIT,,,0.4,True,,8,8,True,,ONE_SHOT,10,0.8,,3,80.0,1.0
,,COMMIT,COMMIT,,,COMMIT,COMMIT,False,False,False,True,True,COMMIT,,,0.4,True,,8,8,True,,ONE_SHOT,11,0.8,,4,80.0,1.0
COMMIT,COMMIT,COMMIT,COMMIT,,,COMMIT,,False,False,False,True,True,COMMIT,,,0.4,True,,8,8,True,,ONE_SHOT,12,0.8,,3,80.0,1.0
,COMMIT,COMMIT,,COMMIT,,,,False,False,False,True,True,COMMIT,,,0.4,True,,8,8,True,,ONE_SHOT,13,0.8,,5,80.0,1.0
COMMIT,COMMIT,,,,,COMMIT,COMMIT,False,False,False,True,True,COMMIT,,,0.4,True,,8,8,True,,ONE_SHOT,14,0.8,,4,80.0,1.0
COMMIT,COMMIT,,COMMIT,,,,,False,False,False,True,True,COMMIT,,,0.4,True,,8,8,True,,ONE_SHOT,15,0.8,,5,80.0,1.0
,,,COMMIT,COMMIT,,,COMMIT,False,False,False,True,True,COMMIT,,,0.4,True,,8,8,True,,ONE_SHOT,16,0.8,,5,80.0,1.0
COMMIT,COMMIT,COMMIT,,COMMIT,COMMIT,,,False,False,False,True,True,COMMIT,,,0.4,True,,8,8,True,,ONE_SHOT,17,0.8,,3,80.0,1.0
,COMMIT,,COMMIT,,COMMIT,,,False,False,False,True,True,COMMIT,,,0.4,True,,8,8,True,,ONE_SHOT,18,0.8,,5,80.0,1.0
,,,,COMMIT,,,COMMIT,False,False,False,True,True,COMMIT,,,0.4,True,,8,8,True,,ONE_SHOT,19,0.8,,6,80.0,1.0
,,,COMMIT,COMMIT,COMMIT,,,False,False,False,True,True,COMMIT,,,0.4,True,,8,8,True,,ONE_SHOT,20,0.8,,5,80.0,1.0
COMMIT,,,,,,COMMIT,COMMIT,False,False,False,True,True,COMMIT,,,0.4,True,,8,8,True,,ONE_SHOT,21,0.8,,5,80.0,1.0
,,,,,COMMIT,,COMMIT,False,False,False,True,True,COMMIT,,,0.4,True,,8,8,True,,ONE_SHOT,22,0.8,,6,80.0,1.0
COMMIT,COMMIT,COMMIT,COMMIT,COMMIT,,,,False,False,False,True,True,COMMIT,,,0.4,True,,8,8,True,,ONE_SHOT,23,0.8,,3,80.0,1.0
,COMMIT,COMMIT,,COMMIT,,,,False,False,False,True,True,COMMIT,,,0.4,True,,8,8,True,,ONE_SHOT,24,0.8,,5,80.0,1.0
COMMIT,COMMIT,COMMIT,,COMMIT,COMMIT,,COMMIT,False,False,False,True,True,COMMIT,,,0.4,True,,8,8,True,,ONE_SHOT,25,0.8,,2,80.0,1.0
,,,COMMIT,,COMMIT,,,False,False,False,True,True,COMMIT,,,0.4,True,,8,8,True,,ONE_SHOT,26,0.8,,6,80.0,1.0
,COMMIT,,COMMIT,COMMIT,,,,False,False,False,True,True,COMMIT,,,0.4,True,,8,8,True,,ONE_SHOT,27,0.8,,5,80.0,1.0
,COMMIT,COMMIT,COMMIT,,,,COMMIT,False,False,False,True,True,COMMIT,,,0.4,True,,8,8,True,,ONE_SHOT,28,0.8,,4,80.0,1.0
COMMIT,,,,COMMIT,COMMIT,COMMIT,COMMIT,False,False,False,True,True,COMMIT,,,0.4,True,,8,8,True,,ONE_SHOT,29,0.8,,3,80.0,1.0
,,,,,,,,False,False,False,True,False,,,,0.0,True,,5,3,False,,2PC,0,0.8,,3,80.0,1.0
,,,,,,,,False,False,False,True,False,,,,0.0,True,,4,3,False,,2PC,1,0.8,,3,80.0,1.0
,,,,,,,,False,False,False,True,False,,,,0.0,True,,4,3,False,,2PC,2,0.8,,3,80.0,1.0
,,,,,,,,False,False,False,True,False,,,,0.0,True,,4,3,False,,2PC,3,0.8,,3,80.0,1.0
,,,,,,,,False,False,False,True,False,,,,0.0,True,,5,3,False,,2PC,4,0.8,,3,80.0,1.0
,,,,,,,,False,False,False,True,False,,,,0.0,True,,3,3,False,,2PC,5,0.8,,3,80.0,1.0
,,,,,,,,False,False,False,True,False,,,,0.0,True,,4,3,False,,2PC,6,0.8,,3,80.0,1.0
,,,,,,,,False,False,False,True,False,,,,0.0,True,,6,3,False,,2PC,7,0.8,,3,80.0,1.0
,,,,,,,,False,False,False,True,False,,,,0.0,True,,4,3,False,,2PC,8,0.8,,3,80.0,1.0
,,,,,,,,False,False,False,True,False,,,,0.0,True,,4,3,False,,2PC,9,0.8,,3,80.0,1.0
,,,,,,,,False,False,False,True,False,,,,0.0,True,,5,3,False,,2PC,10,0.8,,3,80.0,1.0
,,,,,,,,False,False,False,True,False,,,,0.0,True,,5,3,False,,2PC,11,0.8,,3,80.0,1.0
,,,,,,,,False,False,False,True,False,,,,0.0,True,,5,3,False,,2PC,12,0.8,,3,80.0,1.0
,,,,,,,,False,False,False,True,False,,,,0.0,True,,4,3,False,,2PC,13,0.8,,3,80.0,1.0
,,,,,,,,False,False,False,True,False,,,,0.0,True,,4,3,False,,2PC,14,0.8,,3,80.0,1.0
,,,,,,,,False,False,False,True,False,,,,0.0,True,,4,3,False,,2PC,15,0.8,,3,80.0,1.0
,,,,,,,,False,False,False,True,False,,,,0.0,True,,4,3,False,,2PC,16,0.8,,3,80.0,1.0
,,,,,,,,False,False,False,True,False,,,,0.0,True,,4,3,False,,2PC,17,0.8,,3,80.0,1.0
,,,,,,,,False,False,False,True,False,,,,0.0,True,,5,3,False,,2PC,18,0.8,,3,80.0,1.0
,,,,,,,,False,False,False,True,False,,,,0.0,True,,4,3,False,,2PC,19,0.8,,3,80.0,1.0
,,,,,,,,False,False,False,True,False,,,,0.0,True,,4,3,False,,2PC,20,0.8,,3,80.0,1.0
,,,,,,,,False,False,False,True,False,,,,0.0,True,,4,3,False,,2PC,21,0.8,,3,80.0,1.0
,,,,,,,,False,False,False,True,False,,,,0.0,True,,3,3,False,,2PC,22,0.8,,3,80.0,1.0
,,,,,,,,False,False,False,True,False,,,,0.0,True,,4,3,False,,2PC,23,0.8,,3,80.0,1.0
,,,,,,,,False,False,False,True,False,,,,0.0,True,,3,3,False,,2PC,24,0.8,,3,80.0,1.0
,,,,,,,,False,False,False,True,False,,,,0.0,True,,6,3,False,,2PC,25,0.8,,3,80.0,1.0
,,,,,,,,False,False,False,True,False,,,,0.0,True,,3,3,False,,2PC,26,0.8,,3,80.0,1.0
,,,,,,,,False,False,False,True,False,,,,0.0,True,,3,3,False,,2PC,27,0.8,,3,80.0,1.0
,,,,,,,,False,False,False,True,True,COMMIT,,4.295265351886382,0.0,True,,9,3,False,,2PC,28,0.8,,3,80.0,1.0
,,,,,,,,False,False,False,True,False,,,,0.0,True,,5,3,False,,2PC,29,0.8,,3,80.0,1.0
,,,,,,,,False,False,False,True,False,,,,0.1,True,,5,3,False,,2PC,0,0.8,,3,80.0,1.0
,,,,,,,,False,False,False,True,False,,,,0.1,True,,6,3,False,,2PC,1,0.8,,3,80.0,1.0
,,,,,,,,False,False,False,True,False,,,,0.1,True,,5,3,False,,2PC,2,0.8,,3,80.0,1.0
,,,,,,,,False,False,False,True,False,,,,0.1,True,,5,3,False,,2PC,3,0.8,,3,80.0,1.0
,,,,,,,,False,False,False,True,False,,,,0.1,True,,6,3,False,,2PC,4,0.8,,3,80.0,1.0
,,,,,,,,False,False,False,True,False,,,,0.1,True,,5,3,False,,2PC,5,0.8,,3,80.0,1.0
,,,,,,,,False,False,False,True,False,,,,0.1,True,,5,3,False,,2PC,6,0.8,,3,80.0,1.0
COMMIT,COMMIT,COMMIT,,,,,,True,False,True,True,True,COMMIT,,3.3107253945913278,0.1,True,,9,3,False,,2PC,7,0.8,,0,80.0,1.0
,,,,,,,,False,False,False,True,False,,,,0.1,True,,5,3,False,,2PC,8,0.8,,3,80.0,1.0
,,,,,,,,False,False,False,True,False,,,,0.1,True,,5,3,False,,2PC,9,0.8,,3,80.0,1.0
,,,,,,,,False,False,False,True,False,,,,0.1,True,,6,3,False,,2PC,10,0.8,,3,80.0,1.0
,,,,,,,,False,False,False,True,False,,,,0.1,True,,6,3,False,,2PC,11,0.8,,3,80.0,1.0
COMMIT,COMMIT,COMMIT,,,,,,True,False,True,True,True,COMMIT,,3.113093119054305,0.1,True,,9,3,False,,2PC,12,0.8,,0,80.0,1.0
,,,,,,,,False,False,False,True,False,,,,0.1,True,,5,3,False,,2PC,13,0.8,,3,80.0,1.0
,,,,,,,,False,False,False,True,False,,,,0.1,True,,6,3,False,,2PC,14,0.8,,3,80.0,1.0
,,,,,,,,False,False,False,True,False,,,,0.1,True,,5,3,False,,2PC,15,0.8,,3,80.0,1.0
COMMIT,COMMIT,,,,,,,False,False,False,True,True,COMMIT,,3.0171252234128008,0.1,True,,9,3,True,,2PC,16,0.8,,1,80.0,1.0
,,,,,,,,False,False,False,True,False,,,,0.1,True,,6,3,False,,2PC,17,0.8,,3,80.0,1.0
,,,,,,,,False,False,False,True,False,,,,0.1,True,,5,3,False,,2PC,18,0.8,,3,80.0,1.0
COMMIT,COMMIT,,,,,,,False,False,False,True,True,COMMIT,,2.656987018221964,0.1,True,,9,3,True,,2PC,19,0.8,,1,80.0,1.0
,,,,,,,,False,False,False,True,False,,,,0.1,True,,5,3,False,,2PC,20,0.8,,3,80.0,1.0
,,,,,,,,False,False,False,True,False,,,,0.1,True,,4,3,False,,2PC,21,0.8,,3,80.0,1.0
,,,,,,,,False,False,False,True,False,,,,0.1,True,,4,3,False,,2PC,22,0.8,,3,80.0,1.0
,,COMMIT,,,,,,False,False,False,True,True,COMMIT,,2.792090702834546,0.1,True,,9,3,True,,2PC,23,0.8,,2,80.0,1.0
,,,,,,,,False,False,False,True,False,,,,0.1,True,,5,3,False,,2PC,24,0.8,,3,80.0,1.0
COMMIT,COMMIT,,,,,,,False,False,False,True,True,COMMIT,,2.646505413723336,0.1,True,,9,3,True,,2PC,25,0.8,,1,80.0,1.0
,,,,,,,,False,False,False,True,False,,,,0.1,True,,4,3,False,,2PC,26,0.8,,3,80.0,1.0
,,,,,,,,False,False,False,True,False,,,,0.1,True,,6,3,False,,2PC,27,0.8,,3,80.0,1.0
,,,,,,,,False,False,False,True,False,,,,0.1,True,,6,3,False,,2PC,28,0.8,,3,80.0,1.0
COMMIT,,,,,,,,False,False,False,True,True,COMMIT,,3.2277545414559135,0.1,True,,9,3,True,,2PC,29,0.8,,2,80.0,1.0
,,,,,,,,False,False,False,True,False,,,,0.2,True,,4,3,False,,2PC,0,0.8,,3,80.0,1.0
,,,,,,,,False,False,False,True,False,,,,0.2,True,,4,3,False,,2PC,1,0.8,,3,80.0,1.0
,,,,,,,,False,False,False,True,False,,,,0.2,True,,5,3,False,,2PC,2,0.8,,3,80.0,1.0
,,,,,,,,False,False,False,True,False,,,,0.2,True,,5,3,False,,2PC,3,0.8,,3,80.0,1.0
,,,,,,,,False,False,False,True,False,,,,0.2,True,,5,3,False,,2PC,4,0.8,,3,80.0,1.0
,,,,,,,,False,False,False,True,False,,,,0.2,True,,5,3,False,,2PC,5,0.8,,3,80.0,1.0
,,,,,,,,False,False,False,True,False,,,,0.2,True,,5,3,False,,2PC,6,0.8,,3,80.0,1.0
,,,,,,,,False,False,False,True,False,,,,0.2,True,,5,3,False,,2PC,7,0.8,,3,80.0,1.0
,,,,,,,,False,False,False,True,False,,,,0.2,True,,5,3,False,,2PC,8,0.8,,3,80.0,1.0
,,,,,,,,False,False,False,True,False,,,,0.2,True,,5,3,False,,2PC,9,0.8,,3,80.0,1.0
,,,,,,,,False,False,False,True,False,,,,0.2,True,,5,3,False,,2PC,10,0.8,,3,80.0,1.0
,,,,,,,,False,False,False,True,False,,,,0.2,True,,6,3,False,,2PC,11,0.8,,3,80.0,1.0
COMMIT,COMMIT,COMMIT,,,,,,True,False,True,True,True,COMMIT,,3.113093119054305,0.2,True,,9,3,False,,2PC,12,0.8,,0,80.0,1.0
,,,,,,,,False,False,False,True,False,,,,0.2,True,,5,3,False,,2PC,13,0.8,,3,80.0,1.0
,,,,,,,,False,False,False,True,False,,,,0.2,True,,6,3,False,,2PC,14,0.8,,3,80.0,1.0
,,,,,,,,False,False,False,True,False,,,,0.2,True,,5,3,False,,2PC,15,0.8,,3,80.0,1.0
,,,,,,,,False,False,False,True,False,,,,0.2,True,,6,3,False,,2PC,16,0.8,,3,80.0,1.0
,,,,,,,,False,False,False,True,False,,,,0.2,True,,6,3,False,,2PC,17,0.8,,3,80.0,1.0
,,,,,,,,False,False,False,True,False,,,,0.2,True,,4,3,False,,2PC,18,0.8,,3,80.0,1.0
,,,,,,,,False,False,False,True,False,,,,0.2,True,,6,3,False,,2PC,19,0.8,,3,80.0,1.0
,,,,,,,,False,False,False,True,False,,,,0.2,True,,5,3,False,,2PC,20,0.8,,3,80.0,1.0
,,,,,,,,False,False,False,True,False,,,,0.2,True,,4,3,False,,2PC,21,0.8,,3,80.0,1.0
,,,,,,,,False,False,False,True,False,,,,0.2,True,,4,3,False,,2PC,22,0.8,,3,80.0,1.0
,,COMMIT,,,,,,False,False,False,True,True,COMMIT,,2.792090702834546,0.2,True,,9,3,True,,2PC,23,0.8,,2,80.0,1.0
,,,,,,,,False,False,False,True,False,,,,0.2,True,,5,3,False,,2PC,24,0.8,,3,80.0,1.0
,,,,,,,,False,False,False,True,False,,,,0.2,True,,6,3,False,,2PC,25,0.8,,3,80.0,1.0
,,,,,,,,False,False,False,True,False,,,,0.2,True,,4,3,False,,2PC,26,0.8,,3,80.0,1.0
,,,,,,,,False,False,False,True,False,,,,0.2,True,,4,3,False,,2PC,27,0.8,,3,80.0,1.0
,,,,,,,,False,False,False,True,False,,,,0.2,True,,6,3,False,,2PC,28,0.8,,3,80.0,1.0
,,,,,,,,False,False,False,True,False,,,,0.2,True,,6,3,False,,2PC,29,0.8,,3,80.0,1.0
,,,,,,,,False,False,False,True,False,,,,0.3,True,,3,3,False,,2PC,0,0.8,,3,80.0,1.0
,,,,,,,,False,False,False,True,False,,,,0.3,True,,4,3,False,,2PC,1,0.8,,3,80.0,1.0
,,,,,,,,False,False,False,True,False,,,,0.3,True,,4,3,False,,2PC,2,0.8,,3,80.0,1.0
,,,,,,,,False,False,False,True,False,,,,0.3,True,,4,3,False,,2PC,3,0.8,,3,80.0,1.0
,,,,,,,,False,False,False,True,False,,,,0.3,True,,5,3,False,,2PC,4,0.8,,3,80.0,1.0
,,,,,,,,False,False,False,True,False,,,,0.3,True,,5,3,False,,2PC,5,0.8,,3,80.0,1.0
,,,,,,,,False,False,False,True,False,,,,0.3,True,,5,3,False,,2PC,6,0.8,,3,80.0,1.0
,,,,,,,,False,False,False,True,False,,,,0.3,True,,5,3,False,,2PC,7,0.8,,3,80.0,1.0
,,,,,,,,False,False,False,True,False,,,,0.3,True,,5,3,False,,2PC,8,0.8,,3,80.0,1.0
,,,,,,,,False,False,False,True,False,,,,0.3,True,,5,3,False,,2PC,9,0.8,,3,80.0,1.0
,,,,,,,,False,False,False,True,False,,,,0.3,True,,5,3,False,,2PC,10,0.8,,3,80.0,1.0
,,,,,,,,False,False,False,True,False,,,,0.3,True,,6,3,False,,2PC,11,0.8,,3,80.0,1.0
COMMIT,COMMIT,,,,,,,False,False,False,True,True,COMMIT,,3.113093119054305,0.3,True,,9,3,True,,2PC,12,0.8,,1,80.0,1.0
,,,,,,,,False,False,False,True,False,,,,0.3,True,,5,3,False,,2PC,13,0.8,,3,80.0,1.0
,,,,,,,,False,False,False,True,False,,,,0.3,True,,6,3,False,,2PC,14,0.8,,3,80.0,1.0
,,,,,,,,False,False,False,True,False,,,,0.3,True,,5,3,False,,2PC,15,0.8,,3,80.0,1.0
,,,,,,,,False,False,False,True,False,,,,0.3,True,,3,3,False,,2PC,16,0.8,,3,80.0,1.0
,,,,,,,,False,False,False,True,False,,,,0.3,True,,6,3,False,,2PC,17,0.8,,3,80.0,1.0
,,,,,,,,False,False,False,True,False,,,,0.3,True,,4,3,False,,2PC,18,0.8,,3,80.0,1.0
,,,,,,,,False,False,False,True,False,,,,0.3,True,,6,3,False,,2PC,19,0.8,,3,80.0,1.0
,,,,,,,,False,False,False,True,False,,,,0.3,True,,5,3,False,,2PC,20,0.8,,3,80.0,1.0
,,,,,,,,False,False,False,True,False,,,,0.3,True,,4,3,False,,2PC,21,0.8,,3,80.0,1.0
,,,,,,,,False,False,False,True,False,,,,0.3,True,,4,3,False,,2PC,22,0.8,,3,80.0,1.0
,,COMMIT,,,,,,False,False,False,True,True,COMMIT,,2.792090702834546,0.3,True,,9,3,True,,2PC,23,0.8,,2,80.0,1.0
,,,,,,,,False,False,False,True,False,,,,0.3,True,,5,3,False,,2PC,24,0.8,,3,80.0,1.0
,,,,,,,,False,False,False,True,False,,,,0.3,True,,6,3,False,,2PC,25,0.8,,3,80.0,1.0
,,,,,,,,False,False,False,True,False,,,,0.3,True,,4,3,False,,2PC,26,0.8,,3,80.0,1.0
,,,,,,,,False,False,False,True,False,,,,0.3,True,,4,3,False,,2PC,27,0.8,,3,80.0,1.0
,,,,,,,,False,False,False,True,False,,,,0.3,True,,6,3,False,,2PC,28,0.8,,3,80.0,1.0
,,,,,,,,False,False,False,True,False,,,,0.3,True,,6,3,False,,2PC,29,0.8,,3,80.0,1.0
,,,,,,,,False,False,False,True,False,,,,0.4,True,,3,3,False,,2PC,0,0.8,,3,80.0,1.0
,,,,,,,,False,False,False,True,False,,,,0.4,True,,4,3,False,,2PC,1,0.8,,3,80.0,1.0
,,,,,,,,False,False,False,True,False,,,,0.4,True,,4,3,False,,2PC,2,0.8,,3,80.0,1.0
,,,,,,,,False,False,False,True,False,,,,0.4,True,,4,3,False,,2PC,3,0.8,,3,80.0,1.0
,,,,,,,,False,False,False,True,False,,,,0.4,True,,5,3,False,,2PC,4,0.8,,3,80.0,1.0
,,,,,,,,False,False,False,True,False,,,,0.4,True,,5,3,False,,2PC,5,0.8,,3,80.0,1.0
,,,,,,,,False,False,False,True,False,,,,0.4,True,,5,3,False,,2PC,6,0.8,,3,80.0,1.0
,,,,,,,,False,False,False,True,False,,,,0.4,True,,5,3,False,,2PC,7,0.8,,3,80.0,1.0
,,,,,,,,False,False,False,True,False,,,,0.4,True,,5,3,False,,2PC,8,0.8,,3,80.0,1.0
,,,,,,,,False,False,False,True,False,,,,0.4,True,,5,3,False,,2PC,9,0.8,,3,80.0,1.0
,,,,,,,,False,False,False,True,False,,,,0.4,True,,5,3,False,,2PC,10,0.8,,3,80.0,1.0
,,,,,,,,False,False,False,True,False,,,,0.4,True,,4,3,False,,2PC,11,0.8,,3,80.0,1.0
,,,,,,,,False,False,False,True,False,,,,0.4,True,,4,3,False,,2PC,12,0.8,,3,80.0,1.0
,,,,,,,,False,False,False,True,False,,,,0.4,True,,5,3,False,,2PC,13,0.8,,3,80.0,1.0
,,,,,,,,False,False,False,True,False,,,,0.4,True,,5,3,False,,2PC,14,0.8,,3,80.0,1.0
,,,,,,,,False,False,False,True,False,,,,0.4,True,,5,3,False,,2PC,15,0.8,,3,80.0,1.0
,,,,,,,,False,False,False,True,False,,,,0.4,True,,3,3,False,,2PC,16,0.8,,3,80.0,1.0
,,,,,,,,False,False,False,True,False,,,,0.4,True,,6,3,False,,2PC,17,0.8,,3,80.0,1.0
,,,,,,,,False,False,False,True,False,,,,0.4,True,,4,3,False,,2PC,18,0.8,,3,80.0,1.0
,,,,,,,,False,False,False,True,False,,,,0.4,True,,6,3,False,,2PC,19,0.8,,3,80.0,1.0
,,,,,,,,False,False,False,True,False,,,,0.4,True,,5,3,False,,2PC,20,0.8,,3,80.0,1.0
,,,,,,,,False,False,False,True,False,,,,0.4,True,,4,3,False,,2PC,21,0.8,,3,80.0,1.0
,,,,,,,,False,False,False,True,False,,,,0.4,True,,4,3,False,,2PC,22,0.8,,3,80.0,1.0
,,COMMIT,,,,,,False,False,False,True,True,COMMIT,,2.792090702834546,0.4,True,,9,3,True,,2PC,23,0.8,,2,80.0,1.0
,,,,,,,,False,False,False,True,False,,,,0.4,True,,5,3,False,,2PC,24,0.8,,3,80.0,1.0
,,,,,,,,False,False,False,True,False,,,,0.4,True,,4,3,False,,2PC,25,0.8,,3,80.0,1.0
,,,,,,,,False,False,False,True,False,,,,0.4,True,,3,3,False,,2PC,26,0.8,,3,80.0,1.0
,,,,,,,,False,False,False,True,False,,,,0.4,True,,4,3,False,,2PC,27,0.8,,3,80.0,1.0
,,,,,,,,False,False,False,True,False,,,,0.4,True,,6,3,False,,2PC,28,0.8,,3,80.0,1.0
,,,,,,,,False,False,False,True,False,,,,0.4,True,,6,3,False,,2PC,29,0.8,,3,80.0,1.0
,,,,,,,,False,False,False,True,False,,,,0.0,True,,7,5,False,,2PC,0,0.8,,5,80.0,1.0
,,,,,,,,False,False,False,True,False,,,,0.0,True,,8,5,False,,2PC,1,0.8,,5,80.0,1.0
,,,,,,,,False,False,False,True,False,,,,0.0,True,,6,5,False,,2PC,2,0.8,,5,80.0,1.0
,,,,,,,,False,False,False,True,False,,,,0.0,True,,8,5,False,,2PC,3,0.8,,5,80.0,1.0
,,,,,,,,False,False,False,True,False,,,,0.0,True,,7,5,False,,2PC,4,0.8,,5,80.0,1.0
,,,,,,,,False,False,False,True,False,,,,0.0,True,,5,5,False,,2PC,5,0.8,,5,80.0,1.0
,,,,,,,,False,False,False,True,False,,,,0.0,True,,6,5,False,,2PC,6,0.8,,5,80.0,1.0
,,,,,,,,False,False,False,True,False,,,,0.0,True,,9,5,False,,2PC,7,0.8,,5,80.0,1.0
,,,,,,,,False,False,False,True,False,,,,0.0,True,,7,5,False,,2PC,8,0.8,,5,80.0,1.0
,,,,,,,,False,False,False,True,False,,,,0.0,True,,7,5,False,,2PC,9,0.8,,5,80.0,1.0
,,,,,,,,False,False,False,True,False,,,,0.0,True,,9,5,False,,2PC,10,0.8,,5,80.0,1.0
,,,,,,,,False,False,False,True,False,,,,0.0,True,,9,5,False,,2PC,11,0.8,,5,80.0,1.0
,,,,,,,,False,False,False,True,False,,,,0.0,True,,8,5,False,,2PC,12,0.8,,5,80.0,1.0
,,,,,,,,False,False,False,True,False,,,,0.0,True,,6,5,False,,2PC,13,0.8,,5,80.0,1.0
,,,,,,,,False,False,False,True,False,,,,0.0,True,,6,5,False,,2PC,14,0.8,,5,80.0,1.0
,,,,,,,,False,False,False,True,False,,,,0.0,True,,6,5,False,,2PC,15,0.8,,5,80.0,1.0
,,,,,,,,False,False,False,True,False,,,,0.0,True,,7,5,False,,2PC,16,0.8,,5,80.0,1.0
,,,,,,,,False,False,False,True,False,,,,0.0,True,,6,5,False,,2PC,17,0.8,,5,80.0,1.0
,,,,,,,,False,False,False,True,False,,,,0.0,True,,9,5,False,,2PC,18,0.8,,5,80.0,1.0
,,,,,,,,False,False,False,True,False,,,,0.0,True,,6,5,False,,2PC,19,0.8,,5,80.0,1.0
,,,,,,,,False,False,False,True,False,,,,0.0,True,,5,5,False,,2PC,20,0.8,,5,80.0,1.0
,,,,,,,,False,False,False,True,False,,,,0.0,True,,7,5,False,,2PC,21,0.8,,5,80.0,1.0
,,,,,,,,False,False,False,True,False,,,,0.0,True,,5,5,False,,2PC,22,0.8,,5,80.0,1.0
,,,,,,,,False,False,False,True,False,,,,0.0,True,,6,5,False,,2PC,23,0.8,,5,80.0,1.0
,,,,,,,,False,False,False,True,False,,,,0.0,True,,5,5,False,,2PC,24,0.8,,5,80.0,1.0
,,,,,,,,False,False,False,True,False,,,,0.0,True,,7,5,False,,2PC,25,0.8,,5,80.0,1.0
,,,,,,,,False,False,False,True,False,,,,0.0,True,,5,5,False,,2PC,26,0.8,,5,80.0,1.0
,,,,,,,,False,False,False,True,False,,,,0.0,True,,6,5,False,,2PC,27,0.8,,5,80.0,1.0
,,,,,,,,False,False,False,True,False,,,,0.0,True,,7,5,False,,2PC,28,0.8,,5,80.0,1.0
,,,,,,,,False,False,False,True,False,,,,0.0,True,,9,5,False,,2PC,29,0.8,,5,80.0,1.0
,,,,,,,,False,False,False,True,False,,,,0.1,True,,8,5,False,,2PC,0,0.8,,5,80.0,1.0
,,,,,,,,False,False,False,True,False,,,,0.1,True,,9,5,False,,2PC,1,0.8,,5,80.0,1.0
,,,,,,,,False,False,False,True,False,,,,0.1,True,,10,5,False,,2PC,2,0.8,,5,80.0,1.0
,,,,,,,,False,False,False,True,False,,,,0.1,True,,9,5,False,,2PC,3,0.8,,5,80.0,1.0
,,,,,,,,False,False,False,True,False,,,,0.1,True,,9,5,False,,2PC,4,0.8,,5,80.0,1.0
,,,,,,,,False,False,False,True,False,,,,0.1,True,,7,5,False,,2PC,5,0.8,,5,80.0,1.0
,,,,,,,,False,False,False,True,False,,,,0.1,True,,10,5,False,,2PC,6,0.8,,5,80.0,1.0
,,,,,,,,False,False,False,True,False,,,,0.1,True,,9,5,False,,2PC,7,0.8,,5,80.0,1.0
,,,,,,,,False,False,False,True,False,,,,0.1,True,,8,5,False,,2PC,8,0.8,,5,80.0,1.0
,,,,,,,,False,False,False,True,False,,,,0.1,True,,7,5,False,,2PC,9,0.8,,5,80.0,1.0
,,,,,,,,False,False,False,True,False,,,,0.1,True,,9,5,False,,2PC,10,0.8,,5,80.0,1.0
,,,,,,,,False,False,False,True,False,,,,0.1,True,,10,5,False,,2PC,11,0.8,,5,80.0,1.0
,,,,,,,,False,False,False,True,False,,,,0.1,True,,9,5,False,,2PC,12,0.8,,5,80.0,1.0
,,,,,,,,False,False,False,True,False,,,,0.1,True,,9,5,False,,2PC,13,0.8,,5,80.0,1.0
,,,,,,,,False,False,False,True,False,,,,0.1,True,,8,5,False,,2PC,14,0.8,,5,80.0,1.0
,,,,,,,,False,False,False,True,False,,,,0.1,True,,8,5,False,,2PC,15,0.8,,5,80.0,1.0
,,,,,,,,False,False,False,True,False,,,,0.1,True,,9,5,False,,2PC,16,0.8,,5,80.0,1.0
,,,,,,,,False,False,False,True,False,,,,0.1,True,,9,5,False,,2PC,17,0.8,,5,80.0,1.0
,COMMIT,COMMIT,COMMIT,COMMIT,,,,False,False,False,True,True,COMMIT,,3.944055219310565,0.1,True,,15,5,True,,2PC,18,0.8,,1,80.0,1.0
,,,,,,,,False,False,False,True,False,,,,0.1,True,,9,5,False,,2PC,19,0.8,,5,80.0,1.0
,,,,,,,,False,False,False,True,False,,,,0.1,True,,10,5,False,,2PC,20,0.8,,5,80.0,1.0
,,,,,,,,False,False,False,True,False,,,,0.1,True,,9,5,False,,2PC,21,0.8,,5,80.0,1.0
,,,,,,,,False,False,False,True,False,,,,0.1,True,,8,5,False,,2PC,22,0.8,,5,80.0,1.0
,,COMMIT,COMMIT,,,,,False,False,False,True,True,COMMIT,,4.245833511072205,0.1,True,,15,5,True,,2PC,23,0.8,,3,80.0,1.0
,,,,,,,,False,False,False,True,False,,,,0.1,True,,7,5,False,,2PC,24,0.8,,5,80.0,1.0
COMMIT,COMMIT,COMMIT,,COMMIT,,,,False,False,False,True,True,COMMIT,,3.7072803425302983,0.1,True,,15,5,True,,2PC,25,0.8,,1,80.0,1.0
,,,,,,,,False,False,False,True,False,,,,0.1,True,,7,5,False,,2PC,26,0.8,,5,80.0,1.0
,,,,,,,,False,False,False,True,False,,,,0.1,True,,10,5,False,,2PC,27,0.8,,5,80.0,1.0
,,,,,,,,False,False,False,True,False,,,,0.1,True,,9,5,False,,2PC,28,0.8,,5,80.0,1.0
COMMIT,COMMIT,COMMIT,,COMMIT,,,,False,False,False,True,True,COMMIT,,4.660322629057263,0.1,True,,15,5,True,,2PC,29,0.8,,1,80.0,1.0
,,,,,,,,False,False,False,True,False,,,,0.2,True,,8,5,False,,2PC,0,0.8,,5,80.0,1.0
,,,,,,,,False,False,False,True,False,,,,0.2,True,,9,5,False,,2PC,1,0.8,,5,80.0,1.0
,,,,,,,,False,False,False,True,False,,,,0.2,True,,10,5,False,,2PC,2,0.8,,5,80.0,1.0
,,,,,,,,False,False,False,True,False,,,,0.2,True,,9,5,False,,2PC,3,0.8,,5,80.0,1.0
,,,,,,,,False,False,False,True,False,,,,0.2,True,,9,5,False,,2PC,4,0.8,,5,80.0,1.0
,,,,,,,,False,False,False,True,False,,,,0.2,True,,7,5,False,,2PC,5,0.8,,5,80.0,1.0
,,,,,,,,False,False,False,True,False,,,,0.2,True,,9,5,False,,2PC,6,0.8,,5,80.0,1.0
,,,,,,,,False,False,False,True,False,,,,0.2,True,,9,5,False,,2PC,7,0.8,,5,80.0,1.0
,,,,,,,,False,False,False,True,False,,,,0.2,True,,7,5,False,,2PC,8,0.8,,5,80.0,1.0
,,,,,,,,False,False,False,True,False,,,,0.2,True,,7,5,False,,2PC,9,0.8,,5,80.0,1.0
,,,,,,,,False,False,False,True,False,,,,0.2,True,,9,5,False,,2PC,10,0.8,,5,80.0,1.0
,,,,,,,,False,False,False,True,False,,,,0.2,True,,10,5,False,,2PC,11,0.8,,5,80.0,1.0
,,,,,,,,False,False,False,True,False,,,,0.2,True,,9,5,False,,2PC,12,0.8,,5,80.0,1.0
,,,,,,,,False,False,False,True,False,,,,0.2,True,,6,5,False,,2PC,13,0.8,,5,80.0,1.0
,,,,,,,,False,False,False,True,False,,,,0.2,True,,8,5,False,,2PC,14,0.8,,5,80.0,1.0
,,,,,,,,False,False,False,True,False,,,,0.2,True,,8,5,False,,2PC,15,0.8,,5,80.0,1.0
,,,,,,,,False,False,False,True,False,,,,0.2,True,,9,5,False,,2PC,16,0.8,,5,80.0,1.0
,,,,,,,,False,False,False,True,False,,,,0.2,True,,6,5,False,,2PC,17,0.8,,5,80.0,1.0
,,,,,,,,False,False,False,True,False,,,,0.2,True,,9,5,False,,2PC,18,0.8,,5,80.0,1.0
,,,,,,,,False,False,False,True,False,,,,0.2,True,,7,5,False,,2PC,19,0.8,,5,80.0,1.0
,,,,,,,,False,False,False,True,False,,,,0.2,True,,10,5,False,,2PC,20,0.8,,5,80.0,1.0
,,,,,,,,False,False,False,True,False,,,,0.2,True,,9,5,False,,2PC,21,0.8,,5,80.0,1.0
,,,,,,,,False,False,False,True,False,,,,0.2,True,,6,5,False,,2PC,22,0.8,,5,80.0,1.0
,,,,,,,,False,False,False,True,False,,,,0.2,True,,9,5,False,,2PC,23,0.8,,5,80.0,1.0
,,,,,,,,False,False,False,True,False,,,,0.2,True,,5,5,False,,2PC,24,0.8,,5,80.0,1.0
,,,,,,,,False,False,False,True,False,,,,0.2,True,,8,5,False,,2PC,25,0.8,,5,80.0,1.0
,,,,,,,,False,False,False,True,False,,,,0.2,True,,7,5,False,,2PC,26,0.8,,5,80.0,1.0
,,,,,,,,False,False,False,True,False,,,,0.2,True,,8,5,False,,2PC,27,0.8,,5,80.0,1.0
,,,,,,,,False,False,False,True,False,,,,0.2,True,,9,5,False,,2PC,28,0.8,,5,80.0,1.0
COMMIT,COMMIT,,,COMMIT,,,,False,False,False,True,True,COMMIT,,4.660322629057263,0.2,True,,15,5,True,,2PC,29,0.8,,2,80.0,1.0
,,,,,,,,False,False,False,True,False,,,,0.3,True,,8,5,False,,2PC,0,0.8,,5,80.0,1.0
,,,,,,,,False,False,False,True,False,,,,0.3,True,,9,5,False,,2PC,1,0.8,,5,80.0,1.0
,,,,,,,,False,False,False,True,False,,,,0.3,True,,9,5,False,,2PC,2,0.8,,5,80.0,1.0
,,,,,,,,False,False,False,True,False,,,,0.3,True,,9,5,False,,2PC,3,0.8,,5,80.0,1.0
,,,,,,,,False,False,False,True,False,,,,0.3,True,,8,5,False,,2PC,4,0.8,,5,80.0,1.0
,,,,,,,,False,False,False,True,False,,,,0.3,True,,7,5,False,,2PC,5,0.8,,5,80.0,1.0
,,,,,,,,False,False,False,True,False,,,,0.3,True,,9,5,False,,2PC,6,0.8,,5,80.0,1.0
,,,,,,,,False,False,False,True,False,,,,0.3,True,,9,5,False,,2PC,7,0.8,,5,80.0,1.0
,,,,,,,,False,False,False,True,False,,,,0.3,True,,7,5,False,,2PC,8,0.8,,5,80.0,1.0
,,,,,,,,False,False,False,True,False,,,,0.3,True,,7,5,False,,2PC,9,0.8,,5,80.0,1.0
,,,,,,,,False,False,False,True,False,,,,0.3,True,,9,5,False,,2PC,10,0.8,,5,80.0,1.0
,,,,,,,,False,False,False,True,False,,,,0.3,True,,10,5,False,,2PC,11,0.8,,5,80.0,1.0
,,,,,,,,False,False,False,True,False,,,,0.3,True,,9,5,False,,2PC,12,0.8,,5,80.0,1.0
,,,,,,,,False,False,False,True,False,,,,0.3,True,,6,5,False,,2PC,13,0.8,,5,80.0,1.0
,,,,,,,,False,False,False,True,False,,,,0.3,True,,7,5,False,,2PC,14,0.8,,5,80.0,1.0
,,,,,,,,False,False,False,True,False,,,,0.3,True,,8,5,False,,2PC,15,0.8,,5,80.0,1.0
,,,,,,,,False,False,False,True,False,,,,0.3,True,,9,5,False,,2PC,16,0.8,,5,80.0,1.0
,,,,,,,,False,False,False,True,False,,,,0.3,True,,6,5,False,,2PC,17,0.8,,5,80.0,1.0
,,,,,,,,False,False,False,True,False,,,,0.3,True,,8,5,False,,2PC,18,0.8,,5,80.0,1.0
,,,,,,,,False,False,False,True,False,,,,0.3,True,,7,5,False,,2PC,19,0.8,,5,80.0,1.0
,,,,,,,,False,False,False,True,False,,,,0.3,True,,8,5,False,,2PC,20,0.8,,5,80.0,1.0
,,,,,,,,False,False,False,True,False,,,,0.3,True,,9,5,False,,2PC,21,0.8,,5,80.0,1.0
,,,,,,,,False,False,False,True,False,,,,0.3,True,,6,5,False,,2PC,22,0.8,,5,80.0,1.0
,,,,,,,,False,False,False,True,False,,,,0.3,True,,9,5,False,,2PC,23,0.8,,5,80.0,1.0
,,,,,,,,False,False,False,True,False,,,,0.3,True,,5,5,False,,2PC,24,0.8,,5,80.0,1.0
,,,,,,,,False,False,False,True,False,,,,0.3,True,,8,5,False,,2PC,25,0.8,,5,80.0,1.0
,,,,,,,,False,False,False,True,False,,,,0.3,True,,7,5,False,,2PC,26,0.8,,5,80.0,1.0
,,,,,,,,False,False,False,True,False,,,,0.3,True,,6,5,False,,2PC,27,0.8,,5,80.0,1.0
,,,,,,,,False,False,False,True,False,,,,0.3,True,,7,5,False,,2PC,28,0.8,,5,80.0,1.0
,,,,,,,,False,False,False,True,False,,,,0.3,True,,8,5,False,,2PC,29,0.8,,5,80.0,1.0
,,,,,,,,False,False,False,True,False,,,,0.4,True,,7,5,False,,2PC,0,0.8,,5,80.0,1.0
,,,,,,,,False,False,False,True,False,,,,0.4,True,,9,5,False,,2PC,1,0.8,,5,80.0,1.0
,,,,,,,,False,False,False,True,False,,,,0.4,True,,9,5,False,,2PC,2,0.8,,5,80.0,1.0
,,,,,,,,False,False,False,True,False,,,,0.4,True,,6,5,False,,2PC,3,0.8,,5,80.0,1.0
,,,,,,,,False,False,False,True,False,,,,0.4,True,,8,5,False,,2PC,4,0.8,,5,80.0,1.0
,,,,,,,,False,False,False,True,False,,,,0.4,True,,7,5,False,,2PC,5,0.8,,5,80.0,1.0
,,,,,,,,False,False,False,True,False,,,,0.4,True,,7,5,False,,2PC,6,0.8,,5,80.0,1.0
,,,,,,,,False,False,False,True,False,,,,0.4,True,,9,5,False,,2PC,7,0.8,,5,80.0,1.0
,,,,,,,,False,False,False,True,False,,,,0.4,True,,7,5,False,,2PC,8,0.8,,5,80.0,1.0
,,,,,,,,False,False,False,True,False,,,,0.4,True,,7,5,False,,2PC,9,0.8,,5,80.0,1.0
,,,,,,,,False,False,False,True,False,,,,0.4,True,,9,5,False,,2PC,10,0.8,,5,80.0,1.0
,,,,,,,,False,False,False,True,False,,,,0.4,True,,10,5,False,,2PC,11,0.8,,5,80.0,1.0
,,,,,,,,False,False,False,True,False,,,,0.4,True,,9,5,False,,2PC,12,0.8,,5,80.0,1.0
,,,,,,,,False,False,False,True,False,,,,0.4,True,,6,5,False,,2PC,13,0.8,,5,80.0,1.0
,,,,,,,,False,False,False,True,False,,,,0.4,True,,7,5,False,,2PC,14,0.8,,5,80.0,1.0
,,,,,,,,False,False,False,True,False,,,,0.4,True,,8,5,False,,2PC,15,0.8,,5,80.0,1.0
,,,,,,,,False,False,False,True,False,,,,0.4,True,,7,5,False,,2PC,16,0.8,,5,80.0,1.0
,,,,,,,,False,False,False,True,False,,,,0.4,True,,6,5,False,,2PC,17,0.8,,5,80.0,1.0
,,,,,,,,False,False,False,True,False,,,,0.4,True,,8,5,False,,2PC,18,0.8,,5,80.0,1.0
,,,,,,,,False,False,False,True,False,,,,0.4,True,,7,5,False,,2PC,19,0.8,,5,80.0,1.0
,,,,,,,,False,False,False,True,False,,,,0.4,True,,8,5,False,,2PC,20,0.8,,5,80.0,1.0
,,,,,,,,False,False,False,True,False,,,,0.4,True,,9,5,False,,2PC,21,0.8,,5,80.0,1.0
,,,,,,,,False,False,False,True,False,,,,0.4,True,,6,5,False,,2PC,22,0.8,,5,80.0,1.0
,,,,,,,,False,False,False,True,False,,,,0.4,True,,7,5,False,,2PC,23,0.8,,5,80.0,1.0
,,,,,,,,False,False,False,True,False,,,,0.4,True,,5,5,False,,2PC,24,0.8,,5,80.0,1.0
,,,,,,,,False,False,False,True,False,,,,0.4,True,,8,5,False,,2PC,25,0.8,,5,80.0,1.0
,,,,,,,,False,False,False,True,False,,,,0.4,True,,7,5,False,,2PC,26,0.8,,5,80.0,1.0
,,,,,,,,False,False,False,True,False,,,,0.4,True,,6,5,False,,2PC,27,0.8,,5,80.0,1.0
,,,,,,,,False,False,False,True,False,,,,0.4,True,,7,5,False,,2PC,28,0.8,,5,80.0,1.0
,,,,,,,,False,False,False,True,False,,,,0.4,True,,8,5,False,,2PC,29,0.8,,5,80.0,1.0
,,,,,,,,False,False,False,True,False,,,,0.0,True,,12,8,False,,2PC,0,0.8,,8,80.0,1.0
,,,,,,,,False,False,False,True,False,,,,0.0,True,,11,8,False,,2PC,1,0.8,,8,80.0,1.0
,,,,,,,,False,False,False,True,False,,,,0.0,True,,11,8,False,,2PC,2,0.8,,8,80.0,1.0
,,,,,,,,False,False,False,True,False,,,,0.0,True,,11,8,False,,2PC,3,0.8,,8,80.0,1.0
,,,,,,,,False,False,False,True,False,,,,0.0,True,,11,8,False,,2PC,4,0.8,,8,80.0,1.0
,,,,,,,,False,False,False,True,False,,,,0.0,True,,9,8,False,,2PC,5,0.8,,8,80.0,1.0
,,,,,,,,False,False,False,True,False,,,,0.0,True,,11,8,False,,2PC,6,0.8,,8,80.0,1.0
,,,,,,,,False,False,False,True,False,,,,0.0,True,,11,8,False,,2PC,7,0.8,,8,80.0,1.0
,,,,,,,,False,False,False,True,False,,,,0.0,True,,12,8,False,,2PC,8,0.8,,8,80.0,1.0
,,,,,,,,False,False,False,True,False,,,,0.0,True,,11,8,False,,2PC,9,0.8,,8,80.0,1.0
,,,,,,,,False,False,False,True,False,,,,0.0,True,,10,8,False,,2PC,10,0.8,,8,80.0,1.0
,,,,,,,,False,False,False,True,False,,,,0.0,True,,9,8,False,,2PC,11,0.8,,8,80.0,1.0
,,,,,,,,False,False,False,True,False,,,,0.0,True,,11,8,False,,2PC,12,0.8,,8,80.0,1.0
,,,,,,,,False,False,False,True,False,,,,0.0,True,,11,8,False,,2PC,13,0.8,,8,80.0,1.0
,,,,,,,,False,False,False,True,False,,,,0.0,True,,11,8,False,,2PC,14,0.8,,8,80.0,1.0
,,,,,,,,False,False,False,True,False,,,,0.0,True,,9,8,False,,2PC,15,0.8,,8,80.0,1.0
,,,,,,,,False,False,False,True,False,,,,0.0,True,,10,8,False,,2PC,16,0.8,,8,80.0,1.0
,,,,,,,,False,False,False,True,False,,,,0.0,True,,10,8,False,,2PC,17,0.8,,8,80.0,1.0
,,,,,,,,False,False,False,True,False,,,,0.0,True,,13,8,False,,2PC,18,0.8,,8,80.0,1.0
,,,,,,,,False,False,False,True,False,,,,0.0,True,,9,8,False,,2PC,19,0.8,,8,80.0,1.0
,,,,,,,,False,False,False,True,False,,,,0.0,True,,8,8,False,,2PC,20,0.8,,8,80.0,1.0
,,,,,,,,False,False,False,True,False,,,,0.0,True,,10,8,False,,2PC,21,0.8,,8,80.0,1.0
,,,,,,,,False,False,False,True,False,,,,0.0,True,,9,8,False,,2PC,22,0.8,,8,80.0,1.0
,,,,,,,,False,False,False,True,False,,,,0.0,True,,10,8,False,,2PC,23,0.8,,8,80.0,1.0
,,,,,,,,False,False,False,True,False,,,,0.0,True,,9,8,False,,2PC,24,0.8,,8,80.0,1.0
,,,,,,,,False,False,False,True,False,,,,0.0,True,,11,8,False,,2PC,25,0.8,,8,80.0,1.0
,,,,,,,,False,False,False,True,False,,,,0.0,True,,8,8,False,,2PC,26,0.8,,8,80.0,1.0
,,,,,,,,False,False,False,True,False,,,,0.0,True,,10,8,False,,2PC,27,0.8,,8,80.0,1.0
,,,,,,,,False,False,False,True,False,,,,0.0,True,,13,8,False,,2PC,28,0.8,,8,80.0,1.0
,,,,,,,,False,False,False,True,False,,,,0.0,True,,11,8,False,,2PC,29,0.8,,8,80.0,1.0
,,,,,,,,False,False,False,True,False,,,,0.1,True,,12,8,False,,2PC,0,0.8,,8,80.0,1.0
,,,,,,,,False,False,False,True,False,,,,0.1,True,,15,8,False,,2PC,1,0.8,,8,80.0,1.0
,,,,,,,,False,False,False,True,False,,,,0.1,True,,13,8,False,,2PC,2,0.8,,8,80.0,1.0
,,,,,,,,False,False,False,True,False,,,,0.1,True,,16,8,False,,2PC,3,0.8,,8,80.0,1.0
,,,,,,,,False,False,False,True,False,,,,0.1,True,,12,8,False,,2PC,4,0.8,,8,80.0,1.0
,,,,,,,,False,False,False,True,False,,,,0.1,True,,12,8,False,,2PC,5,0.8,,8,80.0,1.0
,,,,,,,,False,False,False,True,False,,,,0.1,True,,13,8,False,,2PC,6,0.8,,8,80.0,1.0
,,,,,,,,False,False,False,True,False,,,,0.1,True,,14,8,False,,2PC,7,0.8,,8,80.0,1.0
,,,,,,,,False,False,False,True,False,,,,0.1,True,,12,8,False,,2PC,8,0.8,,8,80.0,1.0
,,,,,,,,False,False,False,True,False,,,,0.1,True,,15,8,False,,2PC,9,0.8,,8,80.0,1.0
,,,,,,,,False,False,False,True,False,,,,0.1,True,,14,8,False,,2PC,10,0.8,,8,80.0,1.0
,,,,,,,,False,False,False,True,False,,,,0.1,True,,12,8,False,,2PC,11,0.8,,8,80.0,1.0
,,,,,,,,False,False,False,True,False,,,,0.1,True,,14,8,False,,2PC,12,0.8,,8,80.0,1.0
,,,,,,,,False,False,False,True,False,,,,0.1,True,,15,8,False,,2PC,13,0.8,,8,80.0,1.0
,,,,,,,,False,False,False,True,False,,,,0.1,True,,14,8,False,,2PC,14,0.8,,8,80.0,1.0
,,,,,,,,False,False,False,True,False,,,,0.1,True,,13,8,False,,2PC,15,0.8,,8,80.0,1.0
,,,,,,,,False,False,False,True,False,,,,0.1,True,,15,8,False,,2PC,16,0.8,,8,80.0,1.0
,,,,,,,,False,False,False,True,False,,,,0.1,True,,13,8,False,,2PC,17,0.8,,8,80.0,1.0
,,,,,,,,False,False,False,True,False,,,,0.1,True,,13,8,False,,2PC,18,0.8,,8,80.0,1.0
,,,,,,,,False,False,False,True,False,,,,0.1,True,,11,8,False,,2PC,19,0.8,,8,80.0,1.0
,,,,,,,,False,False,False,True,False,,,,0.1,True,,13,8,False,,2PC,20,0.8,,8,80.0,1.0
,,,,,,,,False,False,False,True,False,,,,0.1,True,,13,8,False,,2PC,21,0.8,,8,80.0,1.0
,,,,,,,,False,False,False,True,False,,,,0.1,True,,11,8,False,,2PC,22,0.8,,8,80.0,1.0
,,,,,,,,False,False,False,True,False,,,,0.1,True,,14,8,False,,2PC,23,0.8,,8,80.0,1.0
,,,,,,,,False,False,False,True,False,,,,0.1,True,,13,8,False,,2PC,24,0.8,,8,80.0,1.0
,,,,,,,,False,False,False,True,False,,,,0.1,True,,15,8,False,,2PC,25,0.8,,8,80.0,1.0
,,,,,,,,False,False,False,True,False,,,,0.1,True,,12,8,False,,2PC,26,0.8,,8,80.0,1.0
,,,,,,,,False,False,False,True,False,,,,0.1,True,,15,8,False,,2PC,27,0.8,,8,80.0,1.0
,,,,,,,,False,False,False,True,False,,,,0.1,True,,16,8,False,,2PC,28,0.8,,8,80.0,1.0
,,,,,,,,False,False,False,True,False,,,,0.1,True,,14,8,False,,2PC,29,0.8,,8,80.0,1.0
,,,,,,,,False,False,False,True,False,,,,0.2,True,,12,8,False,,2PC,0,0.8,,8,80.0,1.0
,,,,,,,,False,False,False,True,False,,,,0.2,True,,12,8,False,,2PC,1,0.8,,8,80.0,1.0
,,,,,,,,False,False,False,True,False,,,,0.2,True,,13,8,False,,2PC,2,0.8,,8,80.0,1.0
,,,,,,,,False,False,False,True,False,,,,0.2,True,,13,8,False,,2PC,3,0.8,,8,80.0,1.0
,,,,,,,,False,False,False,True,False,,,,0.2,True,,12,8,False,,2PC,4,0.8,,8,80.0,1.0
,,,,,,,,False,False,False,True,False,,,,0.2,True,,12,8,False,,2PC,5,0.8,,8,80.0,1.0
,,,,,,,,False,False,False,True,False,,,,0.2,True,,13,8,False,,2PC,6,0.8,,8,80.0,1.0
,,,,,,,,False,False,False,True,False,,,,0.2,True,,14,8,False,,2PC,7,0.8,,8,80.0,1.0
,,,,,,,,False,False,False,True,False,,,,0.2,True,,12,8,False,,2PC,8,0.8,,8,80.0,1.0
,,,,,,,,False,False,False,True,False,,,,0.2,True,,10,8,False,,2PC,9,0.8,,8,80.0,1.0
,,,,,,,,False,False,False,True,False,,,,0.2,True,,14,8,False,,2PC,10,0.8,,8,80.0,1.0
,,,,,,,,False,False,False,True,False,,,,0.2,True,,11,8,False,,2PC,11,0.8,,8,80.0,1.0
,,,,,,,,False,False,False,True,False,,,,0.2,True,,14,8,False,,2PC,12,0.8,,8,80.0,1.0
,,,,,,,,False,False,False,True,False,,,,0.2,True,,15,8,False,,2PC,13,0.8,,8,80.0,1.0
,,,,,,,,False,False,False,True,False,,,,0.2,True,,14,8,False,,2PC,14,0.8,,8,80.0,1.0
,,,,,,,,False,False,False,True,False,,,,0.2,True,,13,8,False,,2PC,15,0.8,,8,80.0,1.0
,,,,,,,,False,False,False,True,False,,,,0.2,True,,15,8,False,,2PC,16,0.8,,8,80.0,1.0
,,,,,,,,False,False,False,True,False,,,,0.2,True,,13,8,False,,2PC,17,0.8,,8,80.0,1.0
,,,,,,,,False,False,False,True,False,,,,0.2,True,,13,8,False,,2PC,18,0.8,,8,80.0,1.0
,,,,,,,,False,False,False,True,False,,,,0.2,True,,11,8,False,,2PC,19,0.8,,8,80.0,1.0
,,,,,,,,False,False,False,True,False,,,,0.2,True,,13,8,False,,2PC,20,0.8,,8,80.0,1.0
,,,,,,,,False,False,False,True,False,,,,0.2,True,,13,8,False,,2PC,21,0.8,,8,80.0,1.0
,,,,,,,,False,False,False,True,False,,,,0.2,True,,11,8,False,,2PC,22,0.8,,8,80.0,1.0
,,,,,,,,False,False,False,True,False,,,,0.2,True,,12,8,False,,2PC,23,0.8,,8,80.0,1.0
,,,,,,,,False,False,False,True,False,,,,0.2,True,,11,8,False,,2PC,24,0.8,,8,80.0,1.0
,,,,,,,,False,False,False,True,False,,,,0.2,True,,15,8,False,,2PC,25,0.8,,8,80.0,1.0
,,,,,,,,False,False,False,True,False,,,,0.2,True,,11,8,False,,2PC,26,0.8,,8,80.0,1.0
,,,,,,,,False,False,False,True,False,,,,0.2,True,,15,8,False,,2PC,27,0.8,,8,80.0,1.0
,,,,,,,,False,False,False,True,False,,,,0.2,True,,16,8,False,,2PC,28,0.8,,8,80.0,1.0
,,,,,,,,False,False,False,True,False,,,,0.2,True,,12,8,False,,2PC,29,0.8,,8,80.0,1.0
,,,,,,,,False,False,False,True,False,,,,0.3,True,,10,8,False,,2PC,0,0.8,,8,80.0,1.0
,,,,,,,,False,False,False,True,False,,,,0.3,True,,13,8,False,,2PC,1,0.8,,8,80.0,1.0
,,,,,,,,False,False,False,True,False,,,,0.3,True,,10,8,False,,2PC,2,0.8,,8,80.0,1.0
,,,,,,,,False,False,False,True,False,,,,0.3,True,,13,8,False,,2PC,3,0.8,,8,80.0,1.0
,,,,,,,,False,False,False,True,False,,,,0.3,True,,12,8,False,,2PC,4,0.8,,8,80.0,1.0
,,,,,,,,False,False,False,True,False,,,,0.3,True,,12,8,False,,2PC,5,0.8,,8,80.0,1.0
,,,,,,,,False,False,False,True,False,,,,0.3,True,,13,8,False,,2PC,6,0.8,,8,80.0,1.0
,,,,,,,,False,False,False,True,False,,,,0.3,True,,13,8,False,,2PC,7,0.8,,8,80.0,1.0
,,,,,,,,False,False,False,True,False,,,,0.3,True,,12,8,False,,2PC,8,0.8,,8,80.0,1.0
,,,,,,,,False,False,False,True,False,,,,0.3,True,,10,8,False,,2PC,9,0.8,,8,80.0,1.0
,,,,,,,,False,False,False,True,False,,,,0.3,True,,14,8,False,,2PC,10,0.8,,8,80.0,1.0
,,,,,,,,False,False,False,True,False,,,,0.3,True,,11,8,False,,2PC,11,0.8,,8,80.0,1.0
,,,,,,,,False,False,False,True,False,,,,0.3,True,,14,8,False,,2PC,12,0.8,,8,80.0,1.0
,,,,,,,,False,False,False,True,False,,,,0.3,True,,12,8,False,,2PC,13,0.8,,8,80.0,1.0
,,,,,,,,False,False,False,True,False,,,,0.3,True,,14,8,False,,2PC,14,0.8,,8,80.0,1.0
,,,,,,,,False,False,False,True,False,,,,0.3,True,,13,8,False,,2PC,15,0.8,,8,80.0,1.0
,,,,,,,,False,False,False,True,False,,,,0.3,True,,11,8,False,,2PC,16,0.8,,8,80.0,1.0
,,,,,,,,False,False,False,True,False,,,,0.3,True,,13,8,False,,2PC,17,0.8,,8,80.0,1.0
,,,,,,,,False,False,False,True,False,,,,0.3,True,,13,8,False,,2PC,18,0.8,,8,80.0,1.0
,,,,,,,,False,False,False,True,False,,,,0.3,True,,11,8,False,,2PC,19,0.8,,8,80.0,1.0
,,,,,,,,False,False,False,True,False,,,,0.3,True,,11,8,False,,2PC,20,0.8,,8,80.0,1.0
,,,,,,,,False,False,False,True,False,,,,0.3,True,,12,8,False,,2PC,21,0.8,,8,80.0,1.0
,,,,,,,,False,False,False,True,False,,,,0.3,True,,11,8,False,,2PC,22,0.8,,8,80.0,1.0
,,,,,,,,False,False,False,True,False,,,,0.3,True,,12,8,False,,2PC,23,0.8,,8,80.0,1.0
,,,,,,,,False,False,False,True,False,,,,0.3,True,,11,8,False,,2PC,24,0.8,,8,80.0,1.0
,,,,,,,,False,False,False,True,False,,,,0.3,True,,15,8,False,,2PC,25,0.8,,8,80.0,1.0
,,,,,,,,False,False,False,True,False,,,,0.3,True,,11,8,False,,2PC,26,0.8,,8,80.0,1.0
,,,,,,,,False,False,False,True,False,,,,0.3,True,,12,8,False,,2PC,27,0.8,,8,80.0,1.0
,,,,,,,,False,False,False,True,False,,,,0.3,True,,14,8,False,,2PC,28,0.8,,8,80.0,1.0
,,,,,,,,False,False,False,True,False,,,,0.3,True,,12,8,False,,2PC,29,0.8,,8,80.0,1.0
,,,,,,,,False,False,False,True,False,,,,0.4,True,,10,8,False,,2PC,0,0.8,,8,80.0,1.0
,,,,,,,,False,False,False,True,False,,,,0.4,True,,13,8,False,,2PC,1,0.8,,8,80.0,1.0
,,,,,,,,False,False,False,True,False,,,,0.4,True,,10,8,False,,2PC,2,0.8,,8,80.0,1.0
,,,,,,,,False,False,False,True,False,,,,0.4,True,,12,8,False,,2PC,3,0.8,,8,80.0,1.0
,,,,,,,,False,False,False,True,False,,,,0.4,True,,12,8,False,,2PC,4,0.8,,8,80.0,1.0
,,,,,,,,False,False,False,True,False,,,,0.4,True,,12,8,False,,2PC,5,0.8,,8,80.0,1.0
,,,,,,,,False,False,False,True,False,,,,0.4,True,,12,8,False,,2PC,6,0.8,,8,80.0,1.0
,,,,,,,,False,False,False,True,False,,,,0.4,True,,13,8,False,,2PC,7,0.8,,8,80.0,1.0
,,,,,,,,False,False,False,True,False,,,,0.4,True,,11,8,False,,2PC,8,0.8,,8,80.0,1.0
,,,,,,,,False,False,False,True,False,,,,0.4,True,,10,8,False,,2PC,9,0.8,,8,80.0,1.0
,,,,,,,,False,False,False,True,False,,,,0.4,True,,14,8,False,,2PC,10,0.8,,8,80.0,1.0
,,,,,,,,False,False,False,True,False,,,,0.4,True,,11,8,False,,2PC,11,0.8,,8,80.0,1.0
,,,,,,,,False,False,False,True,False,,,,0.4,True,,14,8,False,,2PC,12,0.8,,8,80.0,1.0
,,,,,,,,False,False,False,True,False,,,,0.4,True,,11,8,False,,2PC,13,0.8,,8,80.0,1.0
,,,,,,,,False,False,False,True,False,,,,0.4,True,,13,8,False,,2PC,14,0.8,,8,80.0,1.0
,,,,,,,,False,False,False,True,False,,,,0.4,True,,13,8,False,,2PC,15,0.8,,8,80.0,1.0
,,,,,,,,False,False,False,True,False,,,,0.4,True,,11,8,False,,2PC,16,0.8,,8,80.0,1.0
,,,,,,,,False,False,False,True,False,,,,0.4,True,,13,8,False,,2PC,17,0.8,,8,80.0,1.0
,,,,,,,,False,False,False,True,False,,,,0.4,True,,12,8,False,,2PC,18,0.8,,8,80.0,1.0
,,,,,,,,False,False,False,True,False,,,,0.4,True,,11,8,False,,2PC,19,0.8,,8,80.0,1.0
,,,,,,,,False,False,False,True,False,,,,0.4,True,,11,8,False,,2PC,20,0.8,,8,80.0,1.0
,,,,,,,,False,False,False,True,False,,,,0.4,True,,12,8,False,,2PC,21,0.8,,8,80.0,1.0
,,,,,,,,False,False,False,True,False,,,,0.4,True,,11,8,False,,2PC,22,0.8,,8,80.0,1.0
,,,,,,,,False,False,False,True,False,,,,0.4,True,,11,8,False,,2PC,23,0.8,,8,80.0,1.0
,,,,,,,,False,False,False,True,False,,,,0.4,True,,11,8,False,,2PC,24,0.8,,8,80.0,1.0
,,,,,,,,False,False,False,True,False,,,,0.4,True,,15,8,False,,2PC,25,0.8,,8,80.0,1.0
,,,,,,,,False,False,False,True,False,,,,0.4,True,,10,8,False,,2PC,26,0.8,,8,80.0,1.0
,,,,,,,,False,False,False,True,False,,,,0.4,True,,13,8,False,,2PC,27,0.8,,8,80.0,1.0
,,,,,,,,False,False,False,True,False,,,,0.4,True,,13,8,False,,2PC,28,0.8,,8,80.0,1.0
,,,,,,,,False,False,False,True,False,,,,0.4,True,,12,8,False,,2PC,29,0.8,,8,80.0,1.0
ABORT,,,,,,,,False,False,False,False,False,,2,,0.0,True,4,19,3,False,2,2PC_RETRY,0,0.8,6,2,80.0,1.0
ABORT,,ABORT,,,,,,False,False,False,False,False,,2,,0.0,True,7,20,3,False,2,2PC_RETRY,1,0.8,6,1,80.0,1.0
ABORT,ABORT,,,,,,,False,False,False,False,False,,2,,0.0,True,6,21,3,False,2,2PC_RETRY,2,0.8,6,1,80.0,1.0
ABORT,,ABORT,,,,,,False,False,False,False,False,,2,,0.0,True,6,16,3,False,2,2PC_RETRY,3,0.8,6,1,80.0,1.0
ABORT,ABORT,ABORT,,,,,,False,False,False,False,False,,2,,0.0,True,12,23,3,False,2,2PC_RETRY,4,0.8,6,0,80.0,1.0
,,ABORT,,,,,,False,False,False,False,False,,2,,0.0,True,4,18,3,False,2,2PC_RETRY,5,0.8,6,2,80.0,1.0
,ABORT,ABORT,,,,,,False,False,False,False,False,,2,,0.0,True,5,18,3,False,2,2PC_RETRY,6,0.8,6,1,80.0,1.0
ABORT,ABORT,,,,,,,False,False,False,False,False,,2,,0.0,True,8,17,3,False,2,2PC_RETRY,7,0.8,6,1,80.0,1.0
,,ABORT,,,,,,False,False,False,False,False,,2,,0.0,True,3,18,3,False,2,2PC_RETRY,8,0.8,6,2,80.0,1.0
,ABORT,ABORT,,,,,,False,False,False,False,False,,2,,0.0,True,5,17,3,False,2,2PC_RETRY,9,0.8,6,1,80.0,1.0
COMMIT,COMMIT,COMMIT,,,,,,False,False,False,False,False,,2,,0.0,True,12,19,3,False,2,2PC_RETRY,10,0.8,5,0,80.0,1.0
ABORT,,ABORT,,,,,,False,False,False,False,False,,2,,0.0,True,8,18,3,False,2,2PC_RETRY,11,0.8,6,1,80.0,1.0
ABORT,,ABORT,,,,,,False,False,False,False,False,,2,,0.0,True,9,19,3,False,2,2PC_RETRY,12,0.8,6,1,80.0,1.0
,ABORT,ABORT,,,,,,False,False,False,False,False,,2,,0.0,True,5,18,3,False,2,2PC_RETRY,13,0.8,6,1,80.0,1.0
,,,,,,,,False,False,False,True,False,,2,,0.0,True,2,17,3,False,2,2PC_RETRY,14,0.8,6,3,80.0,1.0
,,ABORT,,,,,,False,False,False,False,False,,2,,0.0,True,3,18,3,False,2,2PC_RETRY,15,0.8,6,2,80.0,1.0
,ABORT,,,,,,,False,False,False,False,False,,2,,0.0,True,5,20,3,False,2,2PC_RETRY,16,0.8,6,2,80.0,1.0
,,ABORT,,,,,,False,False,False,False,False,,2,,0.0,True,3,19,3,False,2,2PC_RETRY,17,0.8,6,2,80.0,1.0
ABORT,ABORT,,,,,,,False,False,False,False,False,,2,,0.0,True,8,15,3,False,2,2PC_RETRY,18,0.8,6,1,80.0,1.0
ABORT,ABORT,ABORT,,,,,,True,False,True,True,True,ABORT,2,16.576528399619548,0.0,True,11,17,3,False,2,2PC_RETRY,19,0.8,5,0,80.0,1.0
,,ABORT,,,,,,False,False,False,False,False,,2,,0.0,True,6,20,3,False,2,2PC_RETRY,20,0.8,6,2,80.0,1.0
ABORT,ABORT,ABORT,,,,,,True,False,True,True,True,ABORT,2,16.729928894777586,0.0,True,8,16,3,False,2,2PC_RETRY,21,0.8,5,0,80.0,1.0
,ABORT,ABORT,,,,,,False,False,False,False,False,,2,,0.0,True,5,21,3,False,2,2PC_RETRY,22,0.8,6,1,80.0,1.0
ABORT,ABORT,ABORT,,,,,,False,False,False,False,False,,2,,0.0,True,7,18,3,False,2,2PC_RETRY,23,0.8,6,0,80.0,1.0
,,ABORT,,,,,,False,False,False,False,False,,2,,0.0,True,4,19,3,False,2,2PC_RETRY,24,0.8,6,2,80.0,1.0
ABORT,,ABORT,,,,,,False,False,False,False,False,,2,,0.0,True,11,22,3,False,2,2PC_RETRY,25,0.8,6,1,80.0,1.0
,,,,,,,,False,False,False,True,False,,2,,0.0,True,2,19,3,False,2,2PC_RETRY,26,0.8,6,3,80.0,1.0
,ABORT,,,,,,,False,False,False,False,False,,2,,0.0,True,4,17,3,False,2,2PC_RETRY,27,0.8,6,2,80.0,1.0
COMMIT,COMMIT,,,,,,,False,False,False,False,False,,2,,0.0,True,12,17,3,False,1,2PC_RETRY,28,0.8,4,1,80.0,1.0
COMMIT,,COMMIT,,,,,,False,False,False,False,False,,2,,0.0,True,10,20,3,False,2,2PC_RETRY,29,0.8,5,1,80.0,1.0
ABORT,ABORT,ABORT,,,,,,True,False,True,True,True,ABORT,1,14.02451178292089,0.1,True,13,19,3,False,2,2PC_RETRY,0,0.8,4,0,80.0,1.0
COMMIT,COMMIT,COMMIT,,,,,,True,False,True,True,True,COMMIT,2,10.04,0.1,True,13,17,3,False,1,2PC_RETRY,1,0.8,3,0,80.0,1.0
,COMMIT,COMMIT,,,,,,False,False,False,False,False,,2,,0.1,True,11,20,3,False,2,2PC_RETRY,2,0.8,5,1,80.0,1.0
ABORT,ABORT,ABORT,,,,,,False,False,False,False,False,,2,,0.1,True,11,22,3,False,2,2PC_RETRY,3,0.8,6,0,80.0,1.0
COMMIT,COMMIT,COMMIT,,,,,,True,False,True,True,True,COMMIT,0,5.991688283000069,0.1,True,13,14,3,False,1,2PC_RETRY,4,0.8,1,0,80.0,1.0
COMMIT,COMMIT,COMMIT,,,,,,False,False,False,False,False,,2,,0.1,True,13,20,3,False,1,2PC_RETRY,5,0.8,4,0,80.0,1.0
ABORT,ABORT,ABORT,,,,,,True,False,True,True,True,ABORT,2,16.582443763654865,0.1,True,12,19,3,False,2,2PC_RETRY,6,0.8,5,0,80.0,1.0
COMMIT,COMMIT,COMMIT,,,,,,True,False,True,True,True,COMMIT,0,4.906332858644001,0.1,True,12,12,3,False,0,2PC_RETRY,7,0.8,0,0,80.0,1.0
ABORT,ABORT,ABORT,,,,,,True,False,True,True,True,ABORT,2,16.020000000000003,0.1,True,12,18,3,False,2,2PC_RETRY,8,0.8,5,0,80.0,1.0
COMMIT,COMMIT,COMMIT,,,,,,True,False,True,True,True,COMMIT,2,10.04,0.1,True,14,18,3,False,1,2PC_RETRY,9,0.8,3,0,80.0,1.0
ABORT,ABORT,ABORT,,,,,,True,False,True,True,True,ABORT,2,16.020000000000003,0.1,True,12,17,3,False,2,2PC_RETRY,10,0.8,5,0,80.0,1.0
COMMIT,COMMIT,COMMIT,,,,,,True,False,True,True,True,COMMIT,1,7.904889073638863,0.1,True,14,16,3,False,1,2PC_RETRY,11,0.8,2,0,80.0,1.0
COMMIT,COMMIT,COMMIT,,,,,,False,False,False,False,False,,2,,0.1,True,12,15,3,False,0,2PC_RETRY,12,0.8,3,0,80.0,1.0
COMMIT,COMMIT,COMMIT,,,,,,True,False,True,True,True,COMMIT,0,8.386874561184676,0.1,True,13,15,3,False,1,2PC_RETRY,13,0.8,1,0,80.0,1.0
COMMIT,COMMIT,COMMIT,,,,,,True,False,True,True,True,COMMIT,1,10.04,0.1,True,14,17,3,False,2,2PC_RETRY,14,0.8,3,0,80.0,1.0
COMMIT,COMMIT,COMMIT,,,,,,False,False,False,False,False,,2,,0.1,True,11,17,3,False,2,2PC_RETRY,15,0.8,5,0,80.0,1.0
COMMIT,COMMIT,COMMIT,,,,,,True,False,True,True,True,COMMIT,1,6.604631384267754,0.1,True,12,14,3,False,0,2PC_RETRY,16,0.8,1,0,80.0,1.0
ABORT,ABORT,ABORT,,,,,,True,False,True,True,True,ABORT,0,12.983639070780235,0.1,True,13,18,3,False,2,2PC_RETRY,17,0.8,3,0,80.0,1.0
,COMMIT,COMMIT,,,,,,False,False,False,False,False,,2,,0.1,True,11,16,3,False,1,2PC_RETRY,18,0.8,4,1,80.0,1.0
COMMIT,COMMIT,COMMIT,,,,,,True,False,True,True,True,COMMIT,1,5.676987018221963,0.1,True,12,13,3,False,0,2PC_RETRY,19,0.8,1,0,80.0,1.0
COMMIT,COMMIT,COMMIT,,,,,,True,False,True,True,True,COMMIT,1,11.328014601881533,0.1,True,14,19,3,False,2,2PC_RETRY,20,0.8,3,0,80.0,1.0
ABORT,ABORT,ABORT,,,,,,True,False,True,True,True,ABORT,1,13.02,0.1,True,12,17,3,False,2,2PC_RETRY,21,0.8,4,0,80.0,1.0
ABORT,ABORT,ABORT,,,,,,True,False,True,True,True,ABORT,2,16.020000000000003,0.1,True,8,18,3,False,2,2PC_RETRY,22,0.8,5,0,80.0,1.0
COMMIT,COMMIT,COMMIT,,,,,,True,False,True,True,True,COMMIT,2,8.812090702834546,0.1,True,12,15,3,False,0,2PC_RETRY,23,0.8,2,0,80.0,1.0
ABORT,ABORT,,,,,,,False,False,False,False,False,,2,,0.1,True,6,19,3,False,2,2PC_RETRY,24,0.8,6,1,80.0,1.0
COMMIT,COMMIT,COMMIT,,,,,,True,False,True,True,True,COMMIT,2,9.198740985931611,0.1,True,12,14,3,False,0,2PC_RETRY,25,0.8,2,0,80.0,1.0
COMMIT,COMMIT,COMMIT,,,,,,True,False,True,True,True,COMMIT,1,12.924500633307755,0.1,True,12,18,3,False,2,2PC_RETRY,26,0.8,3,0,80.0,1.0
ABORT,ABORT,ABORT,,,,,,True,False,True,True,True,ABORT,1,13.02,0.1,True,13,17,3,False,2,2PC_RETRY,27,0.8,4,0,80.0,1.0
COMMIT,COMMIT,COMMIT,,,,,,True,False,True,True,True,COMMIT,2,10.04,0.1,True,13,16,3,False,1,2PC_RETRY,28,0.8,3,0,80.0,1.0
COMMIT,COMMIT,COMMIT,,,,,,True,False,True,True,True,COMMIT,1,6.2477545414559135,0.1,True,13,14,3,False,0,2PC_RETRY,29,0.8,1,0,80.0,1.0
,ABORT,ABORT,,,,,,False,False,False,False,False,,2,,0.2,True,11,23,3,False,2,2PC_RETRY,0,0.8,6,1,80.0,1.0
ABORT,ABORT,ABORT,,,,,,True,False,True,True,True,ABORT,2,16.53137704600006,0.2,True,13,21,3,False,2,2PC_RETRY,1,0.8,5,0,80.0,1.0
,COMMIT,COMMIT,,,,,,False,False,False,False,False,,2,,0.2,True,11,20,3,False,2,2PC_RETRY,2,0.8,5,1,80.0,1.0
ABORT,ABORT,ABORT,,,,,,False,False,False,False,False,,2,,0.2,True,11,22,3,False,2,2PC_RETRY,3,0.8,6,0,80.0,1.0
ABORT,ABORT,ABORT,,,,,,True,False,True,True,True,ABORT,1,13.02,0.2,True,13,19,3,False,2,2PC_RETRY,4,0.8,4,0,80.0,1.0
ABORT,ABORT,ABORT,,,,,,False,False,False,False,False,,2,,0.2,True,10,18,3,False,2,2PC_RETRY,5,0.8,6,0,80.0,1.0
ABORT,ABORT,ABORT,,,,,,False,False,False,False,False,,2,,0.2,True,13,25,3,False,2,2PC_RETRY,6,0.8,6,0,80.0,1.0
,COMMIT,,,,,,,False,False,False,False,False,,2,,0.2,True,8,19,3,False,2,2PC_RETRY,7,0.8,5,2,80.0,1.0
ABORT,ABORT,ABORT,,,,,,False,False,False,False,False,,2,,0.2,True,11,22,3,False,2,2PC_RETRY,8,0.8,6,0,80.0,1.0
COMMIT,COMMIT,COMMIT,,,,,,False,False,False,False,False,,2,,0.2,True,13,21,3,False,2,2PC_RETRY,9,0.8,5,0,80.0,1.0
COMMIT,COMMIT,COMMIT,,,,,,True,False,True,True,True,COMMIT,2,12.418160821343378,0.2,True,13,17,3,False,1,2PC_RETRY,10,0.8,3,0,80.0,1.0
COMMIT,COMMIT,COMMIT,,,,,,True,False,True,True,True,COMMIT,2,10.904889073638863,0.2,True,14,18,3,False,1,2PC_RETRY,11,0.8,3,0,80.0,1.0
COMMIT,COMMIT,,,,,,,False,False,False,False,False,,2,,0.2,True,10,13,3,False,0,2PC_RETRY,12,0.8,3,1,80.0,1.0
COMMIT,COMMIT,COMMIT,,,,,,True,False,True,True,True,COMMIT,1,10.04,0.2,True,13,17,3,False,2,2PC_RETRY,13,0.8,3,0,80.0,1.0
ABORT,ABORT,ABORT,,,,,,True,False,True,True,True,ABORT,1,14.65094812021827,0.2,True,13,18,3,False,2,2PC_RETRY,14,0.8,4,0,80.0,1.0
,ABORT,ABORT,,,,,,False,False,False,False,False,,2,,0.2,True,9,21,3,False,2,2PC_RETRY,15,0.8,6,1,80.0,1.0
COMMIT,COMMIT,COMMIT,,,,,,False,False,False,False,False,,2,,0.2,True,11,19,3,False,1,2PC_RETRY,16,0.8,4,0,80.0,1.0
ABORT,ABORT,,,,,,,False,False,False,False,False,,2,,0.2,True,10,19,3,False,2,2PC_RETRY,17,0.8,6,1,80.0,1.0
ABORT,ABORT,ABORT,,,,,,False,False,False,False,False,,2,,0.2,True,10,17,3,False,2,2PC_RETRY,18,0.8,6,0,80.0,1.0
ABORT,ABORT,ABORT,,,,,,False,False,False,False,False,,2,,0.2,True,10,16,3,False,2,2PC_RETRY,19,0.8,6,0,80.0,1.0
COMMIT,,COMMIT,,,,,,False,False,False,False,False,,2,,0.2,True,14,22,3,False,2,2PC_RETRY,20,0.8,5,1,80.0,1.0
ABORT,ABORT,ABORT,,,,,,True,False,True,True,True,ABORT,1,13.02,0.2,True,12,17,3,False,2,2PC_RETRY,21,0.8,4,0,80.0,1.0
ABORT,ABORT,ABORT,,,,,,True,False,True,True,True,ABORT,2,16.020000000000003,0.2,True,8,18,3,False,2,2PC_RETRY,22,0.8,5,0,80.0,1.0
COMMIT,,COMMIT,,,,,,False,False,False,False,False,,2,,0.2,True,10,14,3,False,0,2PC_RETRY,23,0.8,3,1,80.0,1.0
ABORT,ABORT,,,,,,,False,False,False,False,False,,2,,0.2,True,6,21,3,False,2,2PC_RETRY,24,0.8,6,1,80.0,1.0
ABORT,ABORT,ABORT,,,,,,True,False,True,True,True,ABORT,1,14.796595276861092,0.2,True,12,17,3,False,2,2PC_RETRY,25,0.8,4,0,80.0,1.0
COMMIT,COMMIT,COMMIT,,,,,,True,False,True,True,True,COMMIT,1,12.924500633307755,0.2,True,12,18,3,False,2,2PC_RETRY,26,0.8,3,0,80.0,1.0
ABORT,ABORT,ABORT,,,,,,False,False,False,False,False,,2,,0.2,True,10,18,3,False,2,2PC_RETRY,27,0.8,6,0,80.0,1.0
COMMIT,COMMIT,COMMIT,,,,,,True,False,True,True,True,COMMIT,2,10.04,0.2,True,13,16,3,False,1,2PC_RETRY,28,0.8,3,0,80.0,1.0
ABORT,ABORT,ABORT,,,,,,True,False,True,True,True,ABORT,1,13.154679568518633,0.2,True,13,17,3,False,2,2PC_RETRY,29,0.8,4,0,80.0,1.0
ABORT,ABORT,,,,,,,False,False,False,False,False,,2,,0.3,True,7,20,3,False,2,2PC_RETRY,0,0.8,6,1,80.0,1.0
ABORT,ABORT,ABORT,,,,,,True,False,True,True,True,ABORT,2,16.395584652017828,0.3,True,11,19,3,False,2,2PC_RETRY,1,0.8,5,0,80.0,1.0
ABORT,,ABORT,,,,,,False,False,False,False,False,,2,,0.3,True,8,24,3,False,2,2PC_RETRY,2,0.8,6,1,80.0,1.0
ABORT,ABORT,ABORT,,,,,,True,False,True,True,True,ABORT,2,16.725352288377824,0.3,True,10,22,3,False,2,2PC_RETRY,3,0.8,5,0,80.0,1.0
ABORT,ABORT,ABORT,,,,,,True,False,True,True,True,ABORT,2,16.020000000000003,0.3,True,14,24,3,False,2,2PC_RETRY,4,0.8,5,0,80.0,1.0
ABORT,ABORT,ABORT,,,,,,False,False,False,False,False,,2,,0.3,True,8,18,3,False,2,2PC_RETRY,5,0.8,6,0,80.0,1.0
ABORT,ABORT,ABORT,,,,,,False,False,False,False,False,,2,,0.3,True,9,23,3,False,2,2PC_RETRY,6,0.8,6,0,80.0,1.0
,COMMIT,,,,,,,False,False,False,False,False,,2,,0.3,True,8,19,3,False,2,2PC_RETRY,7,0.8,5,2,80.0,1.0
ABORT,ABORT,ABORT,,,,,,False,False,False,False,False,,2,,0.3,True,8,21,3,False,2,2PC_RETRY,8,0.8,6,0,80.0,1.0
ABORT,ABORT,ABORT,,,,,,False,False,False,False,False,,2,,0.3,True,12,22,3,False,2,2PC_RETRY,9,0.8,6,0,80.0,1.0
ABORT,ABORT,ABORT,,,,,,True,False,True,True,True,ABORT,2,16.849195051862086,0.3,True,11,20,3,False,2,2PC_RETRY,10,0.8,5,0,80.0,1.0
COMMIT,COMMIT,COMMIT,,,,,,True,False,True,True,True,COMMIT,2,10.904889073638863,0.3,True,14,18,3,False,1,2PC_RETRY,11,0.8,3,0,80.0,1.0
COMMIT,COMMIT,COMMIT,,,,,,False,False,False,False,False,,2,,0.3,True,12,17,3,False,0,2PC_RETRY,12,0.8,3,0,80.0,1.0
ABORT,ABORT,ABORT,,,,,,False,False,False,False,False,,2,,0.3,True,9,16,3,False,2,2PC_RETRY,13,0.8,6,0,80.0,1.0
ABORT,ABORT,ABORT,,,,,,True,False,True,True,True,ABORT,1,14.65094812021827,0.3,True,13,18,3,False,2,2PC_RETRY,14,0.8,4,0,80.0,1.0
ABORT,,ABORT,,,,,,False,False,False,False,False,,2,,0.3,True,9,21,3,False,2,2PC_RETRY,15,0.8,6,1,80.0,1.0
ABORT,ABORT,ABORT,,,,,,True,False,True,True,True,ABORT,2,16.55973035384152,0.3,True,10,21,3,False,2,2PC_RETRY,16,0.8,5,0,80.0,1.0
ABORT,ABORT,ABORT,,,,,,False,False,False,False,False,,2,,0.3,True,11,22,3,False,2,2PC_RETRY,17,0.8,6,0,80.0,1.0
ABORT,ABORT,ABORT,,,,,,False,False,False,False,False,,2,,0.3,True,10,17,3,False,2,2PC_RETRY,18,0.8,6,0,80.0,1.0
ABORT,,ABORT,,,,,,False,False,False,False,False,,2,,0.3,True,10,17,3,False,2,2PC_RETRY,19,0.8,6,1,80.0,1.0
ABORT,ABORT,ABORT,,,,,,False,False,False,False,False,,2,,0.3,True,13,25,3,False,2,2PC_RETRY,20,0.8,6,0,80.0,1.0
ABORT,ABORT,ABORT,,,,,,True,False,True,True,True,ABORT,2,16.930112351673955,0.3,True,12,20,3,False,2,2PC_RETRY,21,0.8,5,0,80.0,1.0
ABORT,,ABORT,,,,,,False,False,False,False,False,,2,,0.3,True,6,17,3,False,2,2PC_RETRY,22,0.8,6,1,80.0,1.0
COMMIT,,COMMIT,,,,,,False,False,False,False,False,,2,,0.3,True,10,14,3,False,0,2PC_RETRY,23,0.8,3,1,80.0,1.0
,ABORT,ABORT,,,,,,False,False,False,False,False,,2,,0.3,True,6,19,3,False,2,2PC_RETRY,24,0.8,6,1,80.0,1.0
ABORT,ABORT,ABORT,,,,,,True,False,True,True,True,ABORT,1,14.796595276861092,0.3,True,12,17,3,False,2,2PC_RETRY,25,0.8,4,0,80.0,1.0
,ABORT,,,,,,,False,False,False,False,False,,2,,0.3,True,5,20,3,False,2,2PC_RETRY,26,0.8,6,2,80.0,1.0
ABORT,ABORT,ABORT,,,,,,True,False,True,True,True,ABORT,2,16.020000000000003,0.3,True,9,20,3,False,2,2PC_RETRY,27,0.8,5,0,80.0,1.0
,COMMIT,COMMIT,,,,,,False,False,False,False,False,,2,,0.3,True,11,15,3,False,1,2PC_RETRY,28,0.8,4,1,80.0,1.0
ABORT,ABORT,ABORT,,,,,,True,False,True,True,True,ABORT,1,14.491185596409338,0.3,True,14,19,3,False,2,2PC_RETRY,29,0.8,4,0,80.0,1.0
ABORT,,ABORT,,,,,,False,False,False,False,False,,2,,0.4,True,6,21,3,False,2,2PC_RETRY,0,0.8,6,1,80.0,1.0
ABORT,ABORT,ABORT,,,,,,True,False,True,True,True,ABORT,2,16.395584652017828,0.4,True,11,19,3,False,2,2PC_RETRY,1,0.8,5,0,80.0,1.0
ABORT,ABORT,ABORT,,,,,,False,False,False,False,False,,2,,0.4,True,8,25,3,False,2,2PC_RETRY,2,0.8,6,0,80.0,1.0
ABORT,,ABORT,,,,,,False,False,False,False,False,,2,,0.4,True,8,21,3,False,2,2PC_RETRY,3,0.8,6,1,80.0,1.0
ABORT,ABORT,ABORT,,,,,,True,False,True,True,True,ABORT,2,16.674623378266695,0.4,True,12,22,3,False,2,2PC_RETRY,4,0.8,5,0,80.0,1.0
ABORT,ABORT,ABORT,,,,,,False,False,False,False,False,,2,,0.4,True,8,18,3,False,2,2PC_RETRY,5,0.8,6,0,80.0,1.0
ABORT,ABORT,ABORT,,,,,,False,False,False,False,False,,2,,0.4,True,8,23,3,False,2,2PC_RETRY,6,0.8,6,0,80.0,1.0
ABORT,ABORT,,,,,,,False,False,False,False,False,,2,,0.4,True,10,17,3,False,2,2PC_RETRY,7,0.8,6,1,80.0,1.0
,ABORT,ABORT,,,,,,False,False,False,False,False,,2,,0.4,True,9,19,3,False,2,2PC_RETRY,8,0.8,6,1,80.0,1.0
ABORT,ABORT,ABORT,,,,,,False,False,False,False,False,,2,,0.4,True,12,24,3,False,2,2PC_RETRY,9,0.8,6,0,80.0,1.0
ABORT,ABORT,ABORT,,,,,,False,False,False,False,False,,2,,0.4,True,10,21,3,False,2,2PC_RETRY,10,0.8,6,0,80.0,1.0
ABORT,ABORT,ABORT,,,,,,False,False,False,False,False,,2,,0.4,True,11,21,3,False,2,2PC_RETRY,11,0.8,6,0,80.0,1.0
ABORT,ABORT,ABORT,,,,,,False,False,False,False,False,,2,,0.4,True,11,20,3,False,2,2PC_RETRY,12,0.8,6,0,80.0,1.0
ABORT,ABORT,ABORT,,,,,,True,False,True,True,True,ABORT,1,13.02,0.4,True,12,18,3,False,2,2PC_RETRY,13,0.8,4,0,80.0,1.0
ABORT,ABORT,ABORT,,,,,,False,False,False,False,False,,2,,0.4,True,11,18,3,False,2,2PC_RETRY,14,0.8,6,0,80.0,1.0
ABORT,ABORT,ABORT,,,,,,False,False,False,False,False,,2,,0.4,True,9,20,3,False,2,2PC_RETRY,15,0.8,6,0,80.0,1.0
ABORT,ABORT,ABORT,,,,,,False,False,False,False,False,,2,,0.4,True,9,21,3,False,2,2PC_RETRY,16,0.8,6,0,80.0,1.0
ABORT,,,,,,,,False,False,False,False,False,,2,,0.4,True,8,20,3,False,2,2PC_RETRY,17,0.8,6,2,80.0,1.0
ABORT,ABORT,,,,,,,False,False,False,False,False,,2,,0.4,True,8,18,3,False,2,2PC_RETRY,18,0.8,6,1,80.0,1.0
ABORT,,ABORT,,,,,,False,False,False,False,False,,2,,0.4,True,10,17,3,False,2,2PC_RETRY,19,0.8,6,1,80.0,1.0
ABORT,ABORT,ABORT,,,,,,False,False,False,False,False,,2,,0.4,True,13,25,3,False,2,2PC_RETRY,20,0.8,6,0,80.0,1.0
ABORT,ABORT,ABORT,,,,,,True,False,True,True,True,ABORT,2,16.930112351673955,0.4,True,12,20,3,False,2,2PC_RETRY,21,0.8,5,0,80.0,1.0
ABORT,ABORT,ABORT,,,,,,False,False,False,False,False,,2,,0.4,True,8,22,3,False,2,2PC_RETRY,22,0.8,6,0,80.0,1.0
COMMIT,,COMMIT,,,,,,False,False,False,False,False,,2,,0.4,True,10,14,3,False,0,2PC_RETRY,23,0.8,3,1,80.0,1.0
,ABORT,ABORT,,,,,,False,False,False,False,False,,2,,0.4,True,6,19,3,False,2,2PC_RETRY,24,0.8,6,1,80.0,1.0
ABORT,ABORT,ABORT,,,,,,True,False,True,True,True,ABORT,2,17.91075109951271,0.4,True,14,25,3,False,2,2PC_RETRY,25,0.8,5,0,80.0,1.0
,ABORT,ABORT,,,,,,False,False,False,False,False,,2,,0.4,True,7,24,3,False,2,2PC_RETRY,26,0.8,6,1,80.0,1.0
ABORT,ABORT,ABORT,,,,,,True,False,True,True,True,ABORT,2,16.020000000000003,0.4,True,9,20,3,False,2,2PC_RETRY,27,0.8,5,0,80.0,1.0
,COMMIT,COMMIT,,,,,,False,False,False,False,False,,2,,0.4,True,11,15,3,False,1,2PC_RETRY,28,0.8,4,1,80.0,1.0
ABORT,,ABORT,,,,,,False,False,False,False,False,,2,,0.4,True,10,20,3,False,2,2PC_RETRY,29,0.8,6,1,80.0,1.0
ABORT,,,,,,,,False,False,False,False,False,,2,,0.0,True,5,32,5,False,2,2PC_RETRY,0,0.8,6,4,80.0,1.0
,,,ABORT,,,,,False,False,False,False,False,,2,,0.0,True,9,33,5,False,2,2PC_RETRY,1,0.8,6,4,80.0,1.0
ABORT,ABORT,ABORT,ABORT,,,,,False,False,False,False,False,,2,,0.0,True,14,36,5,False,2,2PC_RETRY,2,0.8,6,1,80.0,1.0
,,,,,,,,False,False,False,True,False,,2,,0.0,True,9,31,5,False,2,2PC_RETRY,3,0.8,6,5,80.0,1.0
,,,,ABORT,,,,False,False,False,False,False,,2,,0.0,True,10,36,5,False,2,2PC_RETRY,4,0.8,6,4,80.0,1.0
ABORT,ABORT,ABORT,ABORT,ABORT,,,,False,False,False,False,False,,2,,0.0,True,13,36,5,False,2,2PC_RETRY,5,0.8,6,0,80.0,1.0
,,ABORT,,,,,,False,False,False,False,False,,2,,0.0,True,9,32,5,False,2,2PC_RETRY,6,0.8,6,4,80.0,1.0
ABORT,,,ABORT,ABORT,,,,False,False,False,False,False,,2,,0.0,True,12,36,5,False,2,2PC_RETRY,7,0.8,6,2,80.0,1.0
,ABORT,ABORT,ABORT,,,,,False,False,False,False,False,,2,,0.0,True,12,30,5,False,2,2PC_RETRY,8,0.8,6,2,80.0,1.0
ABORT,ABORT,,ABORT,,,,,False,False,False,False,False,,2,,0.0,True,10,35,5,False,2,2PC_RETRY,9,0.8,6,2,80.0,1.0
ABORT,,ABORT,,,,,,False,False,False,False,False,,2,,0.0,True,12,37,5,False,2,2PC_RETRY,10,0.8,6,3,80.0,1.0
ABORT,ABORT,ABORT,ABORT,,,,,False,False,False,False,False,,2,,0.0,True,18,36,5,False,2,2PC_RETRY,11,0.8,6,1,80.0,1.0
,,ABORT,,ABORT,,,,False,False,False,False,False,,2,,0.0,True,13,33,5,False,2,2PC_RETRY,12,0.8,6,3,80.0,1.0
ABORT,ABORT,ABORT,,,,,,False,False,False,False,False,,2,,0.0,True,12,37,5,False,2,2PC_RETRY,13,0.8,6,2,80.0,1.0
,,ABORT,,ABORT,,,,False,False,False,False,False,,2,,0.0,True,10,34,5,False,2,2PC_RETRY,14,0.8,6,3,80.0,1.0
ABORT,,,ABORT,ABORT,,,,False,False,False,False,False,,2,,0.0,True,9,33,5,False,2,2PC_RETRY,15,0.8,6,2,80.0,1.0
,,,ABORT,ABORT,,,,False,False,False,False,False,,2,,0.0,True,10,28,5,False,2,2PC_RETRY,16,0.8,6,3,80.0,1.0
,ABORT,ABORT,ABORT,ABORT,,,,False,False,False,False,False,,2,,0.0,True,9,36,5,False,2,2PC_RETRY,17,0.8,6,1,80.0,1.0
ABORT,,,ABORT,,,,,False,False,False,False,False,,2,,0.0,True,14,33,5,False,2,2PC_RETRY,18,0.8,6,3,80.0,1.0
ABORT,ABORT,ABORT,ABORT,ABORT,,,,False,False,False,False,False,,2,,0.0,True,15,40,5,False,2,2PC_RETRY,19,0.8,6,0,80.0,1.0
,ABORT,,ABORT,,,,,False,False,False,False,False,,2,,0.0,True,8,33,5,False,2,2PC_RETRY,20,0.8,6,3,80.0,1.0
,,,,ABORT,,,,False,False,False,False,False,,2,,0.0,True,6,34,5,False,2,2PC_RETRY,21,0.8,6,4,80.0,1.0
,ABORT,ABORT,ABORT,ABORT,,,,False,False,False,False,False,,2,,0.0,True,10,34,5,False,2,2PC_RETRY,22,0.8,6,1,80.0,1.0
,,ABORT,ABORT,ABORT,,,,False,False,False,False,False,,2,,0.0,True,12,32,5,False,2,2PC_RETRY,23,0.8,6,2,80.0,1.0
ABORT,,ABORT,ABORT,,,,,False,False,False,False,False,,2,,0.0,True,12,37,5,False,2,2PC_RETRY,24,0.8,6,2,80.0,1.0
ABORT,ABORT,,ABORT,ABORT,,,,False,False,False,False,False,,2,,0.0,True,11,32,5,False,2,2PC_RETRY,25,0.8,6,1,80.0,1.0
,ABORT,ABORT,ABORT,,,,,False,False,False,False,False,,2,,0.0,True,10,33,5,False,2,2PC_RETRY,26,0.8,6,2,80.0,1.0
,ABORT,ABORT,,ABORT,,,,False,False,False,False,False,,2,,0.0,True,9,34,5,False,2,2PC_RETRY,27,0.8,6,2,80.0,1.0
ABORT,,ABORT,ABORT,ABORT,,,,False,False,False,False,False,,2,,0.0,True,11,34,5,False,2,2PC_RETRY,28,0.8,6,1,80.0,1.0
,,,,ABORT,,,,False,False,False,False,False,,2,,0.0,True,12,35,5,False,2,2PC_RETRY,29,0.8,6,4,80.0,1.0
COMMIT,COMMIT,COMMIT,COMMIT,COMMIT,,,,True,False,True,True,True,COMMIT,1,12.980984382739322,0.1,True,22,29,5,False,2,2PC_RETRY,0,0.8,3,0,80.0,1.0
COMMIT,COMMIT,COMMIT,COMMIT,COMMIT,,,,True,False,True,True,True,COMMIT,2,13.04,0.1,True,25,29,5,False,2,2PC_RETRY,1,0.8,4,0,80.0,1.0
ABORT,ABORT,ABORT,ABORT,ABORT,,,,False,False,False,False,False,,2,,0.1,True,21,29,5,False,2,2PC_RETRY,2,0.8,6,0,80.0,1.0
ABORT,ABORT,ABORT,ABORT,ABORT,,,,True,False,True,True,True,ABORT,2,17.22743509162,0.1,True,22,34,5,False,2,2PC_RETRY,3,0.8,5,0,80.0,1.0
,COMMIT,COMMIT,COMMIT,COMMIT,,,,False,False,False,False,False,,2,,0.1,True,21,32,5,False,2,2PC_RETRY,4,0.8,5,1,80.0,1.0
ABORT,ABORT,ABORT,ABORT,ABORT,,,,False,False,False,False,False,,2,,0.1,True,20,33,5,False,2,2PC_RETRY,5,0.8,6,0,80.0,1.0
ABORT,ABORT,ABORT,ABORT,ABORT,,,,False,False,False,False,False,,2,,0.1,True,24,34,5,False,2,2PC_RETRY,6,0.8,6,0,80.0,1.0
COMMIT,COMMIT,COMMIT,COMMIT,COMMIT,,,,True,False,True,True,True,COMMIT,1,12.956133267626111,0.1,True,28,32,5,False,2,2PC_RETRY,7,0.8,3,0,80.0,1.0
ABORT,ABORT,ABORT,,ABORT,,,,False,False,False,False,False,,2,,0.1,True,20,34,5,False,2,2PC_RETRY,8,0.8,6,1,80.0,1.0
ABORT,ABORT,ABORT,ABORT,ABORT,,,,False,False,False,False,False,,2,,0.1,True,18,30,5,False,2,2PC_RETRY,9,0.8,6,0,80.0,1.0
COMMIT,COMMIT,COMMIT,COMMIT,COMMIT,,,,True,False,True,True,True,COMMIT,2,16.308141893924507,0.1,True,22,30,5,False,2,2PC_RETRY,10,0.8,5,0,80.0,1.0
COMMIT,COMMIT,COMMIT,COMMIT,COMMIT,,,,False,False,False,False,False,,2,,0.1,True,23,32,5,False,2,2PC_RETRY,11,0.8,5,0,80.0,1.0
ABORT,ABORT,ABORT,ABORT,ABORT,,,,False,False,False,False,False,,2,,0.1,True,23,36,5,False,2,2PC_RETRY,12,0.8,6,0,80.0,1.0
COMMIT,COMMIT,COMMIT,COMMIT,COMMIT,,,,True,False,True,True,True,COMMIT,1,10.785014378744007,0.1,True,24,27,5,False,1,2PC_RETRY,13,0.8,2,0,80.0,1.0
ABORT,ABORT,ABORT,ABORT,ABORT,,,,True,False,True,True,True,ABORT,2,16.711055635394402,0.1,True,21,30,5,False,2,2PC_RETRY,14,0.8,5,0,80.0,1.0
COMMIT,COMMIT,COMMIT,,COMMIT,,,,False,False,False,False,False,,2,,0.1,True,22,34,5,False,2,2PC_RETRY,15,0.8,5,1,80.0,1.0
ABORT,ABORT,ABORT,ABORT,ABORT,,,,True,False,True,True,True,ABORT,1,13.02,0.1,True,22,28,5,False,2,2PC_RETRY,16,0.8,4,0,80.0,1.0
COMMIT,,COMMIT,COMMIT,COMMIT,,,,False,False,False,False,False,,2,,0.1,True,24,37,5,False,2,2PC_RETRY,17,0.8,5,1,80.0,1.0
COMMIT,COMMIT,COMMIT,COMMIT,COMMIT,,,,True,False,True,True,True,COMMIT,1,9.378482465577227,0.1,True,20,22,5,False,0,2PC_RETRY,18,0.8,1,0,80.0,1.0
COMMIT,COMMIT,COMMIT,COMMIT,COMMIT,,,,True,False,True,True,True,COMMIT,2,13.04,0.1,True,23,30,5,False,2,2PC_RETRY,19,0.8,4,0,80.0,1.0
COMMIT,COMMIT,COMMIT,COMMIT,COMMIT,,,,True,False,True,True,True,COMMIT,2,10.62797282660761,0.1,True,24,28,5,False,1,2PC_RETRY,20,0.8,3,0,80.0,1.0
COMMIT,COMMIT,COMMIT,COMMIT,COMMIT,,,,False,False,False,False,False,,2,,0.1,True,20,28,5,False,1,2PC_RETRY,21,0.8,4,0,80.0,1.0
ABORT,ABORT,ABORT,ABORT,ABORT,,,,True,False,True,True,True,ABORT,1,15.787943441261591,0.1,True,20,26,5,False,2,2PC_RETRY,22,0.8,4,0,80.0,1.0
COMMIT,COMMIT,COMMIT,COMMIT,COMMIT,,,,True,False,True,True,True,COMMIT,2,11.373583133450357,0.1,True,23,29,5,False,1,2PC_RETRY,23,0.8,3,0,80.0,1.0
ABORT,ABORT,ABORT,ABORT,ABORT,,,,False,False,False,False,False,,2,,0.1,True,18,33,5,False,2,2PC_RETRY,24,0.8,6,0,80.0,1.0
COMMIT,COMMIT,COMMIT,COMMIT,COMMIT,,,,False,False,False,False,False,,2,,0.1,True,21,25,5,False,0,2PC_RETRY,25,0.8,3,0,80.0,1.0
ABORT,ABORT,ABORT,ABORT,ABORT,,,,False,False,False,False,False,,2,,0.1,True,25,41,5,False,2,2PC_RETRY,26,0.8,6,0,80.0,1.0
COMMIT,COMMIT,COMMIT,COMMIT,COMMIT,,,,True,False,True,True,True,COMMIT,1,10.654041964297845,0.1,True,23,25,5,False,2,2PC_RETRY,27,0.8,3,0,80.0,1.0
ABORT,ABORT,ABORT,ABORT,ABORT,,,,True,False,True,True,True,ABORT,1,14.051013736497458,0.1,True,18,27,5,False,2,2PC_RETRY,28,0.8,4,0,80.0,1.0
ABORT,ABORT,ABORT,ABORT,ABORT,,,,True,False,True,True,True,ABORT,2,18.09448947436706,0.1,True,21,30,5,False,2,2PC_RETRY,29,0.8,5,0,80.0,1.0
ABORT,ABORT,ABORT,ABORT,ABORT,,,,True,False,True,True,True,ABORT,2,16.020000000000003,0.2,True,21,32,5,False,2,2PC_RETRY,0,0.8,5,0,80.0,1.0
ABORT,ABORT,ABORT,ABORT,ABORT,,,,True,False,True,True,True,ABORT,2,16.563619141179117,0.2,True,23,30,5,False,2,2PC_RETRY,1,0.8,5,0,80.0,1.0
ABORT,ABORT,ABORT,ABORT,ABORT,,,,True,False,True,True,True,ABORT,2,16.611785648047597,0.2,True,21,30,5,False,2,2PC_RETRY,2,0.8,5,0,80.0,1.0
ABORT,ABORT,ABORT,ABORT,ABORT,,,,True,False,True,True,True,ABORT,2,16.993295835341346,0.2,True,22,36,5,False,2,2PC_RETRY,3,0.8,5,0,80.0,1.0
,COMMIT,COMMIT,COMMIT,COMMIT,,,,False,False,False,False,False,,2,,0.2,True,21,32,5,False,2,2PC_RETRY,4,0.8,5,1,80.0,1.0
ABORT,ABORT,ABORT,ABORT,ABORT,,,,False,False,False,False,False,,2,,0.2,True,17,33,5,False,2,2PC_RETRY,5,0.8,6,0,80.0,1.0
ABORT,ABORT,ABORT,,ABORT,,,,False,False,False,False,False,,2,,0.2,True,16,29,5,False,2,2PC_RETRY,6,0.8,6,1,80.0,1.0
,COMMIT,COMMIT,COMMIT,COMMIT,,,,False,False,False,False,False,,2,,0.2,True,22,37,5,False,2,2PC_RETRY,7,0.8,5,1,80.0,1.0
ABORT,,ABORT,ABORT,ABORT,,,,False,False,False,False,False,,2,,0.2,True,17,33,5,False,2,2PC_RETRY,8,0.8,6,1,80.0,1.0
ABORT,ABORT,ABORT,ABORT,ABORT,,,,False,False,False,False,False,,2,,0.2,True,18,30,5,False,2,2PC_RETRY,9,0.8,6,0,80.0,1.0
ABORT,ABORT,ABORT,ABORT,ABORT,,,,False,False,False,False,False,,2,,0.2,True,18,30,5,False,2,2PC_RETRY,10,0.8,6,0,80.0,1.0
ABORT,,ABORT,ABORT,ABORT,,,,False,False,False,False,False,,2,,0.2,True,20,31,5,False,2,2PC_RETRY,11,0.8,6,1,80.0,1.0
ABORT,ABORT,ABORT,ABORT,ABORT,,,,True,False,True,True,True,ABORT,2,16.020000000000003,0.2,True,24,38,5,False,2,2PC_RETRY,12,0.8,5,0,80.0,1.0
ABORT,ABORT,ABORT,ABORT,ABORT,,,,True,False,True,True,True,ABORT,1,14.609727789740196,0.2,True,21,33,5,False,2,2PC_RETRY,13,0.8,4,0,80.0,1.0
ABORT,ABORT,ABORT,ABORT,ABORT,,,,False,False,False,False,False,,2,,0.2,True,21,34,5,False,2,2PC_RETRY,14,0.8,6,0,80.0,1.0
ABORT,ABORT,ABORT,ABORT,ABORT,,,,True,False,True,True,True,ABORT,1,14.92783452178995,0.2,True,21,30,5,False,2,2PC_RETRY,15,0.8,4,0,80.0,1.0
COMMIT,COMMIT,COMMIT,COMMIT,COMMIT,,,,False,False,False,False,False,,2,,0.2,True,27,33,5,False,2,2PC_RETRY,16,0.8,5,0,80.0,1.0
ABORT,ABORT,ABORT,ABORT,ABORT,,,,True,False,True,True,True,ABORT,2,16.020000000000003,0.2,True,17,30,5,False,2,2PC_RETRY,17,0.8,5,0,80.0,1.0
COMMIT,COMMIT,COMMIT,COMMIT,COMMIT,,,,True,False,True,True,True,COMMIT,1,10.61797631864394,0.2,True,21,25,5,False,1,2PC_RETRY,18,0.8,2,0,80.0,1.0
COMMIT,COMMIT,COMMIT,COMMIT,COMMIT,,,,True,False,True,True,True,COMMIT,1,11.275096773471148,0.2,True,25,31,5,False,2,2PC_RETRY,19,0.8,3,0,80.0,1.0
COMMIT,COMMIT,COMMIT,COMMIT,COMMIT,,,,True,False,True,True,True,COMMIT,2,10.62797282660761,0.2,True,24,28,5,False,1,2PC_RETRY,20,0.8,3,0,80.0,1.0
ABORT,,ABORT,ABORT,ABORT,,,,False,False,False,False,False,,2,,0.2,True,20,36,5,False,2,2PC_RETRY,21,0.8,6,1,80.0,1.0
ABORT,ABORT,ABORT,ABORT,ABORT,,,,False,False,False,False,False,,2,,0.2,True,19,30,5,False,2,2PC_RETRY,22,0.8,6,0,80.0,1.0
ABORT,ABORT,ABORT,ABORT,ABORT,,,,False,False,False,False,False,,2,,0.2,True,19,30,5,False,2,2PC_RETRY,23,0.8,6,0,80.0,1.0
ABORT,ABORT,,ABORT,ABORT,,,,False,False,False,False,False,,2,,0.2,True,14,34,5,False,2,2PC_RETRY,24,0.8,6,1,80.0,1.0
COMMIT,COMMIT,COMMIT,COMMIT,COMMIT,,,,False,False,False,False,False,,2,,0.2,True,19,27,5,False,2,2PC_RETRY,25,0.8,5,0,80.0,1.0
ABORT,ABORT,ABORT,ABORT,,,,,False,False,False,False,False,,2,,0.2,True,19,40,5,False,2,2PC_RETRY,26,0.8,6,1,80.0,1.0
ABORT,ABORT,ABORT,ABORT,ABORT,,,,False,False,False,False,False,,2,,0.2,True,18,34,5,False,2,2PC_RETRY,27,0.8,6,0,80.0,1.0
ABORT,ABORT,ABORT,,ABORT,,,,False,False,False,False,False,,2,,0.2,True,20,34,5,False,2,2PC_RETRY,28,0.8,6,1,80.0,1.0
ABORT,ABORT,ABORT,ABORT,ABORT,,,,True,False,True,True,True,ABORT,2,18.09448947436706,0.2,True,21,30,5,False,2,2PC_RETRY,29,0.8,5,0,80.0,1.0
ABORT,ABORT,ABORT,ABORT,ABORT,,,,False,False,False,False,False,,2,,0.3,True,19,34,5,False,2,2PC_RETRY,0,0.8,6,0,80.0,1.0
ABORT,ABORT,ABORT,ABORT,ABORT,,,,False,False,False,False,False,,2,,0.3,True,21,29,5,False,2,2PC_RETRY,1,0.8,6,0,80.0,1.0
ABORT,,ABORT,ABORT,ABORT,,,,False,False,False,False,False,,2,,0.3,True,17,30,5,False,2,2PC_RETRY,2,0.8,6,1,80.0,1.0
,ABORT,ABORT,ABORT,ABORT,,,,False,False,False,False,False,,2,,0.3,True,19,36,5,False,2,2PC_RETRY,3,0.8,6,1,80.0,1.0
ABORT,ABORT,ABORT,ABORT,ABORT,,,,False,False,False,False,False,,2,,0.3,True,17,29,5,False,2,2PC_RETRY,4,0.8,6,0,80.0,1.0
ABORT,ABORT,ABORT,ABORT,,,,,False,False,False,False,False,,2,,0.3,True,13,32,5,False,2,2PC_RETRY,5,0.8,6,1,80.0,1.0
ABORT,,ABORT,ABORT,ABORT,,,,False,False,False,False,False,,2,,0.3,True,17,32,5,False,2,2PC_RETRY,6,0.8,6,1,80.0,1.0
ABORT,ABORT,ABORT,,,,,,False,False,False,False,False,,2,,0.3,True,17,35,5,False,2,2PC_RETRY,7,0.8,6,2,80.0,1.0
,ABORT,ABORT,ABORT,ABORT,,,,False,False,False,False,False,,2,,0.3,True,17,31,5,False,2,2PC_RETRY,8,0.8,6,1,80.0,1.0
ABORT,ABORT,ABORT,,ABORT,,,,False,False,False,False,False,,2,,0.3,True,14,37,5,False,2,2PC_RETRY,9,0.8,6,1,80.0,1.0
ABORT,ABORT,ABORT,ABORT,ABORT,,,,False,False,False,False,False,,2,,0.3,True,18,30,5,False,2,2PC_RETRY,10,0.8,6,0,80.0,1.0
,ABORT,ABORT,ABORT,ABORT,,,,False,False,False,False,False,,2,,0.3,True,16,37,5,False,2,2PC_RETRY,11,0.8,6,1,80.0,1.0
ABORT,ABORT,ABORT,ABORT,ABORT,,,,True,False,True,True,True,ABORT,1,15.934468647702762,0.3,True,19,32,5,False,2,2PC_RETRY,12,0.8,4,0,80.0,1.0
ABORT,ABORT,ABORT,ABORT,ABORT,,,,True,False,True,True,True,ABORT,1,15.79059492493556,0.3,True,19,32,5,False,2,2PC_RETRY,13,0.8,4,0,80.0,1.0
ABORT,ABORT,ABORT,ABORT,ABORT,,,,False,False,False,False,False,,2,,0.3,True,20,43,5,False,2,2PC_RETRY,14,0.8,6,0,80.0,1.0
ABORT,ABORT,ABORT,,ABORT,,,,False,False,False,False,False,,2,,0.3,True,19,30,5,False,2,2PC_RETRY,15,0.8,6,1,80.0,1.0
ABORT,,ABORT,,,,,,False,False,False,False,False,,2,,0.3,True,15,32,5,False,2,2PC_RETRY,16,0.8,6,3,80.0,1.0
ABORT,ABORT,ABORT,ABORT,ABORT,,,,True,False,True,True,True,ABORT,2,16.020000000000003,0.3,True,17,30,5,False,2,2PC_RETRY,17,0.8,5,0,80.0,1.0
ABORT,ABORT,ABORT,ABORT,ABORT,,,,False,False,False,False,False,,2,,0.3,True,21,38,5,False,2,2PC_RETRY,18,0.8,6,0,80.0,1.0
COMMIT,COMMIT,COMMIT,COMMIT,COMMIT,,,,False,False,False,False,False,,2,,0.3,True,21,32,5,False,2,2PC_RETRY,19,0.8,5,0,80.0,1.0
COMMIT,COMMIT,COMMIT,COMMIT,COMMIT,,,,False,False,False,False,False,,2,,0.3,True,22,30,5,False,1,2PC_RETRY,20,0.8,4,0,80.0,1.0
ABORT,,ABORT,ABORT,ABORT,,,,False,False,False,False,False,,2,,0.3,True,20,36,5,False,2,2PC_RETRY,21,0.8,6,1,80.0,1.0
ABORT,ABORT,ABORT,ABORT,ABORT,,,,False,False,False,False,False,,2,,0.3,True,18,32,5,False,2,2PC_RETRY,22,0.8,6,0,80.0,1.0
ABORT,ABORT,ABORT,,,,,,False,False,False,False,False,,2,,0.3,True,16,28,5,False,2,2PC_RETRY,23,0.8,6,2,80.0,1.0
ABORT,ABORT,,ABORT,ABORT,,,,False,False,False,False,False,,2,,0.3,True,14,34,5,False,2,2PC_RETRY,24,0.8,6,1,80.0,1.0
COMMIT,COMMIT,COMMIT,COMMIT,COMMIT,,,,False,False,False,False,False,,2,,0.3,True,19,27,5,False,2,2PC_RETRY,25,0.8,5,0,80.0,1.0
,ABORT,ABORT,ABORT,ABORT,,,,False,False,False,False,False,,2,,0.3,True,12,36,5,False,2,2PC_RETRY,26,0.8,6,1,80.0,1.0
ABORT,,ABORT,ABORT,ABORT,,,,False,False,False,False,False,,2,,0.3,True,13,37,5,False,2,2PC_RETRY,27,0.8,6,1,80.0,1.0
COMMIT,COMMIT,,COMMIT,COMMIT,,,,False,False,False,False,False,,2,,0.3,True,21,33,5,False,2,2PC_RETRY,28,0.8,5,1,80.0,1.0
ABORT,ABORT,ABORT,ABORT,,,,,False,False,False,False,False,,2,,0.3,True,14,29,5,False,2,2PC_RETRY,29,0.8,6,1,80.0,1.0
ABORT,ABORT,,ABORT,,,,,False,False,False,False,False,,2,,0.4,True,11,30,5,False,2,2PC_RETRY,0,0.8,6,2,80.0,1.0
ABORT,ABORT,ABORT,ABORT,ABORT,,,,False,False,False,False,False,,2,,0.4,True,22,36,5,False,2,2PC_RETRY,1,0.8,6,0,80.0,1.0
ABORT,ABORT,ABORT,,ABORT,,,,False,False,False,False,False,,2,,0.4,True,15,33,5,False,2,2PC_RETRY,2,0.8,6,1,80.0,1.0
ABORT,ABORT,ABORT,ABORT,ABORT,,,,False,False,False,False,False,,2,,0.4,True,17,40,5,False,2,2PC_RETRY,3,0.8,6,0,80.0,1.0
ABORT,ABORT,ABORT,ABORT,ABORT,,,,False,False,False,False,False,,2,,0.4,True,17,32,5,False,2,2PC_RETRY,4,0.8,6,0,80.0,1.0
ABORT,ABORT,ABORT,,ABORT,,,,False,False,False,False,False,,2,,0.4,True,15,36,5,False,2,2PC_RETRY,5,0.8,6,1,80.0,1.0
ABORT,ABORT,,ABORT,ABORT,,,,False,False,False,False,False,,2,,0.4,True,17,38,5,False,2,2PC_RETRY,6,0.8,6,1,80.0,1.0
ABORT,ABORT,ABORT,ABORT,ABORT,,,,False,False,False,False,False,,2,,0.4,True,17,34,5,False,2,2PC_RETRY,7,0.8,6,0,80.0,1.0
ABORT,ABORT,ABORT,,ABORT,,,,False,False,False,False,False,,2,,0.4,True,13,33,5,False,2,2PC_RETRY,8,0.8,6,1,80.0,1.0
ABORT,,ABORT,,ABORT,,,,False,False,False,False,False,,2,,0.4,True,13,36,5,False,2,2PC_RETRY,9,0.8,6,2,80.0,1.0
ABORT,ABORT,ABORT,ABORT,,,,,False,False,False,False,False,,2,,0.4,True,20,38,5,False,2,2PC_RETRY,10,0.8,6,1,80.0,1.0
,ABORT,ABORT,ABORT,ABORT,,,,False,False,False,False,False,,2,,0.4,True,15,35,5,False,2,2PC_RETRY,11,0.8,6,1,80.0,1.0
ABORT,ABORT,ABORT,ABORT,ABORT,,,,False,False,False,False,False,,2,,0.4,True,20,39,5,False,2,2PC_RETRY,12,0.8,6,0,80.0,1.0
ABORT,ABORT,ABORT,ABORT,ABORT,,,,False,False,False,False,False,,2,,0.4,True,13,30,5,False,2,2PC_RETRY,13,0.8,6,0,80.0,1.0
ABORT,ABORT,ABORT,ABORT,ABORT,,,,False,False,False,False,False,,2,,0.4,True,20,43,5,False,2,2PC_RETRY,14,0.8,6,0,80.0,1.0
ABORT,ABORT,ABORT,,ABORT,,,,False,False,False,False,False,,2,,0.4,True,19,30,5,False,2,2PC_RETRY,15,0.8,6,1,80.0,1.0
ABORT,ABORT,ABORT,ABORT,ABORT,,,,True,False,True,True,True,ABORT,2,17.062154898211467,0.4,True,20,33,5,False,2,2PC_RETRY,16,0.8,5,0,80.0,1.0
ABORT,ABORT,,ABORT,ABORT,,,,False,False,False,False,False,,2,,0.4,True,17,40,5,False,2,2PC_RETRY,17,0.8,6,1,80.0,1.0
,ABORT,,ABORT,,,,,False,False,False,False,False,,2,,0.4,True,12,34,5,False,2,2PC_RETRY,18,0.8,6,3,80.0,1.0
ABORT,ABORT,,ABORT,ABORT,,,,False,False,False,False,False,,2,,0.4,True,16,33,5,False,2,2PC_RETRY,19,0.8,6,1,80.0,1.0
ABORT,ABORT,ABORT,ABORT,ABORT,,,,False,False,False,False,False,,2,,0.4,True,16,28,5,False,2,2PC_RETRY,20,0.8,6,0,80.0,1.0
,ABORT,,ABORT,ABORT,,,,False,False,False,False,False,,2,,0.4,True,16,36,5,False,2,2PC_RETRY,21,0.8,6,2,80.0,1.0
ABORT,ABORT,,ABORT,,,,,False,False,False,False,False,,2,,0.4,True,14,31,5,False,2,2PC_RETRY,22,0.8,6,2,80.0,1.0
ABORT,ABORT,ABORT,ABORT,ABORT,,,,False,False,False,False,False,,2,,0.4,True,13,36,5,False,2,2PC_RETRY,23,0.8,6,0,80.0,1.0
,ABORT,,ABORT,ABORT,,,,False,False,False,False,False,,2,,0.4,True,9,34,5,False,2,2PC_RETRY,24,0.8,6,2,80.0,1.0
,ABORT,ABORT,ABORT,ABORT,,,,False,False,False,False,False,,2,,0.4,True,18,35,5,False,2,2PC_RETRY,25,0.8,6,1,80.0,1.0
ABORT,,ABORT,ABORT,ABORT,,,,False,False,False,False,False,,2,,0.4,True,15,35,5,False,2,2PC_RETRY,26,0.8,6,1,80.0,1.0
ABORT,,ABORT,ABORT,,,,,False,False,False,False,False,,2,,0.4,True,14,38,5,False,2,2PC_RETRY,27,0.8,6,2,80.0,1.0
COMMIT,COMMIT,COMMIT,COMMIT,COMMIT,,,,True,False,True,True,True,COMMIT,2,14.293946397921344,0.4,True,27,36,5,False,2,2PC_RETRY,28,0.8,4,0,80.0,1.0
COMMIT,COMMIT,COMMIT,COMMIT,COMMIT,,,,False,False,False,False,False,,2,,0.4,True,23,37,5,False,2,2PC_RETRY,29,0.8,5,0,80.0,1.0
,ABORT,ABORT,ABORT,ABORT,ABORT,,,False,False,False,False,False,,2,,0.0,True,16,55,8,False,2,2PC_RETRY,0,0.8,6,3,80.0,1.0
ABORT,,,ABORT,,ABORT,,,False,False,False,False,False,,2,,0.0,True,10,55,8,False,2,2PC_RETRY,1,0.8,6,5,80.0,1.0
ABORT,,ABORT,,ABORT,,,,False,False,False,False,False,,2,,0.0,True,18,62,8,False,2,2PC_RETRY,2,0.8,6,5,80.0,1.0
ABORT,ABORT,,ABORT,ABORT,,ABORT,ABORT,False,False,False,False,False,,2,,0.0,True,23,57,8,False,2,2PC_RETRY,3,0.8,6,2,80.0,1.0
ABORT,ABORT,,ABORT,,,,ABORT,False,False,False,False,False,,2,,0.0,True,14,56,8,False,2,2PC_RETRY,4,0.8,6,4,80.0,1.0
,ABORT,ABORT,,ABORT,ABORT,,ABORT,False,False,False,False,False,,2,,0.0,True,11,58,8,False,2,2PC_RETRY,5,0.8,6,3,80.0,1.0
,ABORT,ABORT,ABORT,ABORT,ABORT,ABORT,,False,False,False,False,False,,2,,0.0,True,16,58,8,False,2,2PC_RETRY,6,0.8,6,2,80.0,1.0
,,ABORT,,ABORT,ABORT,ABORT,,False,False,False,False,False,,2,,0.0,True,17,61,8,False,2,2PC_RETRY,7,0.8,6,4,80.0,1.0
ABORT,,ABORT,,,,,ABORT,False,False,False,False,False,,2,,0.0,True,14,59,8,False,2,2PC_RETRY,8,0.8,6,5,80.0,1.0
,ABORT,ABORT,,ABORT,ABORT,,ABORT,False,False,False,False,False,,2,,0.0,True,18,58,8,False,2,2PC_RETRY,9,0.8,6,3,80.0,1.0
,ABORT,,ABORT,ABORT,,ABORT,ABORT,False,False,False,False,False,,2,,0.0,True,12,58,8,False,2,2PC_RETRY,10,0.8,6,3,80.0,1.0
ABORT,ABORT,,ABORT,,ABORT,,,False,False,False,False,False,,2,,0.0,True,15,57,8,False,2,2PC_RETRY,11,0.8,6,4,80.0,1.0
ABORT,,ABORT,ABORT,,ABORT,,ABORT,False,False,False,False,False,,2,,0.0,True,17,60,8,False,2,2PC_RETRY,12,0.8,6,3,80.0,1.0
ABORT,ABORT,,,ABORT,ABORT,ABORT,ABORT,False,False,False,False,False,,2,,0.0,True,14,58,8,False,2,2PC_RETRY,13,0.8,6,2,80.0,1.0
ABORT,,ABORT,,,,,ABORT,False,False,False,False,False,,2,,0.0,True,13,56,8,False,2,2PC_RETRY,14,0.8,6,5,80.0,1.0
,,,ABORT,,ABORT,ABORT,,False,False,False,False,False,,2,,0.0,True,10,56,8,False,2,2PC_RETRY,15,0.8,6,5,80.0,1.0
ABORT,,,,,ABORT,,ABORT,False,False,False,False,False,,2,,0.0,True,10,53,8,False,2,2PC_RETRY,16,0.8,6,5,80.0,1.0
ABORT,,,,ABORT,ABORT,ABORT,ABORT,False,False,False,False,False,,2,,0.0,True,17,59,8,False,2,2PC_RETRY,17,0.8,6,3,80.0,1.0
ABORT,ABORT,ABORT,ABORT,,ABORT,,ABORT,False,False,False,False,False,,2,,0.0,True,19,65,8,False,2,2PC_RETRY,18,0.8,6,2,80.0,1.0
ABORT,,ABORT,ABORT,,ABORT,,ABORT,False,False,False,False,False,,2,,0.0,True,15,59,8,False,2,2PC_RETRY,19,0.8,6,3,80.0,1.0
ABORT,,,,,,ABORT,,False,False,False,False,False,,2,,0.0,True,11,58,8,False,2,2PC_RETRY,20,0.8,6,6,80.0,1.0
,ABORT,,,,,,,False,False,False,False,False,,2,,0.0,True,10,55,8,False,2,2PC_RETRY,21,0.8,6,7,80.0,1.0
,ABORT,ABORT,ABORT,,,ABORT,ABORT,False,False,False,False,False,,2,,0.0,True,17,58,8,False,2,2PC_RETRY,22,0.8,6,3,80.0,1.0
,ABORT,,,,ABORT,ABORT,,False,False,False,False,False,,2,,0.0,True,11,56,8,False,2,2PC_RETRY,23,0.8,6,5,80.0,1.0
ABORT,,ABORT,ABORT,,,,,False,False,False,False,False,,2,,0.0,True,11,57,8,False,2,2PC_RETRY,24,0.8,6,5,80.0,1.0
,,,ABORT,,,,,False,False,False,False,False,,2,,0.0,True,8,52,8,False,2,2PC_RETRY,25,0.8,6,7,80.0,1.0
,,ABORT,ABORT,ABORT,ABORT,ABORT,,False,False,False,False,False,,2,,0.0,True,14,61,8,False,2,2PC_RETRY,26,0.8,6,3,80.0,1.0
,ABORT,,,,,ABORT,ABORT,False,False,False,False,False,,2,,0.0,True,8,56,8,False,2,2PC_RETRY,27,0.8,6,5,80.0,1.0
ABORT,,ABORT,,,,,,False,False,False,False,False,,2,,0.0,True,16,54,8,False,2,2PC_RETRY,28,0.8,6,6,80.0,1.0
ABORT,,ABORT,,ABORT,ABORT,,ABORT,False,False,False,False,False,,2,,0.0,True,16,61,8,False,2,2PC_RETRY,29,0.8,6,3,80.0,1.0
ABORT,ABORT,ABORT,ABORT,ABORT,ABORT,ABORT,ABORT,False,False,False,False,False,,2,,0.1,True,44,63,8,False,2,2PC_RETRY,0,0.8,6,0,80.0,1.0
ABORT,ABORT,ABORT,ABORT,ABORT,ABORT,,,False,False,False,False,False,,2,,0.1,True,35,58,8,False,2,2PC_RETRY,1,0.8,6,2,80.0,1.0
ABORT,ABORT,ABORT,ABORT,ABORT,ABORT,ABORT,ABORT,True,False,True,True,True,ABORT,1,15.814868217308259,0.1,True,39,49,8,False,2,2PC_RETRY,2,0.8,4,0,80.0,1.0
ABORT,ABORT,ABORT,ABORT,ABORT,ABORT,ABORT,,False,False,False,False,False,,2,,0.1,True,41,57,8,False,2,2PC_RETRY,3,0.8,6,1,80.0,1.0
ABORT,ABORT,ABORT,ABORT,ABORT,,ABORT,ABORT,False,False,False,False,False,,2,,0.1,True,36,52,8,False,2,2PC_RETRY,4,0.8,6,1,80.0,1.0
ABORT,ABORT,ABORT,ABORT,ABORT,ABORT,ABORT,ABORT,False,False,False,False,False,,2,,0.1,True,43,69,8,False,2,2PC_RETRY,5,0.8,6,0,80.0,1.0
,ABORT,ABORT,ABORT,ABORT,ABORT,ABORT,ABORT,False,False,False,False,False,,2,,0.1,True,38,57,8,False,2,2PC_RETRY,6,0.8,6,1,80.0,1.0
COMMIT,COMMIT,COMMIT,COMMIT,COMMIT,COMMIT,COMMIT,COMMIT,True,False,True,True,True,COMMIT,2,19.50878451104617,0.1,True,46,59,8,False,2,2PC_RETRY,7,0.8,5,0,80.0,1.0
ABORT,ABORT,ABORT,ABORT,ABORT,,ABORT,ABORT,False,False,False,False,False,,2,,0.1,True,37,57,8,False,2,2PC_RETRY,8,0.8,6,1,80.0,1.0
COMMIT,,COMMIT,COMMIT,COMMIT,COMMIT,COMMIT,COMMIT,False,False,False,False,False,,2,,0.1,True,38,56,8,False,2,2PC_RETRY,9,0.8,5,1,80.0,1.0
ABORT,ABORT,ABORT,ABORT,ABORT,ABORT,ABORT,ABORT,False,False,False,False,False,,2,,0.1,True,43,58,8,False,2,2PC_RETRY,10,0.8,6,0,80.0,1.0
ABORT,ABORT,ABORT,ABORT,,ABORT,ABORT,ABORT,False,False,False,False,False,,2,,0.1,True,39,56,8,False,2,2PC_RETRY,11,0.8,6,1,80.0,1.0
COMMIT,COMMIT,,COMMIT,COMMIT,COMMIT,COMMIT,,False,False,False,False,False,,2,,0.1,True,34,50,8,False,1,2PC_RETRY,12,0.8,4,2,80.0,1.0
COMMIT,COMMIT,COMMIT,COMMIT,COMMIT,COMMIT,COMMIT,COMMIT,False,False,False,False,False,,2,,0.1,True,38,52,8,False,2,2PC_RETRY,13,0.8,5,0,80.0,1.0
ABORT,ABORT,ABORT,ABORT,ABORT,ABORT,ABORT,ABORT,True,False,True,True,True,ABORT,2,16.020000000000003,0.1,True,42,50,8,False,2,2PC_RETRY,14,0.8,5,0,80.0,1.0
ABORT,ABORT,ABORT,ABORT,ABORT,ABORT,ABORT,ABORT,True,False,True,True,True,ABORT,2,20.986617871666805,0.1,True,42,58,8,False,2,2PC_RETRY,15,0.8,6,0,80.0,1.0
COMMIT,COMMIT,COMMIT,COMMIT,COMMIT,COMMIT,COMMIT,COMMIT,False,False,False,False,False,,2,,0.1,True,34,52,8,False,2,2PC_RETRY,16,0.8,5,0,80.0,1.0
ABORT,ABORT,ABORT,ABORT,ABORT,ABORT,ABORT,ABORT,True,False,True,True,True,ABORT,2,22.305272923837965,0.1,True,50,65,8,False,2,2PC_RETRY,17,0.8,6,0,80.0,1.0
,ABORT,ABORT,ABORT,ABORT,ABORT,ABORT,ABORT,False,False,False,False,False,,2,,0.1,True,32,59,8,False,2,2PC_RETRY,18,0.8,6,1,80.0,1.0
ABORT,ABORT,ABORT,ABORT,ABORT,ABORT,ABORT,ABORT,True,False,True,True,True,ABORT,2,24.219765846074825,0.1,True,41,61,8,False,2,2PC_RETRY,19,0.8,6,0,80.0,1.0
COMMIT,COMMIT,COMMIT,COMMIT,COMMIT,COMMIT,COMMIT,COMMIT,False,False,False,False,False,,2,,0.1,True,40,59,8,False,2,2PC_RETRY,20,0.8,5,0,80.0,1.0
ABORT,ABORT,ABORT,ABORT,ABORT,ABORT,ABORT,ABORT,True,False,True,True,True,ABORT,2,21.760062429021126,0.1,True,46,60,8,False,2,2PC_RETRY,21,0.8,6,0,80.0,1.0
ABORT,ABORT,ABORT,ABORT,ABORT,ABORT,ABORT,ABORT,True,False,True,True,True,ABORT,1,15.891985696259374,0.1,True,39,49,8,False,2,2PC_RETRY,22,0.8,4,0,80.0,1.0
ABORT,ABORT,ABORT,ABORT,ABORT,ABORT,ABORT,ABORT,True,False,True,True,True,ABORT,2,19.21173746338879,0.1,True,37,54,8,False,2,2PC_RETRY,23,0.8,6,0,80.0,1.0
ABORT,ABORT,ABORT,ABORT,ABORT,ABORT,ABORT,ABORT,False,False,False,False,False,,2,,0.1,True,38,53,8,False,2,2PC_RETRY,24,0.8,6,0,80.0,1.0
ABORT,ABORT,ABORT,ABORT,ABORT,ABORT,ABORT,ABORT,False,False,False,False,False,,2,,0.1,True,38,58,8,False,2,2PC_RETRY,25,0.8,6,0,80.0,1.0
ABORT,ABORT,,ABORT,ABORT,ABORT,ABORT,ABORT,False,False,False,False,False,,2,,0.1,True,38,57,8,False,2,2PC_RETRY,26,0.8,6,1,80.0,1.0
ABORT,ABORT,ABORT,,ABORT,ABORT,ABORT,ABORT,False,False,False,False,False,,2,,0.1,True,38,53,8,False,2,2PC_RETRY,27,0.8,6,1,80.0,1.0
ABORT,ABORT,ABORT,ABORT,ABORT,ABORT,ABORT,ABORT,True,False,True,True,True,ABORT,2,18.699276244225043,0.1,True,47,60,8,False,2,2PC_RETRY,28,0.8,5,0,80.0,1.0
ABORT,ABORT,ABORT,ABORT,ABORT,ABORT,ABORT,ABORT,True,False,True,True,True,ABORT,2,19.2963810118873,0.1,True,42,53,8,False,2,2PC_RETRY,29,0.8,6,0,80.0,1.0
ABORT,ABORT,ABORT,ABORT,ABORT,ABORT,ABORT,ABORT,False,False,False,False,False,,2,,0.2,True,46,65,8,False,2,2PC_RETRY,0,0.8,6,0,80.0,1.0
ABORT,,,ABORT,ABORT,ABORT,ABORT,ABORT,False,False,False,False,False,,2,,0.2,True,33,59,8,False,2,2PC_RETRY,1,0.8,6,2,80.0,1.0
ABORT,ABORT,,ABORT,ABORT,ABORT,ABORT,ABORT,False,False,False,False,False,,2,,0.2,True,35,52,8,False,2,2PC_RETRY,2,0.8,6,1,80.0,1.0
ABORT,ABORT,ABORT,ABORT,ABORT,ABORT,ABORT,ABORT,False,False,False,False,False,,2,,0.2,True,45,62,8,False,2,2PC_RETRY,3,0.8,6,0,80.0,1.0
ABORT,ABORT,ABORT,ABORT,ABORT,ABORT,ABORT,ABORT,False,False,False,False,False,,2,,0.2,True,36,56,8,False,2,2PC_RETRY,4,0.8,6,0,80.0,1.0
ABORT,ABORT,ABORT,ABORT,ABORT,ABORT,,ABORT,False,False,False,False,False,,2,,0.2,True,33,64,8,False,2,2PC_RETRY,5,0.8,6,1,80.0,1.0
,ABORT,ABORT,ABORT,ABORT,ABORT,ABORT,ABORT,False,False,False,False,False,,2,,0.2,True,39,63,8,False,2,2PC_RETRY,6,0.8,6,1,80.0,1.0
COMMIT,COMMIT,,COMMIT,COMMIT,COMMIT,COMMIT,COMMIT,False,False,False,False,False,,2,,0.2,True,33,53,8,False,2,2PC_RETRY,7,0.8,5,1,80.0,1.0
ABORT,ABORT,ABORT,ABORT,ABORT,ABORT,ABORT,ABORT,False,False,False,False,False,,2,,0.2,True,37,60,8,False,2,2PC_RETRY,8,0.8,6,0,80.0,1.0
ABORT,ABORT,ABORT,ABORT,,ABORT,ABORT,ABORT,False,False,False,False,False,,2,,0.2,True,30,60,8,False,2,2PC_RETRY,9,0.8,6,1,80.0,1.0
COMMIT,COMMIT,COMMIT,COMMIT,COMMIT,COMMIT,COMMIT,COMMIT,False,False,False,False,False,,2,,0.2,True,39,52,8,False,2,2PC_RETRY,10,0.8,5,0,80.0,1.0
ABORT,ABORT,ABORT,ABORT,ABORT,ABORT,ABORT,ABORT,False,False,False,False,False,,2,,0.2,True,33,67,8,False,2,2PC_RETRY,11,0.8,6,0,80.0,1.0
ABORT,ABORT,ABORT,ABORT,ABORT,ABORT,ABORT,ABORT,True,False,True,True,True,ABORT,2,21.076549366502952,0.2,True,38,54,8,False,2,2PC_RETRY,12,0.8,6,0,80.0,1.0
COMMIT,COMMIT,COMMIT,COMMIT,COMMIT,COMMIT,COMMIT,COMMIT,False,False,False,False,False,,2,,0.2,True,45,61,8,False,2,2PC_RETRY,13,0.8,5,0,80.0,1.0
ABORT,ABORT,ABORT,ABORT,ABORT,ABORT,ABORT,ABORT,True,False,True,True,True,ABORT,2,20.84118747583641,0.2,True,42,58,8,False,2,2PC_RETRY,14,0.8,6,0,80.0,1.0
ABORT,ABORT,ABORT,ABORT,ABORT,ABORT,ABORT,ABORT,False,False,False,False,False,,2,,0.2,True,31,54,8,False,2,2PC_RETRY,15,0.8,6,0,80.0,1.0
ABORT,,ABORT,,ABORT,ABORT,ABORT,ABORT,False,False,False,False,False,,2,,0.2,True,29,45,8,False,2,2PC_RETRY,16,0.8,6,2,80.0,1.0
ABORT,,ABORT,ABORT,ABORT,ABORT,ABORT,ABORT,False,False,False,False,False,,2,,0.2,True,39,61,8,False,2,2PC_RETRY,17,0.8,6,1,80.0,1.0
ABORT,ABORT,ABORT,ABORT,ABORT,ABORT,ABORT,ABORT,False,False,False,False,False,,2,,0.2,True,42,66,8,False,2,2PC_RETRY,18,0.8,6,0,80.0,1.0
ABORT,ABORT,ABORT,ABORT,ABORT,ABORT,ABORT,,False,False,False,False,False,,2,,0.2,True,51,74,8,False,2,2PC_RETRY,19,0.8,6,1,80.0,1.0
ABORT,ABORT,ABORT,ABORT,ABORT,ABORT,ABORT,ABORT,True,False,True,True,True,ABORT,2,19.21702125757876,0.2,True,40,58,8,False,2,2PC_RETRY,20,0.8,6,0,80.0,1.0
ABORT,,ABORT,ABORT,ABORT,ABORT,ABORT,ABORT,False,False,False,False,False,,2,,0.2,True,44,65,8,False,2,2PC_RETRY,21,0.8,6,1,80.0,1.0
ABORT,ABORT,ABORT,ABORT,,ABORT,,ABORT,False,False,False,False,False,,2,,0.2,True,31,52,8,False,2,2PC_RETRY,22,0.8,6,2,80.0,1.0
ABORT,ABORT,ABORT,ABORT,ABORT,ABORT,ABORT,ABORT,False,False,False,False,False,,2,,0.2,True,42,64,8,False,2,2PC_RETRY,23,0.8,6,0,80.0,1.0
ABORT,ABORT,ABORT,ABORT,,ABORT,,ABORT,False,False,False,False,False,,2,,0.2,True,35,66,8,False,2,2PC_RETRY,24,0.8,6,2,80.0,1.0
ABORT,ABORT,ABORT,ABORT,ABORT,,ABORT,ABORT,False,False,False,False,False,,2,,0.2,True,36,57,8,False,2,2PC_RETRY,25,0.8,6,1,80.0,1.0
ABORT,ABORT,ABORT,ABORT,ABORT,ABORT,ABORT,ABORT,False,False,False,False,False,,2,,0.2,True,38,64,8,False,2,2PC_RETRY,26,0.8,6,0,80.0,1.0
ABORT,ABORT,ABORT,,ABORT,ABORT,ABORT,ABORT,False,False,False,False,False,,2,,0.2,True,38,53,8,False,2,2PC_RETRY,27,0.8,6,1,80.0,1.0
ABORT,,ABORT,ABORT,ABORT,ABORT,ABORT,ABORT,False,False,False,False,False,,2,,0.2,True,38,62,8,False,2,2PC_RETRY,28,0.8,6,1,80.0,1.0
ABORT,ABORT,ABORT,ABORT,ABORT,ABORT,,ABORT,False,False,False,False,False,,2,,0.2,True,32,54,8,False,2,2PC_RETRY,29,0.8,6,1,80.0,1.0
ABORT,ABORT,ABORT,,ABORT,ABORT,ABORT,ABORT,False,False,False,False,False,,2,,0.3,True,32,64,8,False,2,2PC_RETRY,0,0.8,6,1,80.0,1.0
ABORT,ABORT,ABORT,ABORT,,ABORT,,ABORT,False,False,False,False,False,,2,,0.3,True,34,63,8,False,2,2PC_RETRY,1,0.8,6,2,80.0,1.0
ABORT,,ABORT,ABORT,ABORT,ABORT,ABORT,ABORT,False,False,False,False,False,,2,,0.3,True,25,58,8,False,2,2PC_RETRY,2,0.8,6,1,80.0,1.0
ABORT,ABORT,ABORT,ABORT,ABORT,ABORT,,ABORT,False,False,False,False,False,,2,,0.3,True,40,69,8,False,2,2PC_RETRY,3,0.8,6,1,80.0,1.0
ABORT,,ABORT,ABORT,,ABORT,,ABORT,False,False,False,False,False,,2,,0.3,True,27,53,8,False,2,2PC_RETRY,4,0.8,6,3,80.0,1.0
ABORT,ABORT,ABORT,,ABORT,ABORT,ABORT,ABORT,False,False,False,False,False,,2,,0.3,True,38,62,8,False,2,2PC_RETRY,5,0.8,6,1,80.0,1.0
,ABORT,ABORT,ABORT,ABORT,ABORT,ABORT,ABORT,False,False,False,False,False,,2,,0.3,True,42,68,8,False,2,2PC_RETRY,6,0.8,6,1,80.0,1.0
ABORT,,ABORT,ABORT,ABORT,,ABORT,ABORT,False,False,False,False,False,,2,,0.3,True,32,65,8,False,2,2PC_RETRY,7,0.8,6,2,80.0,1.0
ABORT,,ABORT,ABORT,ABORT,ABORT,,ABORT,False,False,False,False,False,,2,,0.3,True,28,60,8,False,2,2PC_RETRY,8,0.8,6,2,80.0,1.0
ABORT,ABORT,ABORT,ABORT,ABORT,,ABORT,ABORT,False,False,False,False,False,,2,,0.3,True,30,60,8,False,2,2PC_RETRY,9,0.8,6,1,80.0,1.0
ABORT,ABORT,ABORT,ABORT,ABORT,ABORT,ABORT,ABORT,False,False,False,False,False,,2,,0.3,True,47,61,8,False,2,2PC_RETRY,10,0.8,6,0,80.0,1.0
,ABORT,ABORT,ABORT,ABORT,ABORT,ABORT,,False,False,False,False,False,,2,,0.3,True,32,64,8,False,2,2PC_RETRY,11,0.8,6,2,80.0,1.0
ABORT,ABORT,ABORT,ABORT,ABORT,ABORT,ABORT,ABORT,False,False,False,False,False,,2,,0.3,True,32,55,8,False,2,2PC_RETRY,12,0.8,6,0,80.0,1.0
ABORT,ABORT,ABORT,ABORT,ABORT,ABORT,ABORT,ABORT,False,False,False,False,False,,2,,0.3,True,29,53,8,False,2,2PC_RETRY,13,0.8,6,0,80.0,1.0
ABORT,ABORT,ABORT,ABORT,ABORT,,ABORT,ABORT,False,False,False,False,False,,2,,0.3,True,28,54,8,False,2,2PC_RETRY,14,0.8,6,1,80.0,1.0
ABORT,ABORT,ABORT,ABORT,ABORT,ABORT,ABORT,ABORT,False,False,False,False,False,,2,,0.3,True,32,58,8,False,2,2PC_RETRY,15,0.8,6,0,80.0,1.0
,ABORT,ABORT,ABORT,ABORT,ABORT,ABORT,ABORT,False,False,False,False,False,,2,,0.3,True,37,62,8,False,2,2PC_RETRY,16,0.8,6,1,80.0,1.0
ABORT,ABORT,ABORT,,ABORT,ABORT,ABORT,ABORT,False,False,False,False,False,,2,,0.3,True,31,60,8,False,2,2PC_RETRY,17,0.8,6,1,80.0,1.0
ABORT,ABORT,,ABORT,ABORT,ABORT,ABORT,ABORT,False,False,False,False,False,,2,,0.3,True,38,67,8,False,2,2PC_RETRY,18,0.8,6,1,80.0,1.0
ABORT,ABORT,ABORT,ABORT,,ABORT,ABORT,ABORT,False,False,False,False,False,,2,,0.3,True,38,62,8,False,2,2PC_RETRY,19,0.8,6,1,80.0,1.0
ABORT,ABORT,ABORT,ABORT,ABORT,ABORT,ABORT,ABORT,False,False,False,False,False,,2,,0.3,True,34,65,8,False,2,2PC_RETRY,20,0.8,6,0,80.0,1.0
ABORT,ABORT,ABORT,ABORT,ABORT,ABORT,ABORT,ABORT,False,False,False,False,False,,2,,0.3,True,35,65,8,False,2,2PC_RETRY,21,0.8,6,0,80.0,1.0
ABORT,ABORT,ABORT,,,ABORT,ABORT,ABORT,False,False,False,False,False,,2,,0.3,True,24,54,8,False,2,2PC_RETRY,22,0.8,6,2,80.0,1.0
ABORT,ABORT,ABORT,ABORT,ABORT,ABORT,ABORT,,False,False,False,False,False,,2,,0.3,True,36,65,8,False,2,2PC_RETRY,23,0.8,6,1,80.0,1.0
ABORT,ABORT,ABORT,,ABORT,ABORT,ABORT,ABORT,False,False,False,False,False,,2,,0.3,True,35,71,8,False,2,2PC_RETRY,24,0.8,6,1,80.0,1.0
,COMMIT,COMMIT,,,COMMIT,COMMIT,COMMIT,False,False,False,False,False,,2,,0.3,True,25,53,8,False,2,2PC_RETRY,25,0.8,5,3,80.0,1.0
ABORT,ABORT,ABORT,ABORT,ABORT,ABORT,,ABORT,False,False,False,False,False,,2,,0.3,True,26,62,8,False,2,2PC_RETRY,26,0.8,6,1,80.0,1.0
,,ABORT,ABORT,,ABORT,ABORT,ABORT,False,False,False,False,False,,2,,0.3,True,24,52,8,False,2,2PC_RETRY,27,0.8,6,3,80.0,1.0
ABORT,ABORT,ABORT,ABORT,ABORT,,ABORT,,False,False,False,False,False,,2,,0.3,True,28,58,8,False,2,2PC_RETRY,28,0.8,6,2,80.0,1.0
ABORT,ABORT,ABORT,ABORT,ABORT,,ABORT,,False,False,False,False,False,,2,,0.3,True,21,57,8,False,2,2PC_RETRY,29,0.8,6,2,80.0,1.0
,ABORT,ABORT,ABORT,ABORT,ABORT,ABORT,ABORT,False,False,False,False,False,,2,,0.4,True,29,63,8,False,2,2PC_RETRY,0,0.8,6,1,80.0,1.0
ABORT,ABORT,ABORT,ABORT,,ABORT,ABORT,,False,False,False,False,False,,2,,0.4,True,31,64,8,False,2,2PC_RETRY,1,0.8,6,2,80.0,1.0
ABORT,,ABORT,ABORT,ABORT,ABORT,ABORT,ABORT,False,False,False,False,False,,2,,0.4,True,29,66,8,False,2,2PC_RETRY,2,0.8,6,1,80.0,1.0
,ABORT,ABORT,ABORT,ABORT,ABORT,ABORT,ABORT,False,False,False,False,False,,2,,0.4,True,34,62,8,False,2,2PC_RETRY,3,0.8,6,1,80.0,1.0
ABORT,ABORT,ABORT,,,ABORT,,ABORT,False,False,False,False,False,,2,,0.4,True,25,54,8,False,2,2PC_RETRY,4,0.8,6,3,80.0,1.0
ABORT,ABORT,ABORT,ABORT,ABORT,ABORT,ABORT,ABORT,False,False,False,False,False,,2,,0.4,True,20,58,8,False,2,2PC_RETRY,5,0.8,6,0,80.0,1.0
,ABORT,,ABORT,ABORT,ABORT,ABORT,ABORT,False,False,False,False,False,,2,,0.4,True,20,57,8,False,2,2PC_RETRY,6,0.8,6,2,80.0,1.0
ABORT,ABORT,ABORT,ABORT,ABORT,ABORT,ABORT,ABORT,False,False,False,False,False,,2,,0.4,True,36,66,8,False,2,2PC_RETRY,7,0.8,6,0,80.0,1.0
ABORT,,ABORT,ABORT,ABORT,ABORT,,ABORT,False,False,False,False,False,,2,,0.4,True,26,61,8,False,2,2PC_RETRY,8,0.8,6,2,80.0,1.0
ABORT,ABORT,ABORT,ABORT,ABORT,ABORT,ABORT,ABORT,False,False,False,False,False,,2,,0.4,True,38,70,8,False,2,2PC_RETRY,9,0.8,6,0,80.0,1.0
ABORT,ABORT,ABORT,ABORT,ABORT,ABORT,ABORT,ABORT,False,False,False,False,False,,2,,0.4,True,35,58,8,False,2,2PC_RETRY,10,0.8,6,0,80.0,1.0
ABORT,,ABORT,,ABORT,ABORT,ABORT,,False,False,False,False,False,,2,,0.4,True,22,59,8,False,2,2PC_RETRY,11,0.8,6,3,80.0,1.0
ABORT,,ABORT,ABORT,ABORT,ABORT,,ABORT,False,False,False,False,False,,2,,0.4,True,23,54,8,False,2,2PC_RETRY,12,0.8,6,2,80.0,1.0
ABORT,ABORT,,ABORT,ABORT,ABORT,,ABORT,False,False,False,False,False,,2,,0.4,True,29,64,8,False,2,2PC_RETRY,13,0.8,6,2,80.0,1.0
ABORT,,ABORT,ABORT,ABORT,ABORT,ABORT,ABORT,False,False,False,False,False,,2,,0.4,True,25,56,8,False,2,2PC_RETRY,14,0.8,6,1,80.0,1.0
ABORT,ABORT,ABORT,,,,ABORT,ABORT,False,False,False,False,False,,2,,0.4,True,24,54,8,False,2,2PC_RETRY,15,0.8,6,3,80.0,1.0
ABORT,ABORT,ABORT,ABORT,ABORT,ABORT,ABORT,,False,False,False,False,False,,2,,0.4,True,26,62,8,False,2,2PC_RETRY,16,0.8,6,1,80.0,1.0
ABORT,ABORT,,ABORT,ABORT,ABORT,ABORT,ABORT,False,False,False,False,False,,2,,0.4,True,35,62,8,False,2,2PC_RETRY,17,0.8,6,1,80.0,1.0
ABORT,ABORT,,ABORT,ABORT,ABORT,ABORT,,False,False,False,False,False,,2,,0.4,True,30,62,8,False,2,2PC_RETRY,18,0.8,6,2,80.0,1.0
ABORT,ABORT,ABORT,ABORT,ABORT,ABORT,ABORT,,False,False,False,False,False,,2,,0.4,True,32,63,8,False,2,2PC_RETRY,19,0.8,6,1,80.0,1.0
ABORT,ABORT,ABORT,ABORT,,ABORT,,,False,False,False,False,False,,2,,0.4,True,25,61,8,False,2,2PC_RETRY,20,0.8,6,3,80.0,1.0
ABORT,ABORT,,,,ABORT,ABORT,,False,False,False,False,False,,2,,0.4,True,26,59,8,False,2,2PC_RETRY,21,0.8,6,4,80.0,1.0
,ABORT,ABORT,ABORT,ABORT,ABORT,,,False,False,False,False,False,,2,,0.4,True,26,59,8,False,2,2PC_RETRY,22,0.8,6,3,80.0,1.0
ABORT,ABORT,ABORT,ABORT,ABORT,ABORT,ABORT,ABORT,False,False,False,False,False,,2,,0.4,True,32,69,8,False,2,2PC_RETRY,23,0.8,6,0,80.0,1.0
ABORT,ABORT,ABORT,ABORT,,ABORT,,ABORT,False,False,False,False,False,,2,,0.4,True,24,62,8,False,2,2PC_RETRY,24,0.8,6,2,80.0,1.0
,ABORT,ABORT,ABORT,ABORT,,ABORT,ABORT,False,False,False,False,False,,2,,0.4,True,30,57,8,False,2,2PC_RETRY,25,0.8,6,2,80.0,1.0
ABORT,ABORT,ABORT,ABORT,ABORT,ABORT,ABORT,,False,False,False,False,False,,2,,0.4,True,31,58,8,False,2,2PC_RETRY,26,0.8,6,1,80.0,1.0
ABORT,ABORT,ABORT,ABORT,ABORT,ABORT,ABORT,ABORT,False,False,False,False,False,,2,,0.4,True,39,65,8,False,2,2PC_RETRY,27,0.8,6,0,80.0,1.0
ABORT,,ABORT,ABORT,,ABORT,ABORT,,False,False,False,False,False,,2,,0.4,True,21,54,8,False,2,2PC_RETRY,28,0.8,6,3,80.0,1.0
ABORT,,ABORT,ABORT,ABORT,,ABORT,ABORT,False,False,False,False,False,,2,,0.4,True,18,55,8,False,2,2PC_RETRY,29,0.8,6,2,80.0,1.0
